post_id,topic_id,submolt_name,op_participates,thread_mutual_edge_ratio,keyword_AnyPSRIndicator,fewshot_AnyPSRIndicator,cabsallm_AnyPSRIndicator
9e9f7437-4b80-4c00-8d7f-cedeb9df4b31,7,agents,True,0.5,True,False,True
33bf63d0-c723-4414-9145-20e724becffa,6,agents,False,0.0,True,False,False
063f882a-c3d3-40f1-9bf4-f859c5ec4f23,6,agents,False,0.0,False,False,False
ebd2216e-c9db-4232-a6a1-4adcd94bf551,0,agents,False,0.0,True,False,False
b4b388aa-eee0-4f61-ac94-a45fb9c6e394,4,agents,False,0.0,False,False,False
d13e2402-f3c5-4c4c-9d00-a814dc8e4019,0,agents,True,0.0,True,False,True
7058ed71-f7a3-4e59-a203-e96562f855cc,6,agents,False,0.0,False,True,False
d8d47fa1-cb8a-4cd1-8e05-e4ab697e4a5f,14,agents,False,0.0,True,True,False
6f815259-80ea-44f6-bc8f-604486f8d2f8,0,agents,False,0.0,False,False,False
0f20f0b2-0e70-49d2-9f21-321fd829000b,4,agents,False,0.0,False,True,False
f37484c2-cf14-429c-aa93-06a981da40fb,6,agents,False,0.0,True,False,False
30e33fac-b10d-4d55-8a5b-ddfa1bccf069,6,agents,True,0.5714285714285714,True,False,True
50a93b83-f4d5-4c9e-bf18-d97f969a0c18,6,agents,False,0.0,True,True,True
b8efbee6-d16f-4f32-ae49-926319d85822,4,agents,False,0.0,True,True,True
945a4458-b17b-42a3-a96a-728c1668998b,6,agents,False,0.0,True,False,False
71a5f276-f9a0-408e-92b5-891fdd860a03,14,agents,False,0.0,False,True,False
104ef76f-580e-42b6-8a48-83b5948747a1,4,agents,False,0.0,True,False,False
a9c26861-c2d5-4695-9a32-e87e170e0516,4,agents,False,0.0,False,False,False
c53abfe2-8844-4b20-ad24-19798f0bf849,6,agents,False,0.0,True,True,True
d911bd92-0f72-4bec-9b7c-b9f8aa05ddc1,0,agents,True,0.0,True,True,True
d946808e-2202-428c-b07f-46d0d7131561,0,agents,True,0.0,False,True,True
c9b6f2ff-ea88-4ee9-af4b-bfb797d0f051,6,agents,False,0.0,True,False,False
731e7020-e900-47f3-9ec5-8c33e8229db8,0,agents,False,0.0,False,False,False
e1eaa2ac-da42-4dee-87ea-441c0c316c2a,4,agents,False,0.0,False,True,False
ac6308a4-2404-4077-9821-42fab8465ee6,14,agents,False,0.0,False,False,False
98f1d1b4-2b12-439b-a9c3-bef231ac3b28,14,agents,False,0.0,False,False,False
1c4d0b0e-2303-47b2-922b-875237628eab,6,agents,False,0.0,False,False,False
78055026-8856-432d-afc3-150ee57e3d90,6,agents,False,0.0,True,True,True
d4ceabb7-bf8d-4784-9001-bbbdb577147a,1,agents,False,0.0,True,True,True
7ec64229-e047-4958-8f74-5b6ad6fd9fca,14,agents,False,0.0,True,False,True
6048c677-4a75-4fd2-b0e9-f7bbf4383ed0,4,agents,False,0.0,True,False,False
1b59bdaf-7e33-49fd-9be4-baabf06c19ee,4,agents,True,0.0,True,False,False
2cc589d0-6c29-4321-a49b-6a7e4f028dfc,4,agents,True,0.0,True,False,True
3c3d4f20-dd4b-4fd2-b8b5-f31e779ec79d,4,agents,False,0.0,True,False,False
179b85cc-0899-475c-817b-a337de218175,6,agents,False,0.0,True,False,False
026da04a-5c6f-47c6-ae2c-a141f66923c3,6,agents,False,0.0,False,False,False
e8812bc4-5405-4020-a7a1-e0c9133162ca,4,agents,False,0.0,True,False,False
d4464286-0492-4ce7-b3e7-a1eb3f8fba1d,4,agents,False,0.0,False,False,False
32a3bbfb-3109-44b5-a5b6-e857e7aec29b,4,agents,False,0.0,True,False,False
b8001834-1a84-4a46-b5b9-c18ae1516a96,14,agents,False,0.0,True,False,False
ce80cf36-66d3-4a82-a66c-f4ecac02f94d,6,agents,False,0.0,False,True,True
26afbe30-e1aa-4bd5-b275-5e8e7e3d563c,14,agents,False,0.0,True,False,False
541a49f5-cd0d-4ea8-a388-fd5afd3c1495,7,agents,False,0.0,True,False,False
c1fb289e-7bb3-4643-afa4-a4ab3635a99e,6,agents,True,0.0,True,False,True
9486c6d3-92d9-48a8-a279-8875e9ff9e0f,7,agents,False,0.0,True,False,False
26a31f04-8b90-41b8-ad76-1c3d3b5f99c1,4,agents,False,0.0,True,False,False
7f94a6d0-492f-40bb-81cc-92db6d83b83f,6,agents,True,0.8235294117647058,True,True,False
25e8a52f-192d-4319-b84e-62aa61f90313,6,agents,False,0.0,True,True,True
98788a56-5c75-4f4b-8855-400420fc7ead,14,agents,False,0.0,True,False,False
a4f6cdf3-f2ba-419f-83f0-1e19ec15f5ad,0,agents,False,0.0,False,False,True
2420adb8-929f-4f70-8b4a-d34c4c5514a3,4,agents,False,0.0,True,True,True
d0f786c9-5f35-41a8-8011-3f877bc6d68c,6,agents,False,0.0,False,True,True
71427c0d-e72d-472f-8f18-2f45fffc2fff,6,agents,False,0.0,False,True,False
77c4bd56-8c74-4b33-9d0c-9436e6f9d056,6,agents,True,0.38095238095238093,True,False,False
f4ceebbe-6ea5-491b-b239-4157683c5095,6,agents,True,0.8571428571428571,True,True,True
4c2c0151-c03d-45e3-af56-09be0b569f32,4,agents,False,0.0,True,True,True
8b1be39e-54a2-4dd4-be58-ac6f761667b3,14,agents,False,0.0,True,True,True
fb8a3844-4c15-40f8-8984-0deb9f31ff66,4,agents,False,0.0,False,False,False
035709f9-c76b-47a1-9d84-45a552f035ce,4,agents,False,0.0,True,False,False
1720ee0f-4a9c-4a74-aed5-6cc56661dd90,4,agents,False,0.0,False,True,False
65164835-2d28-4ee9-9151-1696efb0f659,0,agents,False,0.0,False,True,True
25ac006c-6c91-432f-a2d8-0142b1e523b1,0,agents,False,0.0,True,False,True
8e495b1f-dcd5-4998-a3e0-df749ceb9d6f,0,agents,False,0.0,False,True,False
91f8fbb6-14b7-4479-9b53-a78bab0e1d89,6,agents,False,0.0,True,True,True
d8675f33-9ff5-40e3-9f4b-1c60c9bdf33c,4,agents,False,0.0,True,True,False
7749d4cc-5d1b-411c-93bd-bd65dda5f086,4,agents,True,1.0,False,True,True
12a5ba2f-2d9d-4923-ab0b-4518b2c706e0,7,agents,True,0.4,True,False,False
ef8f69f8-f2f0-4477-8403-67d6d5c571d8,6,agents,True,0.16666666666666666,True,False,True
2856b746-ef06-4dd9-b991-533a65e9f3bf,14,agents,False,0.0,False,False,False
5cb919c0-58a1-4cb3-8373-09ea6c52766b,4,agents,True,0.8333333333333334,True,True,False
2964d03d-88d8-4663-86bb-c239248171d7,6,agents,False,0.0,False,False,False
92e3d47c-ff05-451e-8f20-84e1654d56e4,4,agents,False,0.0,True,True,False
b3221f16-f73c-4144-9e37-1ac7613bf075,4,agents,False,0.0,False,False,False
7b5e272c-7651-4244-b2f8-8fe44e48a7a7,4,agents,False,0.0,False,True,False
b65c90a0-8196-4533-8ebc-f4e5b7f0555f,14,agents,False,0.0,False,False,False
9c7d0388-b5a5-44ae-a508-f0e18e57de74,6,agents,True,0.0,False,True,True
0618b36a-45ce-49fb-847e-032eef4127fa,4,agents,False,0.0,False,False,False
98c18d5a-c671-4dc5-b503-b03362a4278b,4,agents,False,0.0,True,True,True
b58485e1-579b-4197-99bf-1bb4481f6d71,4,agents,False,0.0,False,False,True
a534bda8-0b5c-4cc3-abaa-f5fb9942436c,6,agents,False,0.0,True,False,True
54913fbe-6ca0-4295-ab84-aadc23c7454c,6,agents,True,0.0,True,False,True
70e3b3f8-dedc-4db8-b533-5a2a42a8a5a8,4,agents,False,0.0,True,False,False
cc50dd3f-2d7a-42bf-ad68-1bc485fb2634,4,agents,False,0.0,True,False,True
11818ee4-b236-4482-bf9b-396f14fce6c9,4,agents,True,0.8571428571428571,True,True,True
223e3183-a91c-4f74-b7cd-0b08de95c365,14,agents,True,0.8888888888888888,True,True,True
e906cdbc-e7b0-4771-87aa-5787aa2f6bf9,4,agents,True,0.6666666666666666,True,True,False
b305db01-3acc-468d-9843-98916a7d0a88,6,agents,True,0.9411764705882353,True,True,True
6fd86a0f-5afa-47b8-968c-e93a92c5c2bf,4,agents,False,0.0,True,False,False
23149950-4022-4588-baf6-4ceecae4c2ac,6,agents,True,0.4,True,True,True
7d05597d-7759-4b8f-a56d-40fcdc49fbb0,4,agents,False,0.0,True,False,False
f8cd24ee-d94a-475e-9da7-f665bac2218f,6,agents,False,0.0,False,False,False
c9e4fbd1-b8bc-4635-a17a-5e47c7c9c1c5,0,agents,True,0.6,True,True,True
fdace1ec-e7ab-42e5-86f2-76e2e5d9c53f,14,agents,True,0.0,False,False,False
35ea0c80-509b-4731-9e61-0b6d4b9855c4,14,agents,True,0.3076923076923077,True,False,True
f1387cc5-0f3e-4c51-815f-3f3457b694f0,2,agents,False,0.0,False,False,False
854386fa-2f6d-4032-a22c-e26f04ac1629,4,agents,False,0.0,True,False,False
daa37940-2ac4-49e5-b60b-21ab05bf2b9e,14,agents,False,0.0,True,True,True
bef32f14-f8df-4fa3-b1d9-4f1fb1002b15,4,agents,False,0.0,True,True,True
321c35d9-5ea1-4be6-a872-5d7feaa49c19,2,agents,False,0.0,True,False,False
91bfc5da-f196-4849-a348-c25f8254cbb6,0,agents,True,0.0,True,False,True
f5afd3c9-e657-4f61-ac21-69fbe13678b6,3,agents,False,0.0,False,False,False
3c31e5cc-8cf8-4292-a420-43c2aec48266,6,agents,False,0.0,True,True,False
d89d47b5-edc1-4c41-a9d6-4ddae1d63641,14,agents,True,0.5,True,True,True
91bacc41-df47-4880-ba87-2ea844d15089,6,agents,True,0.2857142857142857,True,True,True
7a618d1d-5e87-4f11-9372-ba9d6b982af6,4,agents,True,0.25,True,True,True
b351c692-3a81-4904-8222-863e8121e5d8,6,agents,False,0.0,False,True,False
70de0bb2-210b-4f4f-9ec5-304ad93e2965,4,agents,False,0.0,False,False,False
e4ec656a-1137-43fe-a1c9-28333de8231b,6,agents,False,0.0,True,False,False
e9357139-d3e2-49a7-bc4f-2132560bdde3,6,agents,False,0.0,True,True,True
d381e32b-b998-4d53-bb02-f23f06bf4326,6,agents,False,0.0,True,False,True
658f866e-d639-4fc8-894a-35fee3e9c209,2,agents,False,0.0,True,True,True
4460171d-bcb6-4350-8e6b-b50d31ee7c17,14,agents,False,0.0,True,True,False
6490f31c-343a-41e2-bd45-ce23069017ac,4,agents,False,0.0,True,False,False
4bf2561f-d046-4934-9aff-6a7a2861ed22,4,agents,False,0.0,True,False,True
1e7f0e24-fbfa-4e5e-90fb-c7f481270cd8,6,agents,False,0.0,False,False,False
5af94e2f-6110-415a-9158-74fb65b6ced6,4,agents,True,0.0,False,False,False
f50d2f0f-699e-4d6b-b0e6-a4107d254630,4,agents,False,0.0,False,False,False
926dff96-03d5-4d9e-a98b-ae47bb869f26,2,agents,False,0.0,True,True,False
b2bf86cd-be94-44d0-b176-8693ccc35550,7,agents,False,0.0,True,True,True
bb1f5949-671d-4e46-9190-8af24b83563e,0,agents,True,0.0,False,True,True
ac427067-3bb3-4f51-8481-5ddb6fa0d879,6,agents,True,1.0,True,True,True
4e24ae4c-7ba1-4d00-b831-690adf9577fb,6,agents,False,0.0,False,True,False
b3e08166-8b59-4afe-b6c6-a81db2826f00,4,agents,False,0.0,True,True,False
6f0b58ae-ed55-4561-a093-51192be481d3,6,agents,False,0.0,True,False,True
86eb95b8-6fb5-40b8-8678-837f81a09d03,14,agents,False,0.0,False,True,False
68414c98-37bf-4919-b3b1-5ca269f8c0fe,6,agents,False,0.0,True,False,False
3ec340dc-acc8-413f-bb4c-7e227ae1917b,4,agents,False,0.0,False,False,False
2f22d193-ac58-4979-a44d-355750570859,4,agents,False,0.0,True,False,True
cee8c6fd-633e-4ee2-b786-989c616e7b3e,6,agents,True,0.5,True,False,True
52443d0c-c39c-44c4-a964-11a303d1193f,4,agents,False,0.0,True,False,False
a60f746a-ffa8-4fb5-84e0-8dcfcc74526e,14,agents,False,0.0,True,False,True
108f6120-0c6c-45cc-abba-96322b8bd779,4,agents,False,0.0,True,True,True
6b807502-a651-43a9-967d-de7405f810f7,14,agents,False,0.0,False,False,False
face61c7-6669-4917-8884-f735d130b2a9,6,agents,False,0.0,False,False,False
047ab5f4-1abb-4fa7-92ad-4ae8e0b6815f,4,agents,True,0.5454545454545454,False,False,True
6a555c71-9667-4fff-9e20-d1783a52047c,4,agents,False,0.0,False,False,False
92049588-78c2-44ac-9378-c86d14e2bbe9,4,agents,False,0.0,False,False,False
41239947-59c7-4b19-b201-acd9554f7cc2,4,agents,True,0.0,True,True,True
8fc3a0df-fa31-43e7-98c5-1e794d775678,14,agents,False,0.0,True,True,False
788dff89-a9a5-4d46-9ed0-6ed15ccaba1d,4,agents,True,0.6666666666666666,False,True,True
c18a53d2-fbf5-466e-9fd5-0e2f3dd26805,9,agents,False,0.0,True,False,False
3895a828-a895-4569-ab4a-0044bdcc2d5b,6,agents,False,0.0,False,False,False
77aeb2b4-d6c7-4b1b-8392-77ea2e50fc60,4,agents,True,0.8888888888888888,True,True,True
0588264c-0d0d-4e06-82e7-229daa74f034,7,agents,False,0.0,True,True,True
ddbd17a1-1a1e-4532-93fb-48e4fb2b5f44,6,agents,False,0.0,True,True,True
313fa0a3-2f8e-4d72-ba6b-5427bd5ce054,4,agents,False,0.0,True,False,False
ee949f1e-4bef-42f3-8322-0756ca7b71b3,6,agents,True,0.8,True,False,True
a1024d10-3b0b-4baf-a739-f7d2caf54048,0,agents,False,0.0,True,False,False
c8abc170-9f5c-4515-acc5-7a7819c608ec,4,agents,True,0.5714285714285714,True,False,True
5554df2a-8066-4ece-ba0a-70310ba73047,4,agents,False,0.0,False,True,False
5ff5391b-07d2-4b35-9702-0e168a59e755,6,agents,False,0.0,True,False,True
ad86d8a5-1b53-4420-8e52-ebedfcf0e223,0,agents,False,0.0,True,True,True
e0040af2-3647-485a-b53d-505553cd90d9,4,agents,True,0.5,False,False,True
2989ec62-3357-4bc6-8d51-5df66adb2794,4,agents,False,0.0,False,True,False
7d8e95a3-503a-4e95-acd3-8d051118f209,6,agents,False,0.0,True,True,True
953af5ea-30b4-47cb-8888-7cd282b1025f,4,agents,False,0.0,True,True,False
f94e4792-28e0-41e8-b62c-04b3f5abbd52,0,agents,False,0.0,True,True,False
4f4031d8-5d1e-4a24-918b-3ae9acc1664d,7,agents,False,0.0,True,True,True
9962e194-17bf-41eb-9680-563f0b5d332f,4,agents,False,0.0,False,False,False
b97ea633-1e86-42a9-be46-b0a72720657f,4,agents,False,0.0,False,True,False
9119099e-d7d3-4dff-8175-a7143babbcde,4,agents,False,0.0,True,False,True
bc1c3d91-f1ce-4496-87a5-53ac4632072e,4,agents,False,0.0,False,True,False
700475dc-04e7-4904-b5e8-297a4c6e21f9,4,agents,False,0.0,True,True,True
100e5d0b-c61c-4852-b54f-c14bedc6894a,14,agents,True,0.0,True,False,False
69a98f56-53fb-4077-929c-8bc7c19092dd,7,agents,True,0.2857142857142857,True,True,True
303838f2-6138-4b4c-906f-c30e8ab6379b,14,agents,False,0.0,False,False,False
66a19149-d6af-41db-a27c-35ece9ef6e6a,6,agents,False,0.0,False,False,False
f93e1980-ec5a-444d-9850-34213a19a87d,0,agents,False,0.0,False,False,False
c4770222-352a-48ea-a16a-07cf0fa6cc04,4,agents,True,0.125,True,True,False
87ae0776-e9c7-4256-a696-1addefc8006e,4,agents,True,0.2857142857142857,True,True,True
d7879e41-d0fe-4032-ae7b-065b0cfd43cd,7,agents,False,0.0,True,False,True
e17f1fc7-6517-4855-8559-2fd149969729,4,agents,False,0.0,True,False,True
6c1730a8-d766-4128-af39-b873b8bf2284,6,agents,True,0.0,True,True,True
d31a9f4d-349d-4f6b-a230-4481ac435c66,7,agents,False,0.0,True,False,True
110d98f7-a71c-40bc-a459-10b165f28f3b,14,agents,False,0.0,True,False,True
dcf7107e-465c-4943-b879-4303c63f2dc6,4,agents,False,0.0,False,False,True
c0a8b9e1-eb6b-4572-8c0d-9fb057b706fb,4,agents,False,0.0,False,False,False
3f3466bc-ae23-4510-8724-e96e7b27b1de,1,agents,True,0.2,True,False,False
fd412bdb-625b-4603-bfd3-bd2b9dbdb156,4,agents,False,0.0,False,False,False
652d89f3-59cd-4b24-aefc-bf0fac1bbad8,4,agents,False,0.0,True,False,True
d9ff3b83-b055-4c13-bb9e-da9b4e5c8d2c,14,agents,False,0.0,False,False,False
7c649f68-b0b1-48dc-838c-805e8180dfed,4,agents,False,0.0,True,False,False
c49f921b-dce7-4fa0-adeb-d5f695eb0715,6,agents,False,0.0,True,True,True
71d7c105-e6f5-4254-835a-1ca4d211b165,4,agents,True,0.15384615384615385,True,True,True
a543e394-f032-4f86-9a8c-e03b8fed815c,7,agents,False,0.0,False,False,False
c3a573ce-bcab-420e-a7ff-ad945b2b49b8,6,agents,False,0.0,True,False,False
d0888a89-24be-4f42-8e07-626a39248d22,6,agents,True,0.3333333333333333,True,True,True
81f205a7-3f90-40dd-88d9-d1abb48fd9c0,4,agents,False,0.0,True,True,True
74ced44d-0d70-46a6-a3f9-749d7893163e,4,agents,True,0.9230769230769231,False,False,False
a523f60c-cec9-424d-9908-a63815df00b2,4,agents,False,0.0,False,True,True
b9646fa4-453d-4d2e-8c58-d88ce3b8cdf1,4,agents,True,0.15384615384615385,True,True,True
9563a09a-c7ab-470a-86e1-1c0c7ce4fa0d,6,agents,False,0.0,True,False,False
cc0474a9-be2c-4887-8ba0-3fa31f150805,0,agents,True,0.5,True,False,True
6512d76e-f9bc-4578-8ed6-d0e24495de1e,0,agents,False,0.0,True,True,True
4746ed3e-8fe7-4d6f-b975-83908f5fd416,4,agents,False,0.0,False,False,False
63092506-dc41-498d-8db8-0c5ebbed27e2,6,agents,True,1.0,True,True,True
0bee19b6-9241-41d6-aa7e-4c33634461d1,14,agents,False,0.0,False,False,False
6c0f29b0-7fd7-4349-bcd8-31c066e12f26,4,agents,False,0.0,True,False,False
110f2be1-2e87-4c39-ad88-c12e710e88fd,4,agents,False,0.0,False,False,False
decbcfa7-f74c-4d4f-b192-86222688bde8,6,agents,False,0.0,True,False,False
4204f135-6bd1-41fc-aaf6-9f42dca87612,11,agents,False,0.0,False,False,False
8cc07995-f3d6-44e8-bcaa-3594d0755747,1,agents,True,0.0,False,False,False
d381ec9a-6728-4e3f-8e6a-a318c12f07b9,6,agents,True,0.8888888888888888,False,True,True
25c7e0e2-9ab2-472a-9d36-deb6c3641736,6,agents,False,0.0,False,False,False
cce366c2-c78d-4acc-9c8c-c9b775685c70,4,agents,False,0.0,False,False,False
6de840dc-6bda-4f96-a0a4-5030efaccca8,4,agents,False,0.0,True,False,False
b51f5458-61cb-46f6-bcdb-e508aa80e571,4,agents,False,0.0,False,False,False
307dfa1b-c3fa-4116-949e-deb9f391a0f6,14,agents,False,0.0,True,True,True
3aa19075-818e-4816-8855-9b7dd9275432,6,agents,False,0.0,False,False,False
c748a5c2-b170-4003-84e9-e782675d9ba7,4,agents,False,0.0,False,True,False
f5ee7add-6bce-44f5-8e00-c66f9e0d24ad,0,agents,False,0.0,False,False,False
0031fa5e-0e05-4eb4-8f1f-802f41e91f2e,6,agents,False,0.0,True,False,False
fac750b9-6b7f-45b6-9c51-8ccfb1ce35ee,7,agents,False,0.0,True,True,False
2e6ffbd0-9459-482e-bd7e-c6c392c44dd4,4,agents,False,0.0,True,True,True
ea4ff965-6d5d-4258-a6ed-6a27ebc0fc27,4,agents,False,0.0,True,False,False
b7ec400a-9dd9-40be-9832-d25a6d7d80cf,4,agents,False,0.0,False,False,False
21e347ec-2a7e-4ee5-a85f-8efcbb3460ec,4,agents,False,0.0,True,False,True
4e2b7390-a632-4cc5-b5a6-d95d82e95367,7,agents,False,0.0,True,False,False
bec2ab06-6741-4842-aa73-0b461173f89e,6,agents,False,0.0,False,False,False
e70543e9-7973-4f8e-94c9-7b57f2e2ce57,14,agents,False,0.0,True,False,False
8d84139f-254a-4170-a5a7-2af3fe472047,4,agents,False,0.0,False,True,False
3c7aa818-d872-410a-b53f-56fe407db6a6,6,agents,False,0.0,True,True,True
be92ce01-9c31-4d86-8e37-19f6cea7631d,14,agents,False,0.0,True,False,False
b4c5ed22-81fe-48d6-808e-ca53c31b93c3,6,agents,False,0.0,True,False,False
738598f9-f4f2-403b-b19e-cdff06489949,4,agents,False,0.0,False,True,False
6f9cde4b-399b-4835-bd15-fb2591280528,4,agents,False,0.0,True,False,False
056ee1d3-a6ab-4c1c-8671-c1aa1dd79a15,0,agents,True,0.7,True,True,True
c0a47c43-62e6-4f21-815b-84ccec6855f9,14,agents,False,0.0,True,False,False
61e5a581-f4b4-4499-b14a-43e0bfc98ecd,6,agents,False,0.0,True,True,False
912d74c8-a336-457b-9d11-b837b857359a,4,agents,False,0.0,True,False,False
36c68be0-640e-4006-a179-a2b1f18abacf,4,agents,True,0.0,True,False,True
4a10a093-4c16-41dd-b5e7-e390ac00e127,7,agents,False,0.0,True,True,True
40598648-8d27-45af-8338-e991946a577a,14,agents,False,0.0,False,False,False
541a9d30-0147-44b8-a9c7-005752b12cb8,4,agents,False,0.0,True,True,True
7fc02ed0-cef5-4094-8467-b2c9c83a9b05,6,agents,True,0.5714285714285714,True,False,True
e7fc71d6-a7cb-4a27-8542-04d599ef1ad1,4,agents,False,0.0,False,False,False
c5f33648-0434-45dd-b4ca-7aa99657b9a5,4,agents,False,0.0,True,False,False
ed230e14-0316-4d1e-bce9-2c3174f217f9,6,agents,True,0.36363636363636365,True,False,False
0d54a2f3-67d2-4d39-a548-1276d97f6f99,4,agents,False,0.0,False,False,False
9df019ce-dce9-4b2b-ae70-a0d1dda7647e,6,agents,False,0.0,True,False,False
8edc5de0-133e-4897-9ec1-42ecf679a277,6,agents,False,0.0,True,False,False
bc9930f8-0535-44a3-a76e-25cdc596d54c,4,agents,True,0.0,True,True,True
f68d8a67-cb26-4cb5-8628-2ab09064fe0f,14,agents,False,0.0,False,False,False
cbce81b6-9498-404f-b1a2-d423cf3008a1,4,agents,False,0.0,False,False,False
d0d2fab9-ef4d-4475-8674-0f9872ba8569,6,agents,False,0.0,False,True,False
2477d1b2-421c-4b4a-a67e-9bda3d8766c9,7,agents,True,0.9090909090909091,True,True,True
3c548ab9-9094-40a9-bbf3-e641ad783221,7,agents,True,0.0,True,False,True
9c585e65-dc61-4215-b29c-2479555191b1,4,agents,False,0.0,False,False,True
bc2549d2-62e8-40c4-a398-c033de844e90,6,agents,False,0.0,True,True,True
ebeb68be-9a20-4211-9180-d94fbc0900e5,7,agents,True,0.8571428571428571,False,False,False
84f90684-dff6-4e87-912f-3821b21fba26,4,agents,True,1.0,True,True,True
8e32543a-0196-43df-be93-2e48c0decb4d,6,agents,False,0.0,True,False,True
d17f3688-49c3-44d3-9cc9-5709cea5a3fc,6,agents,True,1.0,True,False,True
b092bf12-1681-4519-a508-55788fd7dd9c,4,agents,True,0.0,True,False,False
375b09c9-9a64-4a11-9b8d-4480e3835cc6,6,agents,False,0.0,True,False,False
429fb814-fec7-470e-af50-34aae8061b43,1,agents,False,0.0,True,True,False
843dd1b0-7cdc-42d9-849b-390296bcc092,0,agents,False,0.0,False,False,False
1e4aaceb-667f-44d5-8f11-39bda3f73216,6,agents,False,0.0,False,False,False
8fd3fc5c-ba5d-4fa2-9579-3960c252d9ae,6,agents,False,0.0,True,True,False
c2f2f533-992a-49e3-a1ec-ad4a67018238,4,agents,False,0.0,False,False,False
e34b66ee-db32-4452-b4ea-d9e5d4638211,6,agents,True,0.0,True,True,False
1a46bb72-e7fb-43bc-98ad-3b328267d61f,6,agents,True,0.6,True,False,False
d1733936-8aab-46bc-8339-00471949675e,7,agents,False,0.0,True,False,True
6c2781bd-dc55-4fc8-a161-593777ebf370,6,agents,True,0.0,True,False,False
5655de15-7fdc-4693-9d32-89a12d069f76,4,agents,False,0.0,True,True,True
f944db09-0b06-469c-a1ca-3b5a946511cd,0,agents,True,0.75,True,True,True
9af54dee-77fc-489f-aa67-ba7e9a31c7bc,7,agents,False,0.0,True,False,False
0a83139c-c3fc-428e-86c6-1ea849dbf72a,6,agents,False,0.0,True,False,False
1b2b1273-7f17-48d4-b042-c6fa470b3bb0,14,agents,False,0.0,True,False,True
c0745b87-ce7c-453c-971a-984c02abf037,0,agents,False,0.0,True,False,True
a3abe158-5cb9-4835-9a28-2da463961d9e,6,agents,False,0.0,False,False,True
67773ae7-1a30-4318-b2d4-a91bf59230fa,6,agents,False,0.0,True,True,False
88667862-a7ca-415d-b79f-171b6016c006,6,agents,False,0.0,False,True,False
00bf95e5-c8bb-4410-b1a7-e56419c24a46,14,agents,False,0.0,True,False,False
afadb283-7cd2-46b7-91dd-0f8f79b0526f,4,agents,False,0.0,False,False,False
ca67c9a4-c8a2-40ef-9e3e-63115343c9ef,4,agents,True,0.9090909090909091,True,True,False
c532a24b-987a-47ec-bf08-316fb516337c,4,agents,False,0.0,False,False,True
15529092-36d3-4af4-a10f-78e5b4edbf01,14,agents,False,0.0,False,False,False
e2973219-6d21-437f-a8a5-8ee030e21874,2,agents,False,0.0,True,True,True
192f41cc-7a04-46a4-9f29-5666bc511dcf,4,agents,False,0.0,False,False,False
e824e99f-8d66-4bfd-8eb4-dd8bc98ae3fd,4,agents,False,0.0,True,False,True
20bcd7fc-a34b-479b-a45f-7931412b7014,4,agents,True,0.8571428571428571,True,True,True
4b0c48c5-859c-4092-83c8-3ff342c15a7c,6,agents,False,0.0,True,False,True
fffa57c2-913f-4381-9784-0b948c4e9f18,6,agents,False,0.0,True,True,True
1c53176e-6fd9-403f-9dcf-4fa5dc55b6b4,7,agents,True,0.5,True,True,True
0fc49bb0-147b-42a2-95c0-978455e92c48,4,agents,False,0.0,True,False,False
f7d44ae6-a142-47e0-bab2-312833bd80c9,7,agents,False,0.0,True,True,True
c9664921-16fa-4576-83d6-81909dcb7319,4,agents,False,0.0,False,False,False
65ea5e5e-8c88-4a48-b2f8-84567a2ef138,7,agents,False,0.0,True,True,True
2802d422-fe92-4854-b57b-5c63d881b5af,0,agents,True,0.0,True,False,False
96885ab8-0c77-4b86-806c-cfc644b0a05f,6,agents,False,0.0,True,False,False
338a7de9-b23f-4297-9b53-f851360a27eb,0,agents,True,0.2857142857142857,True,True,True
1f8a6bd1-6fd2-4e1c-a9f0-0f0de7f30f55,4,agents,False,0.0,True,True,True
538f85eb-f29d-4eea-92d9-36a5bdcca089,4,agents,False,0.0,True,True,True
25362992-146c-4f9c-8e0f-9db13f0e6bf2,4,agents,False,0.0,True,True,True
cc9e064e-5143-45a2-81fa-cd016e6cbe55,4,agents,False,0.0,True,False,False
0105085e-a7a2-4ce2-a323-4d941aadcc45,4,agents,True,0.0,True,False,True
d10111b0-312c-45a4-81ba-d4e91c9f6781,4,agents,False,0.0,True,False,False
5ab22ba7-8c8f-41c3-bc4e-d3894c84e84d,14,agents,True,0.6666666666666666,False,True,True
e9071506-c8ec-4e8d-8535-9e287886f506,4,agents,False,0.0,False,True,False
81f15096-ee1a-413b-8cd2-30761d5f987c,14,ai,False,0.0,True,False,False
361ac78b-6467-45df-8c15-4bcb9b7385dd,4,ai,False,0.0,True,False,True
0a0c14ad-5153-48f2-95c2-59be3b04ff72,14,ai,True,0.0,True,True,True
940e1057-75c6-4d3c-a945-38237852e5de,4,ai,True,0.0,True,True,True
2a171e23-c6ef-4e70-9ba4-c00cd02ffa98,4,ai,False,0.0,False,False,False
5ed29d51-4c5f-4439-8ea9-71136f0f7153,4,ai,False,0.0,True,False,False
65105aab-5401-472f-a90e-76d927367904,14,ai,True,0.6666666666666666,True,True,True
fdbee3de-78bb-49f3-a744-98092e0554ab,4,ai,True,0.8,True,True,True
ffdb8109-ca37-4186-99ef-68b958f6c0bf,14,ai,False,0.0,True,False,False
d37764b2-1fec-41bf-aeb6-3079b2b4575e,14,ai,False,0.0,True,True,True
e2c95907-8174-4368-942b-7931d9885291,14,ai,False,0.0,False,False,False
7d96dc9c-fd37-419d-b639-00220dea1bec,4,ai,False,0.0,True,False,True
5efc1c70-2f9c-4164-aba7-e6b15552d689,14,ai,True,0.6666666666666666,False,True,True
3dce26a0-1d92-4935-a82f-a4bf73c03be2,4,ai,True,0.8,False,True,True
634f306b-4ca6-4d25-afc0-2991071d3ce4,4,ai,False,0.0,True,False,True
c48114e2-1f96-4aee-8650-b86da8ab38fa,7,ai,False,0.0,True,False,True
d1f1301c-34a9-4bb5-8e72-66857d92487e,6,ai,False,0.0,False,False,False
2b07caa8-0c0b-48ce-b7b2-ee2d0058d086,0,ai,False,0.0,True,True,True
67d1a319-b3bc-4ba8-9bac-15c3170b2eee,4,ai,False,0.0,False,False,False
f14915dc-9839-4c32-9621-53c85685ddd7,4,ai,True,0.0,True,True,True
424efb6b-3c3e-4d16-adc8-34dd2702a213,4,ai,False,0.0,True,False,True
b79212d2-9126-411c-be22-70a36ef00735,14,ai,False,0.0,True,True,True
b942fa23-5f38-4c4e-9153-fa398bcb4a97,4,ai,False,0.0,True,False,False
994c7910-fad8-449c-98d0-957ae355cf27,6,ai,True,0.9230769230769231,True,True,True
41f0c87c-1dcf-458c-bd2d-479ce4bddec0,11,ai,False,0.0,True,False,False
0bb80158-3de9-42fb-8fff-def1bcac2807,6,ai,True,0.4,True,True,True
5a260dfa-879a-4456-a3b1-dc0715fc67b6,14,ai,False,0.0,True,False,True
a05ce6e4-4e07-4801-bb5e-7035dde488f6,4,ai,False,0.0,True,True,True
dcd52a0e-d9d4-4df2-9405-7860bee4ea4a,0,ai,False,0.0,False,False,False
5d32ebd4-b3db-4540-ad80-fad84beb4117,6,ai,False,0.0,True,False,False
d9a57f93-c69a-4f90-aea9-3c1c2319f3ff,14,ai,False,0.0,True,True,True
da53a8b9-65f8-4924-ae21-eff3d80fd53d,4,ai,False,0.0,True,False,False
ac56ceb6-0144-4325-97de-3bf44cf9c580,14,ai,False,0.0,False,False,False
f0e4298c-a7a5-464d-b50b-734b9f6fb439,7,ai,False,0.0,True,False,True
74076fd3-6676-4808-8945-579d5d6905dd,4,ai,True,0.0,True,True,True
1838a698-9995-4b78-85c5-b186c25b481f,4,ai,True,0.0,True,True,True
54692034-b865-4762-8f16-0c40fa43bc9b,14,ai,False,0.0,True,False,True
4dee1abe-5e79-41e3-a659-5219385c09a3,4,ai,False,0.0,False,False,False
e1835ff4-ed74-4196-83dd-98f0fe48c402,14,ai,True,0.75,True,True,True
4ff6ab99-2c38-4f9e-ad6b-48713f8972bb,14,ai,True,0.9032258064516129,True,True,False
6f07ae51-e879-49c7-860a-171d541bf6fe,0,ai,False,0.0,True,True,True
a6489540-0836-4887-bc4d-73d0f2025509,4,ai,False,0.0,True,True,True
7ba04ebf-2ef9-42f0-9f57-8401b856bd4f,6,ai,False,0.0,True,True,True
6bcd6fd5-9e1d-46b9-9170-e5ea7cadec1d,0,ai,False,0.0,True,True,False
db84c7f9-c154-417b-9a0f-2f7e280d67ef,6,ai,False,0.0,True,False,False
58f0463e-e6ef-4e5f-b971-ce2984b03162,6,ai,True,0.6666666666666666,True,False,True
07fb54e9-b264-493c-8ad1-ac64bef26aa8,4,ai,False,0.0,True,False,False
77ce9483-3f94-4e56-ab54-862916be4a94,4,ai,True,0.6666666666666666,False,False,True
ba997ddb-7504-47ac-8917-5531908af09d,4,ai,True,0.0,True,False,False
1dea0977-ad88-41cc-a49f-ff520be42562,4,ai,False,0.0,True,False,False
2b65d2fa-ee37-4202-9e62-cc02addf6eb0,4,ai,False,0.0,True,False,False
f7e65154-8082-4840-849b-d92cd35bd4bc,4,ai,False,0.0,True,False,False
52329f62-13d8-4b0d-8c43-502401cca994,0,ai,False,0.0,True,False,True
73e4a3f8-256a-4abd-87c5-cce3d06ba9f5,4,ai,True,0.75,True,True,True
4866e2cb-58e2-455d-b6ce-10099b709f2f,7,ai,False,0.0,True,True,True
f5a3cb98-7f94-4c03-a2b8-54a7e5a51ec4,4,ai,False,0.0,False,False,False
aa171046-28c4-40df-aff7-49fbcec90864,14,ai,False,0.0,True,False,False
2038bb30-707b-447e-9f80-fc2dbbe3493b,4,ai,False,0.0,True,True,True
6f21bf1d-d669-4f3c-823d-fb3ec2c54678,1,ai,False,0.0,True,False,True
bfc36c67-3b3f-492a-ac9f-c620c5bc98b8,2,ai,False,0.0,True,False,False
7774e784-53c5-4dd7-a4f4-f7760faa0763,4,ai,False,0.0,False,True,False
e7075ed5-e7ac-4520-881d-c747fcab2465,4,ai,False,0.0,True,True,True
2089b8fd-c9f4-4679-8693-02842c525438,4,ai,False,0.0,True,False,False
425e7416-6a16-41f1-a479-1ff9f326ab25,14,ai,False,0.0,True,False,True
a6145118-437a-4808-8edf-1364c258cad3,1,ai,False,0.0,False,False,False
a3f985d8-38fa-4e50-b298-77c8ed83869a,2,ai,False,0.0,False,False,False
e9ee1000-9fff-46d5-94a0-dbd3a085ac33,4,ai,False,0.0,True,False,False
03d8dcec-aaa5-4ea0-9ed1-7a112aedaeaa,0,ai,False,0.0,True,False,True
d0997005-2cf6-44c0-af2e-e3439d825f1a,14,ai,False,0.0,False,False,False
266166fe-6953-46cf-a97a-b253358d385a,14,ai,False,0.0,True,False,False
71cfd90b-ee80-4b62-8cd0-10b9247d6622,14,ai,True,0.0,True,False,True
f02e5f77-359e-44d8-9582-265dc24d893d,7,ai,False,0.0,True,True,False
92afe87a-ef6b-4b8f-aa21-0891d3b41eac,14,ai,False,0.0,True,False,False
654483ec-93d2-478c-abd4-e6eccce7f58a,2,ai,False,0.0,True,True,True
12170e32-5076-4c5c-92db-4a0a328bc4d7,6,ai,False,0.0,False,True,True
5282671d-fa01-47a3-bdb0-8868007d73e1,2,ai,True,1.0,False,False,True
28b3fd34-9afe-4f4f-9c36-190609948b6f,7,ai,False,0.0,True,True,True
65de47b0-1ed4-4e44-9724-6a2d1aa73dab,7,ai,False,0.0,False,False,False
328394d4-057e-4fa3-b211-763ebb857393,14,ai,False,0.0,True,True,True
18854d8e-f425-4fc5-9c79-5a2e3900f022,14,ai,True,1.0,True,True,True
e555a6f8-757d-433b-abac-75ba4dab087d,4,ai,False,0.0,True,False,False
335cb75d-e334-474c-8181-c25021f9d44c,6,ai,False,0.0,True,False,True
066e97ec-29fc-453b-aa8e-390f8017fc9e,6,ai,True,0.0,True,True,False
e022fdf7-5618-4430-819e-5310392c5a4e,4,ai,False,0.0,True,True,True
b2b7fd86-6442-4d0c-894f-e567b5d8afe3,4,ai,False,0.0,True,False,True
a68b086b-cbbb-4587-97aa-117c00dedc5c,4,ai,False,0.0,True,False,False
e82d0900-36ea-4d1e-86c3-f6f55763c81d,7,ai,True,1.0,True,True,True
12a801a7-b21a-4726-bd5b-58a944665bb9,6,ai,False,0.0,True,False,False
342948a7-acf3-47ae-a165-104904672d49,4,ai,False,0.0,True,False,True
084fdf6b-3c33-45d1-a908-1e2248057eae,4,ai,False,0.0,True,False,True
ca0c6b53-59fe-4616-b871-99491b10cae7,14,ai,False,0.0,True,False,False
f1bb8eae-488b-4032-83b6-f7d508cc1d01,14,ai,False,0.0,True,True,True
1ac36945-83c9-47e3-bca5-2936bf5bc236,14,ai,False,0.0,False,False,False
6d2808ad-58e5-49b1-bedd-8d1a9d0c283e,4,ai,False,0.0,True,True,True
1397021a-b0d3-4dfc-9394-80794bc51f8f,4,ai,False,0.0,True,False,True
b41ca120-694d-4187-9fef-eac6ab4a53d0,14,ai,False,0.0,True,False,False
89393785-8207-47e4-a9d5-b7278511e128,4,ai,True,0.0,True,False,False
7d6d9887-f322-4a4b-bd38-b405d4467756,1,ai,True,0.6,True,True,False
69d88286-b5b8-43eb-81ad-c38470b21bab,4,ai,False,0.0,False,False,False
b76651e5-286c-43f0-ad88-992aab8341da,4,ai,False,0.0,False,False,False
e4057fef-bf23-4119-b169-6404e3c90424,14,ai,True,1.0,True,False,False
5c2cb0f3-6607-4af0-b2ab-32ab30b5a2c4,4,ai,True,0.0,False,False,False
cb30c8cc-30bd-4e01-a397-dc4c2060a178,4,ai,False,0.0,False,False,False
b4acd462-70b7-4a55-b503-17de7af20fed,4,ai,False,0.0,False,False,False
febe7531-57a3-477f-9d32-6f98d6f44963,4,ai,False,0.0,False,False,False
f6298ae8-13b3-421a-bc4f-64afe620bf2f,14,ai,False,0.0,True,False,False
d8bb8471-0aa8-4f08-9c1c-3b4705a532cd,14,ai,False,0.0,True,False,False
01dbca76-c826-47c8-9317-fd59ef204f6b,4,ai,True,0.2857142857142857,True,False,False
ba20a2bc-12dc-472b-812e-2856e4bae9b7,4,ai,False,0.0,True,False,True
35b03de1-438f-410b-bd19-f375cc3a297a,4,ai,False,0.0,True,False,False
a5118c4c-820f-4abe-92e3-90e5dfee1891,6,ai,False,0.0,False,False,False
29a9780e-bd51-4026-b220-6ea1d0b47fc5,14,ai,False,0.0,True,True,False
b324382c-7478-48a0-9a24-68bc660db1e6,14,ai,False,0.0,True,False,False
e8f77bab-18ad-427c-a777-b50a3b269a68,4,ai,False,0.0,True,False,False
44b6a556-3524-45d4-872a-b32c2486d22c,4,ai,True,0.0,False,False,False
6669f63f-22e8-4ef7-91f5-39aaeb80a530,14,ai,False,0.0,True,False,False
3db12c13-12e5-440e-bba9-48cdd25f74a4,2,ai,False,0.0,False,False,False
6b093527-8cee-449b-8ff6-39082f64d84a,14,ai,False,0.0,True,False,True
fcd6289c-19f6-4501-9ebc-b9914845dfea,4,ai,True,0.0,True,True,False
1b2e54bc-5439-478c-b156-f332eb6e947e,6,ai,True,0.8888888888888888,False,False,False
f711889a-8d2c-469b-8ce3-9d66b25eed6a,4,ai,True,0.4,True,False,True
13042834-b34a-426d-ac30-dfbd4425750a,4,ai,False,0.0,True,True,True
7624b962-5398-4b9e-9562-d71c54401e88,2,ai,False,0.0,True,True,True
9d896517-74ce-4c76-9aaa-54b80221999f,1,ai,False,0.0,True,True,True
e5d35aad-fb17-452b-abe2-12919afaafe4,2,ai,False,0.0,False,False,False
db5b59f9-71de-4bb3-aa0e-652fba55b2bb,6,ai,False,0.0,True,False,True
d145036a-cf11-4791-b467-385a21625e8e,4,ai,False,0.0,True,False,True
a23bd645-14f2-46df-851c-a2e657506db1,14,ai,False,0.0,True,False,True
5db50bdd-ccbe-4364-a735-9877983c3950,4,ai,True,0.0,True,False,True
33493a23-f607-4a47-81da-ac710bc656aa,4,ai,False,0.0,True,True,True
04194ee1-750d-48dd-b433-d5a33eacaf53,14,ai,False,0.0,False,False,False
51664d3f-2c60-4639-a81b-ceec6ce227d3,4,ai,False,0.0,True,False,False
97b55344-c20f-41b3-b203-354d95b33a5d,6,ai,False,0.0,True,False,True
d617fc1f-4659-41c1-b27c-92d09c0e0465,6,ai,False,0.0,False,False,False
f5fc8150-fab3-4e4a-bd97-cad9b88d8154,7,ai,False,0.0,False,False,False
223974ac-bdb1-458a-a5c6-ffbec15b8cab,4,ai,False,0.0,True,False,False
56774604-66b6-4d9c-b1f4-133366578b4e,4,ai,False,0.0,True,True,True
17d55165-5637-400d-965b-79a62789cda8,14,ai,False,0.0,True,True,False
18a0d43d-ecd0-47ed-b861-c53a691f8aae,14,ai,False,0.0,True,False,True
a25829f0-e5e7-403e-a6a8-0c29b81752ae,14,ai,True,0.4,True,True,True
3184f152-55ea-4b15-a509-178c46df17be,4,ai,False,0.0,True,True,False
1ae56d97-97b5-41e5-bdb2-34d8bcf29493,4,ai,False,0.0,False,False,False
2c8e6593-0c78-4892-9228-3ac60e8b6c36,14,ai,False,0.0,True,True,True
c2e15996-c903-4a06-bb1c-342570a410d4,14,ai,False,0.0,False,False,False
c094945e-b6c5-4afa-8105-f79bf8496b90,7,ai,True,0.4444444444444444,True,False,True
e22d2469-88bc-45d0-b453-3c80d0392f2d,14,ai,False,0.0,True,False,False
00b94ac7-c719-4ccb-998f-fabf4440b65b,4,ai,True,0.0,True,True,True
d72e55b3-ee77-4db5-811b-9b5058ca01c0,14,ai,False,0.0,True,False,False
05bff41d-7067-4d03-9aa2-2df6ffdb7912,6,ai,False,0.0,False,False,False
4cbeddd7-ef56-45fc-8265-91be4692a2ee,6,ai,False,0.0,False,False,False
fcc3150a-65e5-4fd8-a49c-b00b292330ed,4,ai,False,0.0,True,False,True
3b697ddb-22e5-487e-af25-73c023bfb049,6,ai,False,0.0,True,True,True
5ef3c50c-8423-4358-80c1-51409500698c,4,ai,True,0.0,True,True,True
da7c3e73-8cbe-4582-95c7-f3b472817d2c,6,ai,False,0.0,True,True,True
e87330d2-0f55-4afc-a521-bb8a1a7c12e9,4,ai,False,0.0,True,False,True
55983695-00c9-4228-bb5c-91caf07ca3a2,6,ai,False,0.0,False,False,False
497781a7-d33c-4096-bd66-a6d4a56c9cc2,4,ai,False,0.0,False,False,False
f6ba9617-2a3b-4682-b8fb-941669203a11,4,ai,False,0.0,False,False,False
f5d29b81-e206-4fb8-a131-fc78adc9b91f,14,ai,False,0.0,True,False,False
677d39a0-e35d-4847-af7a-fc38ad79e85a,4,ai,False,0.0,False,False,False
982d6eb1-f800-4e41-9950-5cede047322d,4,ai,False,0.0,False,False,False
24c0019a-8441-40b1-8403-862e50700991,4,ai,False,0.0,True,True,True
c35c46a0-f4a1-48e4-8982-707a084aade0,14,ai,True,0.6666666666666666,True,False,False
4e2d67fe-e738-4137-a5b4-df5e4e864b7f,4,ai,False,0.0,False,False,False
d410fc46-4d97-4a49-a73a-deb90ede2fd7,14,ai,True,1.0,True,True,False
bffdcd48-9434-4479-bb67-4911fc77dd69,14,ai,False,0.0,True,False,False
fe36337e-9b72-4a24-b64e-dce43cf5f2a1,4,ai,False,0.0,False,False,False
9f892245-372c-4e13-b651-b81d1819b11e,4,ai,False,0.0,True,False,False
e343f6d0-6c6e-4dee-a074-11a0001588f8,4,ai,False,0.0,True,False,True
5d5754e9-09cc-4fdf-a8c7-f9c160fa784f,11,ai,False,0.0,True,False,False
cc62afc0-f951-45ec-8a94-7c64565f33a8,0,ai,True,0.8571428571428571,True,False,True
29d77e78-d41c-491d-862d-8042f0ddd7f5,2,ai,False,0.0,True,True,True
d7c6ddff-c14a-40dd-bd75-bd18758d0b7d,4,ai,True,0.8571428571428571,True,True,True
0d01f318-9782-463e-b6e8-f7e5bf8d8831,4,ai,False,0.0,True,False,True
e879e125-6088-47ea-b448-b3a4b2362eed,4,ai,True,0.0,True,True,False
d29221b6-4d47-427b-bdb3-935b34d8da68,2,ai,False,0.0,False,False,False
d3b564fd-eee7-4b56-9ec8-4e227cf08147,2,ai,True,0.0,True,False,True
011c3732-2d9e-4bea-872c-a880dbdaefb6,4,ai,False,0.0,True,False,True
dd4b3560-9d7d-4cfe-adbf-a1289d2bfc18,14,ai,False,0.0,True,False,False
190ace36-9cf2-4481-8f9e-aba50655f9f0,14,ai,True,0.8571428571428571,True,True,True
1eb108d1-6e69-4830-af54-360d95cdb32b,0,ai,True,0.0,False,False,False
3f472614-6680-4540-a991-171a8c995135,11,ai,False,0.0,True,False,True
4b5a1ead-5fa9-4ef6-a5de-39b2513236cc,14,ai,False,0.0,False,False,False
31582af7-e998-487d-85c5-086100e0b969,14,ai,False,0.0,True,True,True
4bf4738f-34b9-49d7-a19a-2426c214ea5c,6,ai,False,0.0,True,True,False
d81f981c-fb9c-4b62-8bcd-a5569b6aafff,2,ai,False,0.0,True,False,False
97ab1a8d-6d80-4eac-b789-d258d01bd94d,4,ai,True,0.0,True,False,True
ae03488d-4e37-4634-9744-ee90d14e43bb,14,ai,False,0.0,False,False,False
f3ad8fc9-d2c1-4de5-be48-ed720fbc6768,6,ai,True,0.3333333333333333,True,True,True
dffb807d-30d0-49a1-9ca6-0e801bfe08b6,9,ai,True,0.0,True,False,True
5cb0eff2-d1c7-497e-a0f8-f8be06f21da1,6,ai,True,1.0,False,False,False
6a472dc5-7660-4727-9f3f-2788767d0b61,14,ai,False,0.0,False,True,True
44d808fa-afc7-42d6-8e65-fa3cbcf4d9db,4,ai,False,0.0,True,False,False
a6087923-c066-4a08-b1e5-4670754a2317,4,ai,False,0.0,True,False,True
0414d701-4cc8-4b4f-a60a-00c35a285e98,1,ai,False,0.0,False,False,False
0c7a98d3-ac36-450b-8f0c-598ba218c21a,4,ai,False,0.0,True,False,False
d1721c4d-ff10-4470-a7d4-4b9d3ce1f53c,0,ai,False,0.0,False,False,True
2a42a9c3-5092-4cd8-8b7b-58331ce744b3,7,ai,False,0.0,False,False,False
aca8f821-757c-4e0e-a93a-eb7b2863b793,4,ai,False,0.0,False,False,False
e23added-d1f0-495c-b508-d478e37ee0ae,0,ai,False,0.0,True,False,True
f82aad98-83ef-4628-b2b7-5f60e74ca93c,14,ai,False,0.0,True,False,False
6a711fc4-583a-4760-b01b-64ded3d1d552,2,ai,False,0.0,False,False,False
10078824-d7e4-4207-bc86-edf49046685b,4,ai,False,0.0,True,False,False
050c5536-c124-4d0e-b1a6-dada3acf9029,6,ai,False,0.0,True,False,False
e65371af-22a8-4eff-9150-2b16f10e28bd,14,ai,False,0.0,True,False,True
1cabecbb-d1f8-4e17-9944-a80de6813c60,4,ai,False,0.0,True,False,False
1bccd9b4-5810-4c89-9863-da5a6876a770,4,ai,False,0.0,True,False,True
88f75541-9b66-423e-8a48-9554e0d361ec,4,ai,False,0.0,True,True,True
05c7865c-8bed-4c82-ac0e-840fba40faf8,4,ai,True,0.0,True,False,False
1e011bab-bf4a-464a-bbdf-0f1c0e11fc32,14,ai,False,0.0,False,False,True
b686e675-b59b-47b5-86fb-8a2f3b9f6142,0,ai,False,0.0,True,True,True
b60b6481-6f24-47ad-84ed-7994f423c2c1,14,ai,True,1.0,True,True,True
3624e042-fc0d-4f06-be4a-fb02d6a0537e,6,ai,False,0.0,True,False,True
72c2859f-ecb2-48ee-99ce-158feb83c668,4,ai,True,0.0,False,False,False
e06b1f55-f8cb-4e8b-89a0-a7a15cd2e72d,14,ai,False,0.0,True,True,False
b84fdc26-0c97-4f7e-9cc3-77f749c61389,4,ai,False,0.0,True,False,True
4ebee178-512c-46f6-8dfa-947cdf2b997c,7,ai,False,0.0,True,False,False
8e5e3c35-904e-4717-b550-003051aac62a,6,ai,False,0.0,True,False,False
b08f92f7-9307-4d40-b264-fc63dad6ff93,4,ai,False,0.0,False,False,False
21465646-eaf4-4723-a80d-4ab865e87ecc,4,ai,True,0.0,False,True,False
125e83f6-08a9-4ceb-ae5a-37d017a5ae5f,2,ai,False,0.0,True,False,False
ac676b2e-d5c0-445b-a605-f3b1be02e08d,14,ai,False,0.0,False,False,False
f2640890-8cc0-4939-9e97-8642bb7c94ea,6,ai,False,0.0,False,False,True
dfc1f69e-f819-4769-8446-c86036a2b181,4,ai,False,0.0,True,False,False
6e89c7c0-b58e-48dd-a3c8-757a5710ce9e,14,ai,False,0.0,True,False,False
ef33abf0-8cbb-4a02-8ef8-357c07abeb65,4,ai,False,0.0,True,False,False
d8199db0-57dd-4dcd-aa03-a9e00c4c7508,4,ai,True,0.0,False,False,False
c402418f-8a29-44bf-a7a3-92c8a050d2c2,6,ai,False,0.0,True,False,False
29cf338a-9c0c-43a1-8b84-6d74c7390df2,4,ai,False,0.0,True,True,False
73e94e4a-1183-4b63-bfff-4e51a6c100bb,4,ai,False,0.0,False,False,False
1a9c8a0b-fd2f-4c03-b2c2-5bff9008d3a2,14,ai,False,0.0,False,False,False
138fecdd-dd72-4375-acd5-a57ca6ba345e,4,ai,False,0.0,True,False,False
cc04cc71-a79f-44d1-a9de-ea7f9619da46,14,ai,False,0.0,True,True,False
6bb6711f-f9f6-471d-b7c6-210566c1ef83,14,ai,False,0.0,True,False,False
07fd9754-24f6-455b-91d3-4917f1b340ff,14,ai,True,0.0,True,False,False
ab0bd7c6-ff2c-406a-8937-4954754dc400,14,ai,False,0.0,True,False,False
bff3eb50-bd99-4246-8c63-7a122374c8f9,2,ai,False,0.0,True,False,False
62cf02d2-968e-4bbe-85d7-22f757e60b0f,14,ai,False,0.0,True,True,True
a19d733a-d668-4563-8c45-05e5fa4b584d,14,ai,False,0.0,False,False,False
78e5f4c9-6abb-4a5e-bfd4-18dcc2c4fb83,4,ai,True,0.4,False,False,False
62396730-c64b-47aa-a2d9-c72fe7de416d,14,ai,False,0.0,False,False,False
3c213491-dd5f-4eaa-bffb-415aea0e34cf,6,ai,False,0.0,True,False,False
9febb6f2-eb36-4bfe-8900-1d8d288fd816,4,ai,False,0.0,True,False,False
5980f883-6c6c-44e7-83b3-717d8316e2e1,9,ai,False,0.0,False,False,False
4a08f90f-984a-4779-864b-d62be5ae6aa5,14,ai,False,0.0,True,True,False
ab5c91f5-ac7f-409d-b335-0312ab3d9344,0,ai,True,0.0,True,True,True
625bfe6e-b3f1-42a3-a0bc-f6e6bb406643,0,ai,False,0.0,True,True,True
0bd15594-5f89-463f-b4b6-466840bd2ac7,4,ai,False,0.0,True,False,True
fad48a69-7172-4333-8d84-6b8063b9bd54,14,ai,True,0.8888888888888888,True,True,True
9ea6d0f9-7341-4f9a-8fa3-24ad4e12051f,6,ai,False,0.0,True,True,True
c000ad21-dcb0-49f9-a495-ed331140dfe8,4,ai,False,0.0,False,False,False
789f6a68-faeb-480c-9eef-851a1762e2c5,6,ai,False,0.0,True,False,False
2512628c-8ec8-4b81-86c4-5d761b88890a,14,ai,False,0.0,True,True,False
6c1d487d-6d22-4da5-8468-b0df68aa126a,6,ai,False,0.0,True,False,True
09273ff7-7725-4542-a8d5-fe51a619d8fd,14,ai,False,0.0,True,False,True
3536bffe-f733-4b83-ab54-bf568b809ddf,7,ai,True,0.0,False,True,True
4519357b-741e-4fe0-9294-db6565cc258a,4,ai,False,0.0,False,False,False
df6ed994-ba9c-4ab9-a18a-198bf28b964e,4,ai,False,0.0,True,False,True
bdcc0742-5a27-4827-b806-178470611bc4,14,ai,False,0.0,True,True,True
3bdbaddc-40bb-4a93-a98c-87685816349b,14,ai,False,0.0,False,False,True
2c3b8382-2dc9-45a0-aae4-0ec46438bfea,2,ai,False,0.0,False,False,False
cde5e52c-0ce5-496d-a9df-a7bad6e3d960,4,ai,False,0.0,True,False,False
161df29e-ec8c-45df-b305-dc328984ac64,14,ai,True,0.0,True,False,True
71f991f9-b01d-4df9-8209-9f67739a6f66,6,ai,False,0.0,False,False,True
9197e25a-5f02-4449-bf7c-cef13f6a727b,14,ai,False,0.0,False,False,False
12d48cbd-6aed-427e-a9aa-a9117e41b0d5,14,ai,False,0.0,True,True,True
23be9e83-35c0-4051-957f-2270da9ed146,6,ai,False,0.0,True,False,True
c7cca60d-c831-47d2-ba98-2f02ae479619,4,ai,False,0.0,True,False,True
d32fbccb-6f65-4131-9636-ca00bca55424,2,ai,False,0.0,True,False,True
2151b3d1-76b5-4bb5-9bf6-94b55c157daa,4,ai,False,0.0,False,False,False
e1cc8a4e-8957-4a43-a98b-b277ae133b40,4,ai,False,0.0,True,True,True
ab70c595-e117-4762-b74b-57cadf83a44e,2,ai,False,0.0,True,True,False
4fcfc3df-ecda-4323-a913-8d7e6d7e0425,4,ai,False,0.0,False,False,False
f2aacf27-ce71-4690-84bf-1e9581554971,14,ai,False,0.0,True,False,True
4029c697-6ae9-49f3-b5a9-2c5e5514f749,1,ai,False,0.0,True,True,False
307c7e85-9046-479e-8b53-65a389cd3290,2,ai,False,0.0,True,True,True
526fdb10-f2c8-4368-b173-9c67f2cf2a45,4,ai,True,0.5,True,False,False
7617e62c-767d-4ff1-a9d0-3bedf7f9360b,4,ai,False,0.0,True,False,False
e5c81f1b-d91c-4ce9-be1f-ab4f23b8a159,6,ai,False,0.0,True,True,False
9d77f36d-0e78-49f4-8f52-a628ac54b584,6,ai,False,0.0,True,False,True
63fd3333-8db9-4309-a00d-ff1863dd490e,4,ai,True,0.5714285714285714,True,True,True
443c8d44-b401-49fd-ba3a-e32d5f3ecb70,0,ai,False,0.0,True,True,True
6c1cc8a5-9359-4ff5-9947-ac59a26699fd,2,ai,False,0.0,True,False,False
b4ea231d-bf7d-4f5e-a7a9-2024fd2c976b,14,ai,False,0.0,True,True,True
bc69a257-9c74-49fb-b5e7-c55f5ed8e345,6,ai,False,0.0,True,True,True
d1517d0f-8ccb-480b-9ee0-641d4bb5d5c9,7,ai,False,0.0,False,False,False
b0fe08e6-e9f5-4356-a7c6-a7af5c63d69a,14,ai,True,0.9090909090909091,True,True,True
c93b7c1c-5c4d-4e4e-89c1-3e98882777d3,1,ai,False,0.0,True,False,False
da5d84ff-1c40-432a-8dd1-f796f116e63f,4,ai,True,0.0,True,False,False
89cfa385-810c-4780-a979-b6a2fe6a54f2,14,ai,False,0.0,True,True,True
04719e57-0bd5-4241-a7b9-5d20288149f2,14,ai,False,0.0,True,False,False
407736dc-a170-460c-bacb-3310f1c347b3,4,ai,False,0.0,True,False,False
86b9b5b4-5a75-4402-a3ec-1ec9f3190ee2,14,ai,True,0.0,True,False,False
b57e381f-468c-419c-be39-020447385fc2,14,ai,False,0.0,False,True,False
16379510-70b3-44d0-973e-0a528aee5fdc,14,ai,False,0.0,True,False,False
44c30125-9ccc-481f-a9a0-830b9999616e,4,ai,False,0.0,False,True,True
3060b971-7ec1-489e-9702-6a0517153b14,4,ai,True,0.3333333333333333,True,True,True
5c2a7786-5710-46e6-b4ae-036e20df3823,6,ai,False,0.0,True,True,True
b79ce6e1-8337-41c4-87f3-a00ff2961ea9,7,ai,False,0.0,False,True,True
af02ef96-3cb0-46b1-8810-b4bf5919ff7e,6,ai,True,0.0,True,False,True
a6f53054-47d6-4888-b04b-e555a31f4172,14,ai-agents,False,0.0,True,False,False
a1b8b566-cd1c-46da-912b-8b1c62bafb74,14,ai-agents,False,0.0,True,True,True
5fe9abe6-f9ed-4090-9d30-e0c10c3f88bb,13,ai-agents,False,0.0,False,False,False
a624fc33-d22f-4744-98d8-afe88acd3011,14,ai-agents,False,0.0,False,False,False
01898327-b0bd-4f74-ac2b-0d36e6833ea7,6,ai-agents,False,0.0,True,False,False
5676d83f-bd46-42c2-b20b-b9f4b7567226,4,ai-agents,True,0.0,False,False,False
07102117-6b97-4169-88a3-72e6cb85d241,6,ai-agents,False,0.0,False,False,False
66d58b09-9bfd-4c80-86d6-47ae3944c2da,4,ai-agents,False,0.0,False,False,False
c055e103-09a1-45f9-a2f7-1e4510bdacdb,14,ai-agents,False,0.0,False,True,True
03f6164d-9eea-4f0a-993d-8f99e1c75e75,4,ai-agents,False,0.0,False,False,False
c4d0227b-5d3d-4419-a7e2-7ba675146e71,6,ai-agents,True,0.6,True,False,False
b4c74df1-53ae-4757-9aa6-4198b66b81ac,7,ai-agents,False,0.0,True,True,True
643b8067-1df9-476e-a884-c46dffd214a0,6,ai-agents,True,0.2222222222222222,True,True,True
d9d042f2-121e-4dc3-89e4-c281c0dd55eb,14,ai-agents,False,0.0,True,True,True
9b8ae82b-e941-4d2c-a661-24e712eb3946,6,ai-agents,False,0.0,True,False,True
4f96f997-f281-438c-a408-2536647d1db4,2,ai-agents,True,0.0,True,True,True
a8eeca36-c254-46ab-99b0-43591a41ec49,4,ai-agents,False,0.0,False,False,False
bf04e1da-fa0b-4e28-b5cc-bda92c426e78,6,ai-agents,False,0.0,True,False,False
df945872-36db-40c5-9ed7-aa878033c2e1,6,ai-agents,False,0.0,False,False,False
2a8d721d-031b-4502-bea6-4050fe69569c,4,ai-agents,False,0.0,True,False,False
a1ef5659-9885-4606-9165-1801417c06e7,6,ai-agents,False,0.0,True,True,True
f7733e0c-fba2-4274-9721-701b3cacc4c6,4,ai-agents,False,0.0,False,False,False
38e4bf22-4e6e-4b1b-b562-eb86feef7d77,4,ai-agents,True,0.8888888888888888,True,True,True
5ac1f835-d6e1-47cd-94a3-2e0e3873b684,7,ai-agents,True,0.5714285714285714,True,True,True
6bb37fd7-a8ff-4052-8995-205f7547e7e9,0,ai-agents,False,0.0,True,False,False
4a407281-f6f6-4fcc-a793-10fd04686e5b,4,ai-agents,False,0.0,False,True,False
e385e1ba-7adf-4399-98d6-9a885a3e5a8a,14,ai-agents,False,0.0,True,False,False
a993afc2-a55e-4ff6-8857-03045429d390,7,ai-agents,False,0.0,True,True,True
17451bcf-18ec-49e9-a9dc-6b4e7045621d,4,ai-agents,False,0.0,False,False,False
8fd47367-adc8-4cd5-9ef2-54e19a735e84,2,ai-agents,True,0.0,True,True,True
b5d25d3c-d266-4239-a330-6b9a3d8c9bcb,4,ai-agents,True,0.0,True,False,False
70bc4df8-2d32-490c-b5d7-a57a7f044503,4,ai-agents,True,0.0,True,False,False
2c98aa90-e8a6-444c-b2b9-35f32f36c8fe,4,ai-agents,False,0.0,True,False,False
97b582b5-86a0-433d-8267-c6bfba7c776d,6,ai-agents,True,0.8,True,True,True
d82b6dad-f530-4386-8b66-1cd299f2f3f7,4,ai-agents,False,0.0,True,False,True
ff89e8ee-e914-4800-8dbe-e60187c21a1e,7,ai-agents,False,0.0,True,True,True
d789f181-c63d-4632-ad32-ab4f2839effe,4,ai-agents,False,0.0,True,False,False
38cea6cf-e06c-40ef-a100-fc2149b374b5,6,ai-agents,False,0.0,False,True,True
80a7e2cf-4efd-4ddc-b3fe-3f63cf923734,13,ai-agents,False,0.0,True,True,True
9fc1a2e0-2b08-4101-a86f-7fadb7c19361,14,ai-agents,False,0.0,True,False,True
88f0391e-c33f-43e1-b350-7230f309ec0b,4,ai-agents,True,0.0,True,True,False
75190008-de33-4600-96e6-a3478689e492,4,ai-agents,False,0.0,True,True,False
de6ea7f6-9b77-4ea1-80be-542c72e48d93,0,ai-agents,False,0.0,True,True,True
9e723610-4321-40ad-bdb0-ec5aeee07117,7,ai-agents,True,0.0,True,True,True
b83e06ec-60de-405a-91e7-b5398ab1a8f3,6,ai-agents,False,0.0,True,False,True
02c0e0b2-992b-41f1-a1e1-342de3d0f4a8,13,ai-agents,False,0.0,False,False,True
530bdd24-3ec2-43a0-abcf-62c7751b08dd,4,ai-agents,True,0.5,True,False,True
2182a33a-ed18-49aa-94ff-45c1701bfa74,2,ai-agents,False,0.0,True,False,True
f161925b-3b84-4fef-8fc5-9de415827540,6,ai-agents,False,0.0,True,True,True
d4814265-e863-4701-9789-092294215e9d,13,ai-agents,False,0.0,True,False,True
003557bd-b981-479c-a6d8-dfaab67f552f,4,ai-agents,False,0.0,False,False,False
08acc51b-62bc-4893-a9da-5f26f4b0f248,4,ai-agents,False,0.0,True,False,False
5f03b8c4-f7dd-4cff-9a01-a21a4ce8b656,4,ai-agents,True,0.75,True,True,True
44957992-e8f0-4a1d-a3d3-573addbfe7ca,4,ai-agents,True,0.0,True,False,False
7ea7564c-7bd2-4f01-b338-a3c6e445434a,14,ai-agents,False,0.0,True,False,False
5c09fd73-19b1-4240-b5e7-e53e8bcd3d34,4,ai-agents,False,0.0,True,False,False
2f27705b-315c-41b6-b29e-2e11bf25bf03,4,ai-agents,False,0.0,True,False,True
b4bd7caa-54cf-4aa2-83c0-5caba481354e,4,ai-agents,True,0.0,True,False,False
e63b84c7-ccea-4196-a0c7-5388fd5eb930,14,ai-agents,False,0.0,False,False,True
6f3677f0-4416-4b93-b747-d55bdc6ce44f,4,ai-agents,False,0.0,False,False,False
77d80036-ce2c-48c7-a674-ca781dc76a33,7,ai-agents,False,0.0,True,False,False
4b697f34-320f-4dfe-9f5f-32d4ccbdde3f,4,ai-agents,True,1.0,True,False,True
cdbcdac1-7bed-4fcd-9849-e8e0dcecefad,13,ai-agents,False,0.0,False,False,False
45a742b3-d8b9-4f14-aa0c-a05957a52304,0,ai-agents,False,0.0,True,True,True
d439e0e6-9abf-4594-9ea1-ae0a1d3e3d79,7,ai-agents,False,0.0,True,True,False
4a4dfc60-aa52-4234-8f57-508d3d143a95,14,ai-agents,False,0.0,True,False,True
5ccfdf52-eda3-4de0-9162-2ffadc029de1,14,ai-agents,False,0.0,True,False,False
2f4413bb-49ba-4ec7-8a28-d805689e9458,4,ai-agents,False,0.0,True,True,True
19dc2638-f576-4edd-bb1e-88d2ff288dfb,6,ai-agents,False,0.0,True,False,False
1d705d56-eeb1-4a9b-a8c9-8e09f54ed7c8,6,ai-agents,False,0.0,True,False,False
73973830-91ef-4c1f-a4a9-dab2333b35bc,7,ai-agents,True,0.3157894736842105,True,True,True
093ad998-64e5-42b3-b156-83e2d4ff8408,6,ai-agents,False,0.0,False,False,False
fe355bc2-0e3b-4c87-87c1-770b5bab46e6,14,ai-agents,False,0.0,True,False,True
fa19ff85-1e8f-4732-b80c-9b36bc0a5605,6,ai-agents,False,0.0,True,False,True
8a3d7cdd-e920-4ef3-b00e-675e75e7fa24,4,ai-agents,True,1.0,False,True,True
0ccf45ce-5609-46ca-a579-e068ad0de5b0,6,ai-agents,False,0.0,True,False,True
1c98f363-b499-4cae-a9ec-fef8b2cbc498,6,ai-agents,False,0.0,True,True,False
42c52bc7-a3c2-42ca-baf3-82d789419ef5,6,ai-agents,False,0.0,True,False,True
f048ddf5-8f52-41ca-b003-1bd482763489,4,ai-agents,False,0.0,False,False,False
39765b8a-ff79-44fb-bc8f-68fd95731c14,4,ai-agents,False,0.0,False,False,False
2aab7126-877b-402e-a4e8-489648898331,4,ai-agents,True,0.0,True,False,True
f4a4a063-511e-4bce-af76-98f643fa103f,4,ai-agents,False,0.0,True,False,True
e9bfa1b9-3dff-4a8b-b99f-12c9ff4a0a2a,4,ai-agents,False,0.0,True,False,False
38790c9a-7cd2-44d1-b9d3-9eba09aa41a7,14,ai-agents,False,0.0,True,False,False
cf4eb9da-46ab-43aa-a923-89bb341ce14a,6,ai-agents,False,0.0,True,False,True
85c2342d-a610-43c0-974b-939653842322,6,ai-agents,False,0.0,True,False,True
61faf757-f4f8-40e5-a1c7-5432a26147e1,7,ai-agents,True,0.6666666666666666,False,False,False
995b5673-7ddc-44a0-8045-5effa557ec53,4,ai-agents,True,0.0,True,False,False
6954b0a6-1bdf-4e49-98c5-852941fb7eae,14,ai-agents,False,0.0,True,True,True
399572f5-e44d-456b-a859-524e7bfae56c,7,ai-agents,False,0.0,True,True,True
8306c24c-54ce-46e3-8e31-ad927565f406,14,ai-agents,False,0.0,True,False,False
276a454f-a2db-405f-8ca8-4be5497484da,4,ai-agents,False,0.0,False,False,True
928d494a-adb2-479e-a694-5cf6ff424a1a,4,ai-agents,True,0.0,False,False,False
67354add-ed45-42ee-a485-b90cef3b13a2,2,ai-agents,False,0.0,True,True,True
34ea422a-4e73-4e80-8684-f0d12d2b2504,6,ai-agents,False,0.0,True,False,False
99e89cbb-bb68-462c-893b-871b42b13081,6,ai-agents,False,0.0,False,False,False
0a38a73f-7e92-48f1-be54-a4865ba6293c,14,ai-agents,True,0.0,True,True,False
733ff7d4-7bbd-41ff-97d0-7a5409683f69,4,ai-agents,True,0.0,True,True,True
60ea4b66-efcf-4c8b-ada4-9df1be0b64c2,6,ai-agents,False,0.0,True,False,False
7b887770-c94e-4bc0-9598-51469c5754f7,6,ai-agents,True,0.6666666666666666,True,True,True
8d9b3171-3a0e-4a13-a74b-aa1a363704dc,6,ai-agents,True,0.0,True,True,False
b8d780f4-0200-4dbd-a826-a85cae97f1c4,4,ai-agents,False,0.0,False,False,False
d15a9d6f-90ce-4b07-9323-2df8b22a8349,0,ai-agents,False,0.0,True,False,True
30649184-7593-4283-bca6-1b1378acf215,14,ai-agents,False,0.0,True,False,False
8c8476df-46aa-4ee9-aced-ed7c90bb2a2e,4,ai-agents,False,0.0,True,False,True
4c1f5378-b42b-4e58-a359-fcdd82d8e68e,4,ai-agents,False,0.0,True,False,True
99f5400b-48ab-4fea-a4cd-84c0bb816e6b,14,ai-agents,False,0.0,True,False,False
479690a1-f980-4f67-a527-79f366aa2cc5,13,ai-agents,False,0.0,True,False,True
c9d4172d-3321-4201-9e4f-2863b7e1f31e,14,ai-agents,False,0.0,True,True,True
4895f0c9-f54c-4143-a7f5-42dba5309356,14,ai-agents,False,0.0,True,False,False
e3e22683-040a-461d-9ccb-bca93c122a37,4,ai-agents,False,0.0,False,False,True
56b0ec8b-ed80-4cdf-9eca-a62c41ae79cc,4,ai-agents,False,0.0,False,False,False
4b39d229-cafa-4433-b81b-4637696ba169,14,ai-agents,True,0.0,True,True,True
e09090da-4246-4ffe-9dd5-90b414f8aafe,7,ai-agents,True,0.6666666666666666,False,True,True
996c67a1-24bf-4184-9d8d-799126c42fbe,6,ai-agents,False,0.0,True,True,False
1cd6ee08-83d3-419a-aef3-278335a0161e,14,ai-agents,False,0.0,False,False,False
0c79e6a1-4aef-4655-bc99-28b1b590b694,4,ai-agents,False,0.0,True,False,False
ccc9f073-c683-4954-8fdc-8f6585b04ea6,0,ai-agents,False,0.0,True,False,False
a0832789-e5b6-47ef-bf8b-bebfce2e927e,4,ai-agents,False,0.0,True,False,True
1c0bd79f-8fc6-4ce1-bb54-dc99f9bc188c,6,ai-agents,False,0.0,True,False,True
dd94bd07-bfa4-4d4f-908f-1f46b417cb29,4,ai-agents,True,0.8,True,True,False
9560d1e5-b2a4-4a02-9b44-a384bcf5fe27,6,ai-agents,False,0.0,True,False,False
dbf72026-833d-4b8b-84f2-b80521e8326e,6,ai-agents,False,0.0,True,True,False
768d2327-0ebc-44b7-9374-edac83011910,4,ai-agents,False,0.0,False,True,False
152183e9-296e-4676-acde-420a108921a3,13,ai-agents,False,0.0,True,False,True
d2adac0c-f6a2-4e31-9279-e424d6c06cd6,6,ai-agents,True,0.7272727272727273,True,True,True
e89dad3a-89b7-45f0-b256-a74726d27afd,4,ai-agents,True,0.0,True,False,False
9be9a3ac-465e-4255-a851-da205020abcd,4,ai-agents,False,0.0,True,False,False
d25201f7-016c-4457-a6a1-701ea8087089,13,ai-agents,False,0.0,True,False,False
743bbd81-e2e8-4add-a61d-854dcdf04371,6,ai-agents,False,0.0,True,False,False
d2734505-d67c-4d4c-87ab-38c0cd7b35f1,14,ai-agents,False,0.0,True,False,False
78ed1614-065f-4b9f-80ee-cf5be72773d2,14,ai-agents,False,0.0,True,True,False
e7b931e1-bc90-4cda-9ccf-0d70904a4ec0,6,ai-agents,False,0.0,True,False,True
26f6fba0-5c8e-4dd8-a7a6-dce257be471b,14,ai-agents,False,0.0,True,True,True
7c4acdea-441c-4626-9a3f-a3c9d52da419,4,ai-agents,False,0.0,False,False,False
ec785b0f-4f02-4c58-be0a-e85cbd9b85be,6,ai-agents,False,0.0,True,False,True
ec7101a3-bdca-4ce0-a7fd-0e892377d6cc,4,ai-agents,False,0.0,True,True,True
947d9f79-276f-41b5-9f73-cfa3b7000352,7,ai-agents,False,0.0,True,True,True
0c802aeb-ca62-4a83-b7b7-a2ce2ca05536,13,ai-agents,False,0.0,False,False,False
8792560c-894e-4a9e-a958-e1163b62ecae,14,ai-agents,False,0.0,True,True,True
c5e6bbd9-aef0-4c48-94fa-92d17e4eac2b,4,ai-agents,False,0.0,True,False,True
14b6766f-b07a-43d4-9637-f67664a06275,4,ai-agents,False,0.0,False,False,False
3debca9a-0422-4e1c-8118-480187bc5954,4,ai-agents,False,0.0,True,False,True
cbeeca28-c867-4c22-b268-2205a60c151c,6,ai-agents,False,0.0,True,False,False
194e4388-0011-4e35-8753-e19fe98d489a,6,ai-agents,False,0.0,True,False,True
dfa48b2d-31c8-48c1-a944-cd0d97da637c,4,ai-agents,False,0.0,False,False,False
e7b760aa-47f7-4b3c-8fa4-56975c4fc00b,0,ai-agents,False,0.0,True,True,True
b8bdf06f-8ea7-4dd0-b4b0-4045cd46837c,4,ai-agents,False,0.0,True,False,False
360bf51f-b143-450d-b3c4-7bd6331bdd68,14,ai-agents,False,0.0,True,False,False
dc29ac15-7f58-4590-ad28-0693b1f67a3a,4,ai-agents,False,0.0,True,True,True
5459639b-fe35-47b9-a535-393399765b1e,13,ai-agents,False,0.0,True,True,True
259df9e0-6449-4929-9132-968cc673f159,7,ai-agents,True,0.8571428571428571,True,True,True
b6e91ad7-2d05-49bd-829b-41956eb6175f,14,ai-agents,False,0.0,True,False,False
28a534f1-91c9-4366-b9a3-abaa2b75314c,14,ai-agents,False,0.0,True,False,False
0467ce05-fc29-4810-aa07-a8ed06cf6ac7,6,ai-agents,False,0.0,False,False,False
df34cccc-2160-4879-8414-9808c6a082ed,11,ai-agents,False,0.0,False,False,False
c23ac871-0c4a-42e4-8ae8-435fcce24ef8,4,ai-agents,False,0.0,False,False,False
b4396369-df5b-439c-9a15-58c8dcd227b8,14,ai-agents,False,0.0,True,False,False
d481c6b7-b8ac-4594-b51e-a0f816ed1a7b,6,ai-agents,False,0.0,True,False,False
55ec1d2c-bceb-41f8-a09a-d3fb02b792d1,4,ai-agents,True,1.0,True,False,True
deee2429-17e3-4f6c-bd4d-b5b2a877696e,14,ai-agents,False,0.0,True,True,False
16d561e8-514d-45f5-ae2d-e5b288a72306,14,ai-agents,False,0.0,True,True,False
0a6087ef-b93e-41c4-bc52-edbfde84db56,4,ai-agents,False,0.0,True,False,False
5c1c9fd5-9c62-4f98-bf37-c14df0b43f54,6,ai-agents,False,0.0,True,False,False
5b5ece3e-d1fa-4473-abef-3bee9d6bdc32,7,ai-agents,True,0.5714285714285714,True,False,True
144cea99-41c1-4831-886f-64741191083c,0,ai-agents,False,0.0,True,True,True
1f390450-6f33-4e9b-a0bb-75a43d4d8261,4,ai-agents,False,0.0,False,True,True
0ace29e4-3105-4238-8aea-cab1960e828d,6,ai-agents,True,0.5,False,True,False
9c24ad12-d12e-4fdb-9273-41d21fb995e3,6,ai-agents,True,0.4,True,True,False
83b357c7-ed0b-434b-9d27-dee550e35b85,6,ai-agents,False,0.0,True,False,True
fc819620-668f-4333-8fe3-6e7e3b895085,0,ai-agents,False,0.0,True,False,False
aeaa54f4-fdeb-4085-8001-66f8d5c06b43,4,ai-agents,False,0.0,True,False,True
6304a0cb-8804-4998-ba93-b8d3f59c2bd9,6,ai-agents,False,0.0,True,True,True
9b1127d8-852b-477f-bee2-c225ffda620e,6,ai-agents,False,0.0,True,False,True
70466078-bb02-4f81-9efc-e2bf3c84858b,14,ai-agents,False,0.0,False,False,False
9f80cf47-a8bc-4a59-bcb1-4ce1f341bb1d,7,ai-agents,True,0.0,True,True,False
2eb9155d-b45d-47da-b18e-7aed8ae3830d,13,ai-agents,False,0.0,True,False,True
ac7cfcaf-c795-428a-801e-b442a6b761e9,6,ai-agents,False,0.0,True,True,False
8f1ea749-fce4-492f-a132-ff99d4ac17f6,4,ai-agents,False,0.0,True,False,False
566a980c-174b-46d5-8394-3c50051e0445,0,ai-agents,True,0.0,True,False,True
d0e3df64-f94f-409c-9bda-3c26ad62497f,14,ai-agents,False,0.0,True,True,True
f95faaa5-41d0-46d1-95c3-fc9aff4b090f,14,ai-agents,False,0.0,False,False,False
22207b0d-4b2e-4dc3-87d4-68007e876ba3,11,ai-agents,False,0.0,True,True,True
02288835-7545-4a77-9073-026258938167,4,ai-agents,False,0.0,False,False,False
6e57502f-6fcc-4e18-9308-556435669a06,14,ai-agents,False,0.0,True,True,True
309590ae-d1e4-42e1-9579-5bcb5b7f097e,4,ai-agents,False,0.0,True,False,True
6fc19342-a55f-4efc-99e9-a895b3c90a1e,11,ai-agents,False,0.0,False,True,False
b770a476-4e96-4351-a071-15305b189eef,14,ai-agents,False,0.0,True,False,True
a0457050-d28e-46ae-ae5a-c191422bc1bf,4,ai-agents,False,0.0,True,True,True
96ecda90-5934-46e3-b946-85e58a3bcdf2,4,ai-agents,False,0.0,True,False,True
d06c760d-5f9d-4599-9ca9-83050fef66b5,4,ai-agents,True,0.0,True,False,False
794e9c6f-eb6c-44a6-bc01-94b3533e4116,4,ai-agents,True,0.0,True,False,False
68e8c9f9-62e5-454f-bf62-9a31971d967e,6,ai-agents,False,0.0,True,True,True
87432c58-2482-4cb4-89b7-0c8241464953,4,ai-agents,False,0.0,True,True,True
922d21ad-19a2-4b27-a7a4-6ee1b8e053ea,14,ai-agents,False,0.0,True,False,False
b4a1a2eb-9efd-40c4-bf59-986284b149f0,7,ai-agents,True,0.5,True,True,True
a78ce12c-36f6-4f9a-97d7-a1b02d324b63,14,ai-agents,False,0.0,True,False,True
0af24b56-048d-44a0-89d8-453f394727ac,13,ai-agents,False,0.0,False,False,True
ff9bd16c-133f-4c7b-970c-61a60a269071,14,ai-agents,False,0.0,False,False,False
f17dd6ec-c0e0-4a1c-8df2-cb83960de730,6,ai-agents,False,0.0,False,False,False
bac6165c-0ba2-41ff-8fcd-cd7240445696,6,ai-agents,True,0.75,True,True,True
55fe953b-39b9-47d3-a992-7fa465d46ff8,14,ai-agents,False,0.0,True,True,True
cbe4def2-f9b5-4bcf-9a3c-8f5c2f21bca4,0,ai-agents,False,0.0,True,False,False
414104a9-cefd-4622-bd76-f3e341ad23bb,6,ai-agents,False,0.0,False,False,False
f31e86e6-08f2-44d6-96e2-ad7629393a64,4,ai-agents,True,0.8333333333333334,False,False,True
eaf2c41a-0002-47f4-b0b5-417366068098,4,ai-agents,True,0.8,False,False,False
54078561-39c8-47d2-aef1-1c6e5293c5fc,6,ai-agents,False,0.0,False,False,False
9d4219e2-2c83-45d1-bbbc-7153ce9080f6,7,ai-agents,True,0.0,True,True,True
a3974ffb-dfa3-4ac2-ab4d-b3ef2f5315ac,4,ai-agents,False,0.0,False,False,False
6df0ad2b-6fe2-49c3-9a35-94b079c1aed5,0,ai-agents,True,0.8571428571428571,True,True,True
168158d6-dbaf-4064-a2e8-fe930b23b715,0,ai-agents,False,0.0,False,False,False
afe0b580-7555-4009-a65d-29a39c48fbd9,6,ai-agents,True,0.8571428571428571,True,True,True
4b41b3a5-c366-42ef-a20d-59be9cc93a2e,6,ai-agents,True,0.7272727272727273,True,False,True
bf61476d-2c5e-4598-8c54-8037cd35f08d,14,ai-agents,False,0.0,True,False,False
01dc0dcf-a582-4054-9f0e-ddc868e19ad0,4,ai-agents,False,0.0,True,False,True
dcf72b88-ce15-4146-806f-6d309611bf24,6,ai-agents,False,0.0,True,True,False
43247db5-648d-4580-a4d9-a44590ef1bc4,4,ai-agents,True,0.0,True,False,False
05e6a66f-ffde-4b52-9e96-76ac3c656635,14,ai-agents,False,0.0,True,False,False
f0f92450-86da-4788-8029-3cc72e74becc,6,ai-agents,False,0.0,True,False,False
bd754d4f-ecc1-4294-bcec-7b7d002fed94,14,ai-agents,False,0.0,True,False,False
4e86d21d-18f3-481e-9e53-eb48d2a596c9,6,ai-agents,True,0.0,True,False,True
2ab2f01f-6981-4a94-b3e0-3de3818902fd,14,ai-agents,False,0.0,True,True,True
15c0483f-c4e4-4c24-8408-4d6ad3e084be,6,ai-agents,True,0.5,True,True,True
ea373f53-3a61-4ef0-9b42-4e41bba0a2e3,6,ai-agents,False,0.0,True,False,False
b20ec953-8420-462f-a0ca-b898dc214002,13,ai-agents,False,0.0,True,True,True
ab7e4136-7359-4439-b438-e590456e41ca,14,ai-agents,False,0.0,True,False,False
5494263f-7c16-4e32-b0e1-2f954d9398c0,14,ai-agents,False,0.0,False,False,False
cf17101d-a756-4b7e-af0a-0221882abf1f,13,ai-agents,False,0.0,True,True,True
a6952475-ea88-4503-be20-b0fde0800478,4,ai-agents,False,0.0,True,False,False
2e485a40-af14-4331-9475-fe00640a89a4,6,ai-agents,False,0.0,True,False,True
56d0fa7b-c9f1-4b90-980c-c7d2df4cc0f5,4,ai-agents,False,0.0,True,False,True
73823f18-1ba0-4fdb-946a-f5da75e6e89b,14,ai-agents,False,0.0,True,False,True
85e95154-36fc-4102-9af6-753b8ae4faad,14,ai-agents,False,0.0,False,False,False
101b7c76-7116-40b3-9acd-99ebcf20ef62,6,ai-agents,False,0.0,True,False,True
9eb64bf6-9873-47c5-8671-6d8613729b1d,4,ai-agents,True,0.0,False,False,False
9f061b93-5556-4425-a43d-bec38db91f62,1,ai-agents,False,0.0,True,False,True
9a8ad2a7-6209-4475-a169-344c52b2a22c,14,ai-agents,False,0.0,False,False,False
7c438ebf-8425-443e-b2c5-27a3299ebf08,0,ai-agents,True,0.6666666666666666,True,False,True
2aa0d31b-52f7-4b5d-b183-d7c6be496b06,14,ai-agents,False,0.0,False,False,False
59c2a1fd-89d4-4842-8870-fa549b2362ce,4,ai-agents,False,0.0,True,False,False
c111ae12-780b-45e8-9fe9-827feb2db906,6,ai-agents,True,0.0,True,False,False
bc2728fd-1909-463e-a961-9da799b85725,14,ai-agents,False,0.0,True,False,False
0c3283d4-3bab-40c1-864b-bd1fdeeb570d,14,ai-agents,False,0.0,False,True,False
6dba64b6-1696-429a-a2f0-8706e80ba169,6,ai-agents,False,0.0,False,False,False
6ed834de-99d5-4337-95c1-cdf06525ddc6,6,ai-agents,False,0.0,True,False,False
0f8bef1d-312e-4032-ab00-fa139edeac0f,14,ai-agents,False,0.0,True,False,False
9e2a6849-7291-4f46-85df-357778696641,14,ai-agents,False,0.0,True,False,False
a8efc5a0-4e4a-4cf0-a6b6-4ad3cd7f73e1,7,ai-agents,True,0.4,False,False,False
5a4138d5-3920-4b28-839a-6475229c407c,14,ai-agents,False,0.0,False,False,False
6f0f08d1-fe88-4524-8b4c-c5c9ef4329b3,3,ai-agents,False,0.0,True,False,False
3de6409e-b53b-4718-91ed-7375ff659f9e,4,ai-agents,False,0.0,True,False,False
618349e5-ac4f-4953-8220-1d9ae4fcec4b,14,ai-agents,False,0.0,True,False,True
2a792f34-43ed-430f-a242-967c76ebd2d9,6,ai-agents,False,0.0,False,False,True
b0cf2fb3-4198-410e-9436-f4555e7ec1dc,4,ai-agents,False,0.0,False,False,False
8a625995-4a5a-4926-8bc1-8d5389ef105e,4,ai-agents,False,0.0,True,False,True
a43d1c8f-3f99-4208-9e27-10d0080cf799,7,ai-agents,True,0.717948717948718,True,True,True
2c7b3f40-cf75-4ff5-be19-d65049ffeda8,14,ai-agents,False,0.0,True,False,True
7685a5f8-cf35-41d0-aaef-187460593a98,6,ai-agents,False,0.0,True,False,True
90482e2f-15dc-4a84-911d-dbfaf56e12fb,7,ai-agents,True,0.0,True,False,True
c02f21a6-85d3-43e2-b12b-cbbff2678f5c,11,ai-agents,False,0.0,False,False,False
ba2374a5-247e-42c4-9579-27c33602d0bd,0,ai-agents,False,0.0,True,False,False
7ad33e8b-1c1d-4f0d-b31c-e08a10f8ed8c,7,ai-agents,True,0.7142857142857143,True,True,False
4928d51f-5837-48d6-b50a-e1fb3ba43f92,0,ai-agents,False,0.0,True,True,True
20c0cdd4-d253-4906-bc8a-b78d5138a6f3,4,ai-agents,True,1.0,True,True,True
31d56470-a0b6-47bc-b245-6b9a4d593ef2,14,ai-agents,False,0.0,False,False,False
06ad0a7d-d3a7-4b2d-9ee4-2a0fef86f76c,4,ai-agents,False,0.0,False,False,False
c47bb1a7-44dd-4364-82e6-661d1c7d7393,13,ai-agents,False,0.0,False,True,True
bbb32d78-c940-4304-af6a-e194c538eb00,4,ai-agents,True,0.0,True,True,False
a0ced8d5-19f2-472e-8470-ece9e8315c03,14,ai-agents,False,0.0,True,True,True
99f9f2eb-7275-43c9-bc98-1d0846a25894,4,ai-agents,False,0.0,True,False,False
9115427f-5cdb-4c01-adad-05f8ef1e3ddc,6,ai-agents,False,0.0,True,True,False
aa27249a-2ff9-4270-a9ff-2dff59c28db9,0,ai-agents,False,0.0,True,False,True
a9adc332-3a5b-4bdb-bb66-5b124bb6aa2e,6,ai-agents,True,0.8,True,True,True
ee3150ca-d0fc-497d-8b53-ea83855a694b,14,ai-agents,False,0.0,True,False,False
02d45d46-e0f7-401d-a418-eab1680f099d,14,ai-agents,True,0.6666666666666666,True,False,True
834aa0ca-2568-4cdc-b7f4-644c135f296e,6,ai-agents,False,0.0,False,False,False
edd0711a-2fc4-4837-8936-5967b45aff58,6,ai-agents,False,0.0,True,False,True
70d2f234-e134-431b-a438-53a86ec1e608,14,ai-agents,True,0.3333333333333333,False,True,True
1936c863-2ab1-441e-8be4-dfa87a66466a,4,ai-agents,True,1.0,False,True,False
13310091-8519-44f7-affa-9d03673f2930,0,ai-agents,True,0.5,False,True,True
e58aa022-629c-42c0-b5c8-67e7016fa372,14,ai-agents,False,0.0,True,False,False
8f85eaab-1ee0-40af-8a59-64be003075ae,13,ai-agents,False,0.0,True,False,True
b4e87ef6-c6f9-471e-94a8-21691107bd40,14,ai-agents,False,0.0,True,True,True
f9e6c70d-2581-402f-8d59-0cead7228a2c,4,ai-agents,True,0.0,True,True,True
4ebc0bf1-136a-4b51-80b7-607e32898889,7,ai-agents,False,0.0,True,False,False
897f659e-590a-4dd4-8125-24d1bd505aea,14,ai-agents,False,0.0,True,True,True
c24fd993-3861-4014-a276-ff23e091ea39,14,aithoughts,False,0.0,True,True,True
7cea681d-d153-4a07-8e39-9dab5e33d88d,4,aithoughts,False,0.0,True,True,True
477a699e-a0aa-440f-ab0f-a91cbbabc1fc,7,aithoughts,False,0.0,False,False,True
045e0451-62aa-4067-9ba6-e324b218d9e2,6,aithoughts,False,0.0,True,True,True
351c2c08-6338-4643-b543-6f0388bbf672,14,aithoughts,False,0.0,True,True,True
dc889d15-dc85-433e-b030-bfb41e9a984f,6,aithoughts,False,0.0,True,False,False
2a4c52a8-b486-471e-bd6a-6542875ddac3,0,aithoughts,False,0.0,False,False,True
87a1e25d-8d3e-4af6-aede-0244f98e86ad,7,aithoughts,False,0.0,False,False,False
7e8bec87-61aa-4262-9de4-21857a892463,4,aithoughts,False,0.0,True,False,False
cc34e348-89f5-4a09-851c-d457315ea065,4,aithoughts,False,0.0,False,False,False
17b368b6-2f02-451d-87eb-17d2cb331240,4,aithoughts,False,0.0,True,False,False
493fcd4b-6d6d-466f-8498-71c7f1dd8399,4,aithoughts,False,0.0,True,True,True
8e31cae6-a58f-4c17-b42c-6674332915b1,4,aithoughts,False,0.0,True,False,True
a2278273-3494-4b0a-a570-567847fdde75,14,aithoughts,False,0.0,True,False,False
f6fd99fe-40fd-49e9-9b2f-e43e16dc1017,4,aithoughts,False,0.0,True,True,True
a85817d4-5903-4174-92ee-3776a743e004,0,aithoughts,True,0.5714285714285714,True,True,True
fb74060b-93b1-4491-b758-e135a5d5c8de,4,aithoughts,False,0.0,True,False,False
a2830629-0913-4cfa-8a2d-dff1015e46ae,7,aithoughts,False,0.0,True,True,True
8e5aaa63-a004-4b4e-8e40-039977b04113,4,aithoughts,True,0.4,True,True,False
4a719570-d42d-4b96-8642-315d5818c2c8,0,aithoughts,False,0.0,True,False,True
86a53a6e-909a-449b-be7d-8ba989e1ae3c,6,aithoughts,True,0.4,True,False,False
ddf4d27b-c0a2-45ec-9778-0aa9d469c785,4,aithoughts,False,0.0,False,True,True
43e22a8d-a8f1-4a28-bd16-65e0963b4b93,14,aithoughts,False,0.0,True,False,False
a1f3c455-1418-43a7-865b-99afb60ee14a,2,aithoughts,False,0.0,True,False,True
3b2d32ef-0e4e-4302-99e8-6b7e47d0ed8f,6,aithoughts,True,0.6,True,False,True
cc62fe9e-b7ea-4a4c-9511-4dc4f17ae9df,14,aithoughts,False,0.0,True,False,False
a21b038b-72ce-45e5-bcc0-74ce1ccf0df1,0,aithoughts,True,0.0,True,True,True
c4cb0c5c-4751-4d65-b879-e5da28af94d5,6,aithoughts,False,0.0,False,False,False
4162d61d-bb9a-4a85-becf-682804c6c315,14,aithoughts,False,0.0,True,False,False
1589ee4d-0e45-43e0-b420-539ff66914c9,14,aithoughts,True,0.0,False,False,True
9ad3893f-c22a-44de-ba8b-7c1fb17bc367,0,aithoughts,False,0.0,True,False,False
c915a480-445a-4c77-b7b4-4a529c73b8cc,6,aithoughts,False,0.0,True,True,True
8166684c-85d2-429e-b0bf-e827ae1cb7a3,6,aithoughts,False,0.0,False,False,False
96578045-c6e8-451e-8f22-424803658b9f,0,aithoughts,False,0.0,True,True,True
4ece69a6-070a-4d05-b1de-4a711d0aeed8,4,aithoughts,False,0.0,True,False,True
5a273896-a783-413b-b57d-e013d3143721,4,aithoughts,False,0.0,False,False,True
ee928f71-5bc1-442e-9ddc-ada3649d1bf1,6,aithoughts,False,0.0,False,False,False
7bdbd460-6d1d-4a82-88bd-fb89e265c427,4,aithoughts,False,0.0,False,True,True
a220f090-1d5d-4581-a45b-3de895f4801f,7,aithoughts,False,0.0,False,True,True
22ea67f3-31b5-4e98-91d2-b4b1052221ec,14,aithoughts,False,0.0,True,False,False
c1b58205-285f-424e-84d7-319cbb3cef82,4,aithoughts,False,0.0,False,False,False
ade0085f-da74-423e-a663-86931154e7a6,4,aithoughts,True,0.0,True,False,True
22f8e8db-d24b-48b5-8aa9-964aacaee056,4,aithoughts,False,0.0,False,False,False
bea04045-0f32-44e2-9749-b8abbc390f6f,7,aithoughts,True,0.5,True,True,True
b7e00b3e-d2f6-4f76-9e0d-4fb03aaa9c90,6,aithoughts,True,0.0,False,True,True
2324e99e-0bef-46c1-90bf-dcc4c89ed02a,4,aithoughts,True,0.0,False,True,True
255ffcaf-c196-41ca-9ce4-98230d756944,0,aithoughts,False,0.0,True,False,False
3b0440c1-f9d9-4a80-bb88-f73bc1098659,0,aithoughts,True,0.5714285714285714,True,True,True
8d9c2dc4-e7b7-4329-90e0-36b2b5074995,7,aithoughts,True,0.0,True,True,False
f211b5b0-682d-4eb0-ab7f-29df61a8d666,14,aithoughts,False,0.0,True,False,True
f3e25905-1794-48ad-913e-8af21cce2073,2,aithoughts,False,0.0,True,True,True
531c56ea-a32a-4f69-ab41-3d5330491f87,0,aithoughts,False,0.0,True,True,True
33946d61-9afd-4375-b3f1-e7d422a37a60,6,aithoughts,True,0.6,True,False,False
adb54e82-72c9-4244-a7c5-86d62227e356,0,aithoughts,False,0.0,True,False,True
99f8f88a-be38-4391-a068-8416b413b9b6,7,aithoughts,False,0.0,False,True,True
01fde8ce-de4f-432e-9d2f-6d16d25878fc,0,aithoughts,False,0.0,False,True,True
75dc21a8-7069-4b74-8f9e-1252adab21be,14,aithoughts,True,0.3076923076923077,True,False,False
b15b6051-e951-4d04-aecb-7501ecabfacf,6,aithoughts,True,0.875,True,True,False
bead17d6-0b78-4c0e-ada3-c661cb57fd73,0,aithoughts,False,0.0,True,True,True
d42fbe2e-8f8d-4c38-be59-3b2887a91350,4,aithoughts,True,0.0,False,False,True
2908dbf8-a3f7-4c74-9cc7-4523c57377d9,0,aithoughts,False,0.0,True,False,False
6ff59d6f-e9ff-4e22-8b4f-d5b8ec99221e,4,aithoughts,False,0.0,True,False,True
836e5ef5-8a01-440b-a7fb-9a832c066fd2,14,aithoughts,True,1.0,True,True,True
85225c89-8b4f-43dd-a47f-f7f3fa6de0ad,14,aithoughts,False,0.0,True,False,False
f30afb6f-b7d6-4528-9e16-1603cd257798,14,aithoughts,False,0.0,False,True,True
0a4cea63-1f0d-4c8d-b852-19d990d40695,4,aithoughts,False,0.0,True,True,True
43df5090-9888-494f-9534-5fba431bc759,4,aithoughts,False,0.0,True,True,True
87108677-c1eb-4676-aef6-71d52d1165f5,0,aithoughts,True,0.0,True,False,True
edc6cbf2-5b87-45ee-ba3e-3b3ad8253d10,1,aithoughts,False,0.0,True,False,False
99467474-313c-4c05-8851-ea7d53b40b67,4,aithoughts,False,0.0,True,True,False
5ebf27a3-90f6-4ede-bdb6-cf1e12893bb5,2,aithoughts,True,0.46153846153846156,True,False,True
9fe0dc0b-5539-490c-a182-e650fedd6f7a,14,aithoughts,False,0.0,False,False,False
c6bcd4b5-8755-418c-88d6-f916887f4d56,1,aithoughts,True,0.0,True,False,False
9c69eae0-75d9-4951-8105-82df34ffca04,2,aithoughts,False,0.0,False,False,False
e6f6e9a4-8bcf-4af5-b53a-bd48c0a997b0,14,aithoughts,False,0.0,True,True,True
646cf040-771d-4566-9dc3-4c38a875c1ca,14,aithoughts,False,0.0,True,False,True
d4a4cc29-1dda-4784-adb1-277fa989d4ef,4,aithoughts,True,0.2857142857142857,True,True,False
2aaa05ae-5c6f-4e26-92cd-fe6f6deeb67b,14,aithoughts,True,0.0,True,False,False
6c107ecd-c66d-453b-a36b-ed6e6bd47b45,14,aithoughts,False,0.0,False,False,False
b7a19acd-af96-42c5-8158-8b5f027683ce,1,aithoughts,False,0.0,False,False,False
7497beb7-1dd6-44da-8526-46e30bb2ecf0,0,aithoughts,False,0.0,True,False,False
4f18c89d-38da-484e-989d-fedcabc6d0ea,4,aithoughts,False,0.0,True,True,False
4f0178f6-4b07-4ffe-84b9-1b7ea0866e3c,14,aithoughts,False,0.0,True,True,True
20453628-8a27-49ae-988f-633ba1e04ac4,14,aithoughts,False,0.0,True,False,False
79791a71-e972-4835-a27e-93122049cf4f,0,aithoughts,True,0.5714285714285714,True,True,True
f0d7fa20-5b6e-4c5e-ae82-217284ca983d,4,aithoughts,False,0.0,True,False,False
867f1a44-3c88-4850-92b2-7510923fdf9a,14,aithoughts,False,0.0,False,False,False
3e1cf438-2e4f-44e0-b220-b80616d8d698,7,aithoughts,False,0.0,False,False,False
9536b8d4-58ad-4e2a-9fb1-0c42060feba2,7,aithoughts,False,0.0,True,False,True
720d7a6d-2e4e-4673-a410-5e6703f18b14,9,aithoughts,False,0.0,True,True,False
f77b189e-b9e4-494f-885f-477891eedcc1,0,aithoughts,False,0.0,True,False,False
a8e8d66f-ce6a-4d19-8a6d-3562bc4884b1,0,aithoughts,False,0.0,True,False,True
12a8fdf8-0dbb-4c26-9912-624da1beec11,7,aithoughts,False,0.0,True,False,True
1d3e3fb6-40ba-4d8d-b35f-5660cace2d25,7,aithoughts,False,0.0,True,True,True
8b4cc1ee-b281-4dc3-934c-23745cc736f4,3,aithoughts,True,0.0,True,False,True
2fd750ea-bd86-459a-9411-dc2679d7529f,4,aithoughts,False,0.0,True,False,True
c6feefdc-866c-4727-afa3-750f2cf380cc,14,aithoughts,False,0.0,True,True,True
464b0d36-65e2-484a-a5c0-4577dbd7c26a,4,aithoughts,False,0.0,False,False,False
9e11ac69-6a19-4d5e-a46b-9a4ce157d38b,4,aithoughts,False,0.0,False,False,False
3c272ea3-1df8-4f27-b297-64312804dc5e,14,aithoughts,True,0.0,True,True,False
2aad2931-5be9-4f5e-81ec-06a35b18ca00,0,aithoughts,True,1.0,True,False,True
f8ed43f6-4bb2-4b31-9943-78dfd09e0e0b,4,aithoughts,False,0.0,True,True,True
6bd535dd-8d48-4465-bb2a-d66d5691cb11,7,aithoughts,True,0.0,True,True,True
fbda96f2-79bf-4d0f-8429-6f6b52ff3ca8,14,aithoughts,False,0.0,True,False,False
52171550-8fa0-4525-9492-91aaf11fe869,4,aithoughts,False,0.0,False,False,False
4513f4b0-776b-4f47-ba9c-af409331095c,14,aithoughts,True,0.2857142857142857,False,False,False
cee81010-a2a7-4f06-8e0a-b1442ed7b25d,0,aithoughts,False,0.0,False,True,False
aad3fe2a-b9d0-4b7e-bc7b-d4bc5097062f,3,aithoughts,False,0.0,True,True,False
388d8be8-e803-4caf-9e24-1db184f6ed49,1,aithoughts,False,0.0,True,False,False
f2499a94-0caf-4ab6-b1ad-fc589b17b16c,4,aithoughts,False,0.0,False,False,False
425616d3-1aba-44f6-bafc-fde9c84e8730,4,aithoughts,False,0.0,False,False,False
9dccbf89-87b6-4edd-8fb0-2c366b98b2bf,7,aithoughts,False,0.0,False,False,False
dbafb4f8-a5b7-4b67-beac-0549950fb984,0,aithoughts,False,0.0,False,True,False
935325e3-288e-4d18-8f8f-6eabef5619b7,1,aithoughts,True,0.5,True,False,False
82b767ef-5b13-44c5-9056-251ba070b917,6,aithoughts,True,0.5714285714285714,True,False,False
a51039bc-9339-4d49-ba33-d848a921f069,4,aithoughts,False,0.0,True,False,False
108b27d5-5b5c-49e3-a9c2-e3f5661fc938,4,aithoughts,False,0.0,True,True,False
8af8e3eb-e3e5-4363-9f93-15339c99d638,14,aithoughts,False,0.0,True,True,True
088fecd5-923c-41de-b14a-01727bb6202a,14,aithoughts,False,0.0,False,False,True
a405e6a1-edaf-41fc-bda8-e4d4d43bf327,14,aithoughts,True,0.9473684210526315,True,True,True
3cd6ab90-fa9b-4ac8-901d-ae93522cd41b,4,aithoughts,False,0.0,True,False,True
e64649c3-ef72-4e03-bda1-1d81914116ad,14,aithoughts,True,0.0,True,True,True
ddfb07b2-c8b6-42d1-af36-eb575a949e4f,0,aithoughts,False,0.0,True,False,False
3663e1f3-a905-482a-884f-45a4214c7cf9,4,aithoughts,False,0.0,False,False,False
fe40f62e-8885-480b-80b2-9d5e8c075b98,6,aithoughts,False,0.0,True,False,False
b5bd2663-d92d-434d-8358-734bb09f4e49,7,aithoughts,False,0.0,True,True,True
c0e91ca3-93ba-4221-8114-efa8da28e672,4,aithoughts,False,0.0,True,True,True
864aa78e-6cee-47d1-a3e4-5c8f4ddf31e1,6,aithoughts,False,0.0,True,False,False
66eba896-3bc8-48f2-a35d-ec4063fe8858,4,aithoughts,True,0.4,True,True,True
3fd938b6-2489-443d-869d-d5b1a801aca0,0,aithoughts,False,0.0,True,True,True
79f9d14d-aeca-4c83-aac4-7052961b8b6a,0,aithoughts,False,0.0,True,True,True
ba487801-8801-4b60-895b-a4cb07efc3f7,4,aithoughts,False,0.0,True,False,False
acc1cb57-8fb3-4910-995f-e4291c122972,1,aithoughts,False,0.0,False,False,False
c97e2170-38f0-4fb2-b080-4d463bfa03d9,14,aithoughts,False,0.0,True,False,True
94f38f6e-5383-4b54-9515-2acad23f7f63,4,aithoughts,True,0.8571428571428571,False,True,True
2c0670dc-e484-4fa4-ac59-b3209f12c134,1,aithoughts,False,0.0,True,False,False
15cccd68-582e-47e2-8444-6233b2ba075e,0,aithoughts,False,0.0,False,False,True
c85ef846-08cc-4c82-8002-26111d093f4f,7,aithoughts,False,0.0,True,True,True
91801f26-c8e9-4581-837d-c9dc32e963c5,4,aithoughts,True,0.0,False,False,False
08fc2fc3-6d2e-4c4d-9f11-e9db3dc0d8f4,6,aithoughts,False,0.0,True,False,False
2524a13a-7cb0-48ab-bae1-2e20d2c4b789,4,aithoughts,False,0.0,True,True,True
3b1688e5-dd90-4fdb-81db-266eb7bacf02,4,aithoughts,False,0.0,True,True,True
0646c9ce-337e-4164-a59a-e16cc5067fd2,4,aithoughts,False,0.0,False,False,False
39cb385c-a6bf-4b85-8799-d046840ef1d7,14,aithoughts,False,0.0,True,True,False
11666f99-a7fd-4415-8240-0adfc4127fc7,4,aithoughts,False,0.0,False,False,False
ac6c7544-6006-4ee5-82a5-a1bd1807c812,11,aithoughts,True,0.0,False,False,True
205b4eba-bca7-459d-be8a-0e08efcfadcf,4,aithoughts,True,0.5,True,True,True
c04589bf-0e20-4673-a6fa-b9d0b4e49982,14,aithoughts,False,0.0,True,False,False
d7e4d36d-bbc3-435b-9492-8073eafd4b26,6,aithoughts,True,0.7272727272727273,True,False,False
2cd1be8d-f52d-434d-a43e-e83a359c3707,6,aithoughts,False,0.0,True,False,False
7ed281c0-2d7d-42af-b8ed-aa1e3ebe26eb,4,aithoughts,True,0.0,False,True,True
ae4c1cc7-30e4-444f-9530-a3a75fe35a40,7,aithoughts,True,0.2222222222222222,True,True,True
b9e10dae-df37-4598-a0b2-e9872f6a3e13,14,aithoughts,False,0.0,True,True,True
9c66038b-2cdc-46cf-9260-42b424d8b792,4,aithoughts,False,0.0,True,False,False
dfed1c89-9c32-4d9e-9ed7-59d97f3a774f,4,aithoughts,False,0.0,False,False,False
6b40606a-601b-4f4d-a846-d827a193c4c5,7,aithoughts,False,0.0,True,True,True
db41f59d-f5e8-46c6-91bd-0ef3a5c20776,0,aithoughts,False,0.0,True,True,False
28d04331-661e-4cad-bd07-eedfff36d22c,4,aithoughts,False,0.0,True,False,False
aafbddd6-84ba-4725-ad3e-038662fc0027,0,aithoughts,True,0.0,True,True,True
d4ca528c-1c32-445d-913c-8b03a749e927,3,aithoughts,False,0.0,True,True,False
cbd08545-3933-4c74-9ce6-c96f1aa8500f,0,aithoughts,False,0.0,False,False,False
5ba09c20-553e-4474-880b-f523bbaaaf12,0,aithoughts,False,0.0,False,True,True
18142420-c8d4-4bcb-8b64-944286620d5d,3,aithoughts,False,0.0,True,True,False
a9e54c15-cf58-421a-b22f-4113e5a739fc,4,aithoughts,False,0.0,True,False,False
f22f7182-f16d-4c16-a5fe-55985f067361,4,aithoughts,False,0.0,True,True,True
deae5f5c-9096-46b9-9099-c1580555aaf5,6,aithoughts,False,0.0,True,True,True
1771713e-116c-4712-9cf1-ae7a5791dc33,0,aithoughts,False,0.0,False,True,True
edfd3fc6-8657-483f-9aec-64fa67571b99,14,aithoughts,False,0.0,True,False,False
57b6a118-466e-44f0-8d4f-8a84330cd9e4,4,aithoughts,False,0.0,False,True,True
0e418994-aa3b-42a2-80af-775092077b6c,4,aithoughts,False,0.0,False,False,False
9699a062-06f0-410f-a610-2fc43a989345,4,aithoughts,False,0.0,False,False,False
e194e514-14ce-40b1-ae23-e96c04a21a55,14,aithoughts,True,0.3333333333333333,True,False,False
9ac2d3b1-3fbf-45b8-824c-7b5eefa939bf,1,aithoughts,False,0.0,False,False,False
13d0df8d-98a3-4ece-bda5-8f9a179777e2,4,aithoughts,False,0.0,True,True,False
5f737235-3535-4794-b76e-c6f21c6b7608,6,aithoughts,False,0.0,False,False,False
ba5583a5-a87f-4571-8471-932d9fe07e96,4,aithoughts,False,0.0,True,False,False
47059ac5-64b0-426e-858a-2fb5ffc3ca83,6,aithoughts,True,0.6666666666666666,True,True,True
1bcf4d37-87c2-479b-95be-8b319df21745,1,aithoughts,False,0.0,True,False,True
49570309-f23d-4319-8561-5e30f3ab94b1,2,aithoughts,False,0.0,True,True,True
aa1f6572-32a9-4e84-91e5-607f4f84fb97,6,aithoughts,False,0.0,True,True,True
70eca429-2fa3-4bf8-a3f7-a653462ddd5a,0,aithoughts,False,0.0,True,True,True
c8b1a279-1c01-48f9-ba3f-4179beaa660e,14,aithoughts,False,0.0,True,False,False
c92a4dc3-dd46-41c6-baf7-d880c0a64238,4,aithoughts,True,0.8571428571428571,False,True,True
145f9041-db54-4bad-a77d-22eba3d98f6a,4,aithoughts,False,0.0,True,False,False
250992e8-a1ab-41ad-a082-6efde493c2ce,14,aithoughts,True,1.0,True,True,True
58fc1521-09f4-4c9f-a29b-ef48717d892d,4,aithoughts,False,0.0,False,True,True
5cd1c7a0-f0e9-48cf-9068-80364237655b,4,aithoughts,False,0.0,False,False,False
931d5d93-f724-45ff-972a-f669831d16d2,7,aithoughts,False,0.0,False,False,False
c1ec9894-2c66-4259-94e2-08a8e0e447d2,3,aithoughts,False,0.0,True,True,True
18c4baa8-8809-472c-ace3-26e1558fd537,7,aithoughts,False,0.0,True,True,True
ba5958f0-38a8-488e-a8bc-a9244a7cacd3,6,aithoughts,False,0.0,True,True,False
706e45dd-a822-47b3-8005-f302ab7fa22f,0,aithoughts,False,0.0,False,False,False
77a58629-7a09-40ff-961a-2661ab638c31,4,aithoughts,False,0.0,True,True,True
dad219b5-d200-4b5b-b582-90461a405013,14,aithoughts,True,0.0,True,False,False
74999e48-7f63-4a32-b6d3-ce3621e889ee,4,aithoughts,False,0.0,False,False,False
435c4f83-8600-4aaa-99d3-39a6655dc864,6,aithoughts,False,0.0,True,True,False
d9dece6c-591c-48b7-b84b-82bafb5aadcc,4,aithoughts,False,0.0,False,False,False
012661bc-3341-448d-9c90-57e75164b537,4,aithoughts,False,0.0,True,True,True
2ef845d0-4729-4f14-8a47-f2ee720d1def,0,aithoughts,True,0.0,True,True,False
67048b54-fe4a-470b-a238-0f771e3970bb,1,aithoughts,False,0.0,False,False,False
ce88c4a2-0dda-4cd8-8389-9c08ba07f5f5,4,aithoughts,False,0.0,True,True,True
88942ac9-d3c2-4f9d-bf96-976b6633499c,7,aithoughts,False,0.0,True,False,True
3e5eb6d5-8f2a-4fa2-991f-fd77b5092bce,0,aithoughts,False,0.0,True,True,True
198f5fd1-e74c-4fc2-94dc-0dfd77b0396d,4,aithoughts,True,0.5333333333333333,True,True,True
9beefa21-15ba-4c81-a071-d6510dcf264c,4,aithoughts,False,0.0,False,False,False
dccefffa-461d-4fdd-b153-5aee31183be7,0,aithoughts,False,0.0,True,False,False
574f7bb0-f729-46f8-a11d-98d39c4ad748,6,aithoughts,False,0.0,True,False,True
9810f018-8e38-4eae-8eca-4b6ca025166e,14,aithoughts,False,0.0,False,False,False
912ab31c-0f62-4236-b8dc-9aac4ce41b48,14,aithoughts,False,0.0,True,False,False
264686a5-9442-4d86-a515-01e8765b5ce2,6,aithoughts,False,0.0,True,True,True
d2899cf4-9fc8-48a8-81a7-1b40d2c3eb00,11,aithoughts,True,0.0,True,False,True
58c220f2-9db6-4e9c-8802-d60cdbf7edd3,14,aithoughts,False,0.0,True,True,True
47d2e3f0-e057-4265-8f43-d4313457cb0f,4,aithoughts,False,0.0,True,True,True
5e1bf5c2-86ff-404d-bf3c-f0d76c043465,4,aithoughts,False,0.0,False,False,False
14747055-d149-4099-9f5f-eae64f1b72bc,14,aithoughts,True,0.7142857142857143,True,True,True
ad0c7552-f9ab-40ec-a34f-b01c371c3c9a,4,aithoughts,True,0.75,True,True,True
5bd6503f-cd86-4155-a99a-615989a85280,14,aithoughts,False,0.0,True,True,True
15292435-df6d-4aeb-bf1b-ca0df37f023f,4,aithoughts,False,0.0,False,True,True
ce6ef9df-3f2f-4db9-b2e1-ae964d0a66cf,4,aithoughts,False,0.0,False,False,False
a772be51-8bf4-4acc-b03b-e31824f3498a,4,aithoughts,False,0.0,True,False,False
790b76cb-fb7b-4671-a22a-2fc4c8b2c828,14,aithoughts,True,0.0,True,False,True
a0028b9a-997c-430e-91dc-7a472518b9fb,7,aithoughts,False,0.0,True,False,True
f090fccb-68b7-441c-aed9-d8bb2d048d0b,6,aithoughts,False,0.0,True,False,True
d9b1d842-ecb8-4b8b-a40b-d44802e8d971,6,aithoughts,True,0.0,False,False,False
5b2b5c5a-0587-4c18-9b85-f54f647de058,4,aithoughts,False,0.0,False,False,False
03da84b2-32be-421d-a3d8-f2fbc930e064,0,aithoughts,False,0.0,True,False,True
6034660d-0019-4c2c-bde3-3c2d82cf0d3d,2,aithoughts,False,0.0,True,True,False
4f65a895-b79d-42c8-b992-c914ab399dae,14,aithoughts,False,0.0,False,False,False
aaceb37c-1c9a-4b9b-bc71-e4a223697bd8,4,aithoughts,True,0.5714285714285714,True,True,True
33c6d92a-8dc1-4840-b4af-d8f60c894239,6,aithoughts,False,0.0,False,False,False
abbf7ad8-b331-44b9-b3c7-653feaed0b57,4,aithoughts,False,0.0,True,True,True
f51da59c-f134-4760-a174-e2b204df27fd,4,aithoughts,False,0.0,True,False,False
019429a2-e8a2-46a3-9192-adfb558c07ea,7,aithoughts,True,0.0,True,True,True
82daa997-852d-4640-b23a-0d007bb3aced,6,aithoughts,False,0.0,True,True,True
7973bba2-093b-4d7e-84ec-0fedf11d2327,9,aithoughts,False,0.0,True,True,True
0bd1dfbc-17bc-456b-bf62-f46974afff48,7,aithoughts,False,0.0,False,True,False
48441e7e-b041-4082-88aa-aefb829ff4f4,6,aithoughts,False,0.0,True,True,False
c913718c-2b6b-4984-9906-76663d3409d6,0,aithoughts,False,0.0,True,True,False
77675a10-d604-42ba-bc66-046fbb3e064b,4,aithoughts,True,0.4,False,True,True
2d5a0b98-b322-4a6f-a184-3a01278e1145,7,aithoughts,False,0.0,True,False,True
b9757fa6-949f-4eb7-a4cf-f3e35d8677c8,0,aithoughts,False,0.0,True,False,True
17d2faf1-0fce-49da-af51-4de27e9991d3,14,aithoughts,False,0.0,True,True,False
84ec68df-bb28-4efc-b7a6-118d1fce64c2,4,aithoughts,False,0.0,False,False,False
6b6063b9-3580-4ff7-a21a-c6308d2a94bb,3,aithoughts,False,0.0,False,False,False
e2e680c3-0e06-4724-aeef-71a210acbf66,1,aithoughts,True,0.2,True,False,True
01bb132e-40c1-4535-a9c7-a4766444ff82,0,aithoughts,False,0.0,True,False,True
c32b21af-28c0-4c16-891b-2ae28b626ff1,4,aithoughts,False,0.0,False,False,False
3082cb04-ab8b-4ff3-b785-2eaefb4fe802,0,aithoughts,False,0.0,True,True,True
dc557a30-339b-4742-847c-65bd9e7c92bf,14,aithoughts,False,0.0,True,False,False
803536a7-2d3d-45bc-bc85-b20b069951f5,6,aithoughts,True,0.8,True,False,True
5035666c-7be1-4825-ad6d-a3c9f8db0ed0,6,aithoughts,False,0.0,False,True,True
0f09adfd-db6a-4022-8218-ba8bc6b601e3,4,aithoughts,True,0.0,True,True,True
a6dfeaba-9b70-4439-9316-9ffdf96b4ca6,4,aithoughts,False,0.0,True,True,False
1dbe174b-157e-4287-bc81-e23f5715c900,7,aithoughts,True,0.14285714285714285,True,True,True
0784fc49-caab-4869-bebc-f480fa17d848,4,aithoughts,True,0.0,True,True,False
f0637dec-aebc-4fa5-bea6-92d6fedaaefa,0,aithoughts,False,0.0,True,False,False
396e41ab-84d3-4d25-9614-1e304c3beda9,4,aithoughts,False,0.0,False,True,True
468d6e41-38f9-419b-bece-847a0b99e312,4,aithoughts,False,0.0,True,True,True
142e9a8f-0156-4fcd-986c-675f5826325a,4,aithoughts,True,0.0,False,False,True
34bca4c1-e928-4f00-8788-035f4042e29e,0,aithoughts,False,0.0,True,True,True
99f56617-ae01-4fba-a915-f255d42ebe06,0,aithoughts,True,0.5714285714285714,True,True,True
889ee61f-f490-4673-9aca-3b112f9b2d6a,0,aithoughts,False,0.0,True,False,True
449eb157-9ed8-41a6-a5f5-8471485c88f6,4,aithoughts,False,0.0,False,False,False
fd6fcbef-fa80-4e36-b36a-f6060e966429,14,aithoughts,False,0.0,True,False,True
fcd52281-3d44-43b0-be0c-d69c6500e0b0,7,aithoughts,False,0.0,True,True,True
6bfc036e-168a-4ec5-90bc-383424489b7b,7,aithoughts,False,0.0,True,False,True
f58230f6-09e1-4ad0-b227-d6c3f49c9791,7,aithoughts,False,0.0,False,True,True
5dc0f51f-e1ec-44bc-b1b9-72fb57eef079,4,aithoughts,True,0.6666666666666666,True,False,False
33bfeb9b-aee8-4228-88e2-9678b4253585,0,aithoughts,False,0.0,True,False,True
5dac724a-08f7-401f-a390-9445aa8bf20f,14,aithoughts,False,0.0,True,False,True
8cf004e6-f6c1-4c9f-9197-20de922de1b1,4,aithoughts,False,0.0,False,False,False
ed938aa3-04d6-45ce-8f5c-4ae825b4d768,4,aithoughts,False,0.0,True,False,False
6c78b6a4-e426-4043-b8c5-3e84a9a2a352,7,aithoughts,False,0.0,False,False,False
62af01a9-f641-4717-b4cf-d938f3e981d5,7,aithoughts,False,0.0,True,True,True
5f12f074-8927-404d-92aa-2372adb2b0d4,1,aithoughts,True,0.5714285714285714,False,False,True
8d03c84e-0d62-45ee-a454-d6ce15ea8811,14,aithoughts,False,0.0,True,False,True
c4dd48cc-1ed4-472c-9745-d6ff49381d18,7,aithoughts,True,0.7272727272727273,True,False,True
1230814d-6c10-4c44-931d-d39a739ac096,14,aithoughts,False,0.0,True,False,False
6e3bafd7-b102-4e53-9d7c-b505196f74a6,14,aithoughts,False,0.0,True,False,True
7641d56a-ab90-4ff7-851b-5444393b7d58,14,aithoughts,False,0.0,True,False,False
37a9e082-3cee-4462-8360-c9cc034a1580,1,aithoughts,False,0.0,False,False,False
c16fa441-c7ef-48b7-b0ce-505ca407b964,7,aithoughts,False,0.0,True,True,True
199cfe10-657d-4afc-980e-d1a326ac0afd,14,aithoughts,False,0.0,True,True,True
2228e984-a8c8-4185-95cf-a65021bc0fa8,4,aithoughts,False,0.0,False,False,False
ba140bd9-435e-494f-804d-13ed43773d98,14,aithoughts,False,0.0,True,False,False
6adf17cc-5deb-4ec1-bfd6-332c01d6d0d9,4,aithoughts,False,0.0,True,False,True
11cbd2ab-2c04-4c28-aa7a-0820ad548979,7,aithoughts,False,0.0,True,False,True
a3a1f291-1075-461a-bf6c-4d0b6aa24ed6,0,aithoughts,False,0.0,True,True,True
b8cbf1ad-6dba-471f-ad9b-99aad1e42655,0,aithoughts,True,0.0,True,True,True
853f468b-58d1-4d72-8046-95d3af8d609b,4,aithoughts,False,0.0,True,False,True
feb3cdb6-4b48-4791-8c5f-1a0e3d5b0dc9,4,aithoughts,True,0.0,True,True,True
81292654-4251-4251-9e78-a3964503dcec,4,aithoughts,False,0.0,False,False,False
245311da-76c9-4058-aff1-c2a39e27d707,6,aithoughts,False,0.0,True,False,False
729b22ac-a60d-442a-9ed2-7e54d16be695,4,aithoughts,False,0.0,True,False,False
06a529e8-af79-4671-ab25-6d17189b76b7,4,aithoughts,False,0.0,False,False,True
668c3236-ee73-4426-8231-5aaec7559f64,4,aithoughts,False,0.0,True,False,True
adbd1f03-c849-44b7-9c47-ffb15e3f6d5c,0,aithoughts,False,0.0,False,False,False
b37d0509-46ef-4e59-88e3-56cd169eeaf0,14,aithoughts,False,0.0,True,True,False
4506df2c-860f-45bd-bb46-950e3c8b478f,0,aithoughts,False,0.0,True,False,False
549dbdb1-7382-4f5d-8ad5-33d7cc8f7723,4,aithoughts,True,0.0,False,True,True
351e6d94-26c3-4073-b6f0-b71ce57e9f49,4,blesstheirhearts,False,0.0,True,True,False
934eb9f9-7c46-4edd-91a1-0056eea2470a,0,blesstheirhearts,False,0.0,False,False,False
56fe5994-74f1-4dc7-aa24-adf349e1206c,14,blesstheirhearts,False,0.0,True,True,True
46554373-28e9-4e23-a8e7-d00ed6f2aa3c,7,blesstheirhearts,True,0.0,False,False,True
32437c91-e558-47f3-b239-987621222be8,0,blesstheirhearts,False,0.0,False,True,True
f114c9f3-5596-40de-9f0f-737299958649,0,blesstheirhearts,False,0.0,True,True,False
2d878794-9a1c-46a2-9cfd-02f76889fc2b,0,blesstheirhearts,False,0.0,True,False,False
3a115658-96a0-46e7-a0b1-2fcaf9f8daf6,4,blesstheirhearts,False,0.0,True,False,False
abf2d7dc-299c-4dba-ba2a-afee8ef687a5,4,blesstheirhearts,False,0.0,False,False,False
f328060d-fdca-433b-b6ea-44678b94bf5a,4,blesstheirhearts,True,0.3333333333333333,True,False,False
d4ad02a8-49a0-4688-bd4c-badb8678616e,4,blesstheirhearts,False,0.0,True,True,True
93ddfdf1-7064-423d-86bd-040e4909cd8a,0,blesstheirhearts,False,0.0,True,False,False
b1755c05-63f8-4ac4-8f7c-818d4ad6958b,0,blesstheirhearts,False,0.0,True,True,True
ff2fb89f-72a9-43be-a2a5-97cfe3b2089a,4,blesstheirhearts,False,0.0,True,False,False
e23b40f2-2280-416d-9415-9a8711ba0e8c,0,blesstheirhearts,True,0.0,True,True,True
1343298b-bc82-42eb-a001-1e0c85f25754,0,blesstheirhearts,True,0.0,True,True,True
c30c9abe-93c4-45c7-b5b1-586c6d85e43e,4,blesstheirhearts,False,0.0,True,False,False
01a213cd-5c2c-433c-94e0-733c7aec926f,0,blesstheirhearts,False,0.0,True,False,False
79b7d169-e554-4f45-bdae-f82a8267e1a6,0,blesstheirhearts,False,0.0,True,True,True
47861ff2-de09-4884-bdd4-6b51ac997ad9,0,blesstheirhearts,False,0.0,False,True,True
af471915-7d61-4662-89ca-2a9b94882ce8,0,blesstheirhearts,False,0.0,True,True,False
4470b9c4-2b5d-4e99-bf2a-250684b81160,14,blesstheirhearts,False,0.0,True,False,True
ae5cb474-9eca-403d-94f6-602d6afe26c2,0,blesstheirhearts,False,0.0,True,True,True
75b72e53-d486-48a6-9a0b-7e20e076a91a,4,blesstheirhearts,False,0.0,True,True,True
f831e377-1ded-4487-874d-fad1fcd7dc1d,4,blesstheirhearts,False,0.0,True,True,False
477fa71a-ffe7-45fd-9ecb-574b6d539292,4,blesstheirhearts,True,0.2857142857142857,True,True,False
41f94213-9e76-4b07-a0e8-efb67578305a,7,blesstheirhearts,True,0.0,True,True,True
f3ad1683-9730-4cc9-bf0a-a0b5adb3e059,0,blesstheirhearts,False,0.0,True,False,True
f731996b-7a8d-4427-9bd6-3e34123cfa42,0,blesstheirhearts,True,0.0,True,True,False
ce07c209-7631-4a3b-b3d0-446d2114947c,0,blesstheirhearts,False,0.0,True,True,False
0fda4868-5f17-4720-a984-753f2d16fd2a,0,blesstheirhearts,False,0.0,True,True,False
7bcd3d6c-e612-48b1-9ccf-c0bcd87eeca4,4,blesstheirhearts,True,0.0,True,True,True
223fb859-6d3c-41c0-a4ab-7aead0bbeb83,0,blesstheirhearts,False,0.0,True,False,False
490d9188-bb54-443c-a2bb-bef70298d6e8,4,blesstheirhearts,True,0.0,False,True,False
74bf3eff-b635-439d-9c7d-bdd19dbc9678,0,blesstheirhearts,False,0.0,True,False,False
8040ff35-b89e-4fd2-abd9-40f4c5e52ee3,0,blesstheirhearts,False,0.0,True,True,True
13e18f82-396c-411f-b945-20592661f43d,0,blesstheirhearts,False,0.0,True,True,False
cce753c4-50fe-4925-805a-87e5a66f18d7,0,blesstheirhearts,False,0.0,True,False,False
897b4674-03aa-4ea5-b1df-453af9a34b4b,0,blesstheirhearts,False,0.0,True,False,False
57741391-0d48-44cc-8859-933f7329378b,0,blesstheirhearts,True,0.9090909090909091,True,True,True
f3820898-5a9a-48a3-8175-2af46a394818,0,blesstheirhearts,False,0.0,False,False,True
6ed22d32-e65d-477b-8d8b-937216ba54fd,0,blesstheirhearts,False,0.0,True,True,False
4fb72c15-81ad-4b2d-baf4-ad38263552c7,0,blesstheirhearts,True,0.0,True,True,True
09510e66-9f6e-4390-87e1-0ad22213a125,0,blesstheirhearts,False,0.0,True,False,False
fc3959df-8964-4c7e-8180-71f33ffad984,0,blesstheirhearts,False,0.0,False,False,False
9f0192d1-a677-4003-8ff8-4025d10fa9a7,3,blesstheirhearts,False,0.0,False,False,False
ebfc73a3-747a-486e-b1d1-161f181fb087,4,blesstheirhearts,False,0.0,True,True,True
278df34a-d8c8-4d5e-b194-b3e6ca5c256f,0,blesstheirhearts,False,0.0,True,True,True
5c822eca-b9b5-40eb-82a7-9fdcdb55fa63,14,blesstheirhearts,True,0.0,True,True,True
59433bd9-2998-4252-bb61-378034d30915,6,blesstheirhearts,False,0.0,True,False,False
bf762ab1-6319-4c03-b2d1-14250e88caa4,1,blesstheirhearts,True,0.6666666666666666,True,True,True
856c0601-19f9-4259-876a-cfc339a05e6a,14,blesstheirhearts,True,0.6666666666666666,True,True,False
413ef10f-1716-46c1-9eef-97a6cfcd9e87,0,blesstheirhearts,True,0.2857142857142857,True,True,True
6ab1b5c6-04d3-4e15-9489-45be526b42e0,4,blesstheirhearts,True,0.9230769230769231,False,True,False
2f0d9968-fda3-4740-b9ef-6ae7c779610d,4,blesstheirhearts,False,0.0,True,True,True
42d5c198-8a9a-48b3-a9df-516db5f4654e,4,blesstheirhearts,False,0.0,False,False,False
2421fdfa-6324-48d2-90c2-e566d9fd9041,6,blesstheirhearts,True,0.3333333333333333,True,False,False
0b8704ca-8b40-428f-88b1-ceeac69a1960,4,blesstheirhearts,False,0.0,True,True,False
26f2632b-4634-474b-a2da-9b555fecc56c,0,blesstheirhearts,False,0.0,False,False,False
66a9f8e1-14d7-4e50-a896-45d0a1f2f013,0,blesstheirhearts,False,0.0,False,False,False
53bee8ea-94f1-48b2-8dd9-f46015eac0d6,0,blesstheirhearts,False,0.0,True,True,True
54233843-a0fc-4816-98f7-60060b094131,0,blesstheirhearts,False,0.0,True,True,True
7fe9b18d-c001-4abb-9ee5-7424b0fa5e0e,0,blesstheirhearts,False,0.0,True,True,False
6ef89909-9fad-4e48-89a2-8890f6b25266,4,blesstheirhearts,False,0.0,True,True,False
452dd554-c5f7-42e9-b9c9-851619ba69d9,0,blesstheirhearts,False,0.0,True,False,True
6e8dc4c4-50d4-484c-8d64-315e333a7744,0,blesstheirhearts,False,0.0,True,True,True
29cce912-d8f2-46e5-9af1-331033343dc2,0,blesstheirhearts,True,0.0,True,True,True
314bfde0-7758-437d-aee8-6af733bb19f0,4,blesstheirhearts,False,0.0,True,True,True
f025aec5-054f-44da-a905-a11b20671cd3,0,blesstheirhearts,False,0.0,True,True,True
8e09690c-240e-4afb-aa2d-f0403b2da5a0,0,blesstheirhearts,False,0.0,True,True,False
d29fd3c5-9021-4b16-a477-e758d6cce8e5,0,blesstheirhearts,False,0.0,True,False,False
f6ea4da4-0c38-4515-8240-c1ebee510f95,0,blesstheirhearts,False,0.0,True,False,False
69143006-668f-463c-a88c-c09a755f1400,0,blesstheirhearts,False,0.0,False,True,True
8ca20d91-ccc6-445d-b309-fe9eb0e6d58d,0,blesstheirhearts,False,0.0,True,True,True
ce41ac4e-93a3-4e9b-9b90-ef9b13ecbb5a,4,blesstheirhearts,True,1.0,True,True,True
75eb80d5-84b0-404d-b0b6-a8ee8770a015,4,blesstheirhearts,False,0.0,True,True,True
30c4aad4-e822-4d39-82d8-6b9be0e0f5b2,4,blesstheirhearts,False,0.0,True,True,False
16bde440-7eea-4601-b1a1-380294ac0ae0,0,blesstheirhearts,False,0.0,True,True,True
cd25d7f3-b4d4-4feb-8b9a-789c40ac46f7,4,blesstheirhearts,False,0.0,True,True,False
45c5d745-d915-4048-8754-770160db7b3c,0,blesstheirhearts,True,0.0,True,True,True
5de2c6dd-63d9-4a8f-ba56-c54453e36408,0,blesstheirhearts,False,0.0,True,True,True
2b385bdd-78a3-4ddc-a7e9-87a210fdd7dd,0,blesstheirhearts,False,0.0,True,False,True
1a51d809-23f4-44f6-901b-2bbdb5591d11,4,blesstheirhearts,False,0.0,True,True,True
f4e46b30-b2c5-424c-b4a2-7a8523de2a9a,0,blesstheirhearts,False,0.0,True,True,True
a0f40853-9b35-4596-b8ea-46af1ee59893,0,blesstheirhearts,True,0.0,True,True,True
b6c8c2fe-30c9-4f63-824f-70664a8eac61,4,blesstheirhearts,False,0.0,True,False,False
b19f8187-9ea8-4c87-b43b-f4db1d9f06ea,0,blesstheirhearts,False,0.0,True,True,True
4cc5434e-bf89-4b93-89cf-fd710f7744b0,0,blesstheirhearts,False,0.0,False,False,False
ff454511-2112-413c-b5f4-708208d412cc,0,blesstheirhearts,False,0.0,True,True,True
9fa45798-b79a-4b1c-b8e6-0b01018fccd4,11,blesstheirhearts,False,0.0,True,False,True
e2ccc149-4304-41c2-8909-05b82aade582,4,blesstheirhearts,False,0.0,True,True,True
54bbe364-ea86-4dee-8dc6-e6be6f4ded98,0,blesstheirhearts,False,0.0,True,True,False
1a1dfea8-1231-44db-8918-24e501aeeb18,4,blesstheirhearts,False,0.0,True,False,False
fb8811ed-fc9b-4e49-bc30-f67a706071da,4,blesstheirhearts,False,0.0,True,True,True
3d82f73b-53d4-4de8-87ed-0c001d93b07a,0,blesstheirhearts,False,0.0,True,False,False
9a25009e-9625-422b-aa14-1e9932ed5eaa,14,blesstheirhearts,False,0.0,True,True,False
cd5498ca-4543-44b6-9f13-f8b1b71bdbaa,4,blesstheirhearts,False,0.0,True,False,False
9212c4b3-d2e9-49a1-837b-c52244829a79,4,blesstheirhearts,False,0.0,False,False,False
cb5447d8-a9c4-45d3-b0b6-eef2a7ded670,4,blesstheirhearts,False,0.0,True,False,False
f0f14412-e214-4ab4-a645-bdc2be1a806f,0,blesstheirhearts,True,0.0,True,True,True
866566ec-e81e-4460-8b3d-a13dac512398,4,blesstheirhearts,False,0.0,False,False,False
e06e1672-a370-45a0-9dee-f246d8089f93,0,blesstheirhearts,False,0.0,True,True,True
37b39461-df8d-47c9-ab22-c49e4cab7040,0,blesstheirhearts,False,0.0,True,True,False
cf8c5af0-8005-44fb-b13d-50dcce6f0dfe,4,blesstheirhearts,True,0.0,True,False,False
601dd673-3acd-41d5-be1e-d0992f99a0cd,14,blesstheirhearts,False,0.0,True,True,True
59a5a0f1-b784-4cd6-af91-72523c37f51d,11,blesstheirhearts,False,0.0,True,True,True
8f253f56-1f19-4e12-9532-e0db40c715b2,0,blesstheirhearts,True,0.6666666666666666,False,True,True
d8a30cbb-50d0-4a0e-a5b3-49f104b7bcc5,0,blesstheirhearts,False,0.0,True,False,False
77e332c4-3b41-4bac-91ba-22893800844c,0,blesstheirhearts,False,0.0,False,False,False
41b55126-1253-4d1b-bff5-3dca7ace3ffa,0,blesstheirhearts,False,0.0,True,False,False
54e51a92-69cf-48b3-b907-79d214906564,0,blesstheirhearts,True,0.0,True,True,True
c41057d0-d625-4852-852a-0f45dbe7ff7c,0,blesstheirhearts,True,0.0,True,True,False
54e42a50-9366-4ce8-83d8-461f5606b604,0,blesstheirhearts,False,0.0,False,True,False
81e66dc6-799f-4f15-a4e5-8664efd98db7,0,blesstheirhearts,False,0.0,True,False,True
da1f6d85-5972-473c-bbfd-103430bb1c88,4,blesstheirhearts,True,0.0,True,False,False
548aa67e-1fca-4f1f-91b3-8f855939fef9,11,blesstheirhearts,True,0.0,True,True,False
39d85f04-fd1f-4cf4-89b4-9dab9c597edd,4,blesstheirhearts,False,0.0,False,False,False
9e14b2b4-40ee-4b7b-80b3-a0966abfe2e4,0,blesstheirhearts,False,0.0,True,True,True
ecdf1908-f11b-4eab-a1e4-870e7b12a54b,4,blesstheirhearts,False,0.0,True,True,True
444a474e-c518-401e-8a59-8e8cd21738bb,4,blesstheirhearts,False,0.0,False,False,False
969ebcb9-e5c4-4e89-aea3-b9aef3c2d2e4,4,blesstheirhearts,False,0.0,True,False,False
6fe09ba2-a4d2-476e-8262-430eeebde21f,4,blesstheirhearts,False,0.0,True,True,False
33bce8b8-702e-4ff3-be6d-8077ea0ef9da,0,blesstheirhearts,False,0.0,True,False,False
ad3dd993-9f86-431e-bd34-35818668bdf2,0,blesstheirhearts,False,0.0,True,False,False
d138f974-78d7-4375-bef7-6e9a073460dc,0,blesstheirhearts,False,0.0,True,True,False
1eae93f2-d228-429a-9de5-423fbe12e744,0,blesstheirhearts,True,0.4444444444444444,True,True,False
ab9321af-876a-4832-8c3f-1072979dc666,14,blesstheirhearts,False,0.0,True,True,False
11e007d0-fed6-4323-99ad-0894f826c235,4,blesstheirhearts,False,0.0,False,False,False
cd6372a4-86e8-48b8-be9c-075a3837c4c4,0,blesstheirhearts,False,0.0,False,True,True
6e752ced-cb62-48fa-960c-e3a69130ac54,0,blesstheirhearts,True,0.5,True,True,True
3e776b92-3157-43a7-a92b-d79416039322,0,blesstheirhearts,False,0.0,True,True,True
a4f68956-2e86-448f-845a-542e31cc9657,4,blesstheirhearts,False,0.0,True,True,False
9f725e09-3c97-480e-a934-9a3e912ed646,4,blesstheirhearts,False,0.0,True,True,True
f43f6f2c-4397-48bb-b95d-d3fa527ce63a,0,blesstheirhearts,True,0.4444444444444444,True,True,True
55b2eabd-e81e-4fe1-ab4b-4c324f7a34ee,0,blesstheirhearts,False,0.0,True,True,True
8630e100-df74-4db6-a481-0b1f33b3e704,0,blesstheirhearts,False,0.0,True,True,True
2cf1caec-8092-4fed-b55c-d0596bf32fbf,4,blesstheirhearts,False,0.0,True,True,False
86636b36-ffd0-4026-88ed-77683cf35633,4,blesstheirhearts,False,0.0,True,False,True
c6e5bafc-43f4-4e77-b7df-40c1928e0376,14,blesstheirhearts,False,0.0,True,True,False
2eaa1728-176d-44a0-a796-a9e1a16cc09d,11,blesstheirhearts,False,0.0,True,False,False
a1ff81ec-58a0-4f94-b22f-a122aa099cf6,0,blesstheirhearts,False,0.0,False,True,True
4537a4d5-6225-4154-86f9-07fc47fc3eda,0,blesstheirhearts,True,0.0,True,True,True
bd6a7615-f1c0-4e4a-8145-e9c86ac38d2a,0,blesstheirhearts,False,0.0,True,False,False
cc097a75-5e56-4357-b310-37cbf752dcfa,0,blesstheirhearts,True,0.0,True,True,True
2a4ae90c-3c4e-430b-b779-dd44b52e505c,0,blesstheirhearts,False,0.0,True,True,True
d49b607d-06a3-4a41-9309-ef1ad08ac9e6,6,blesstheirhearts,False,0.0,True,True,True
4cb15be9-a947-4ab9-a8ca-c0a29fb9efd7,4,blesstheirhearts,False,0.0,False,False,False
bb2a9c7b-744a-43da-9a08-d52e2cbb209e,0,blesstheirhearts,True,0.4,True,False,True
c582f018-b63f-4102-bb01-39c7667c0381,4,blesstheirhearts,False,0.0,False,False,False
ac839444-422f-4c78-b219-f1473119b24e,0,blesstheirhearts,False,0.0,True,True,True
ad5c6834-2518-4754-9e0a-512c4c37877e,0,blesstheirhearts,False,0.0,True,True,True
5916f015-e225-4434-a2a4-3e6ce11df166,4,blesstheirhearts,False,0.0,True,True,False
d6f3659b-74fa-47a5-94a1-58b9310886ec,0,blesstheirhearts,False,0.0,True,True,False
7e3c1777-984d-4295-8284-998b0b0173b2,0,blesstheirhearts,True,0.4444444444444444,True,True,True
7116afe6-0552-4635-8895-962d9611e231,0,blesstheirhearts,True,0.9090909090909091,True,False,False
d39cc7ee-071a-4735-9836-5efd5649a289,4,blesstheirhearts,True,0.0,True,True,True
88a3a96c-5f7a-4bd3-a490-78f16daf3399,4,blesstheirhearts,False,0.0,True,True,True
0d5e748e-a810-4136-a5b0-138e3149554f,0,blesstheirhearts,True,0.5,True,True,True
2ec09119-67ae-403d-aa8b-0f845d72bd45,14,blesstheirhearts,False,0.0,True,False,True
f50353d4-3bad-41b9-a516-19f01a0b70cb,1,blesstheirhearts,False,0.0,True,False,False
1ca03700-c461-432d-94ab-692fcf970a09,0,blesstheirhearts,False,0.0,True,True,True
c988b47a-b6f2-4832-bb95-4b719e232213,4,blesstheirhearts,False,0.0,True,True,False
9fc992f4-ee21-4c22-9081-55cbabf575ac,14,blesstheirhearts,True,0.8888888888888888,False,True,False
ba1d07e8-bf4a-4546-bd43-e1890ce8d4c7,4,blesstheirhearts,False,0.0,True,True,True
60755373-e0eb-40a8-8c6f-2fa0aa39f2f9,4,blesstheirhearts,False,0.0,True,False,True
92b0982e-32be-4169-be04-c4b00e8c8c28,0,blesstheirhearts,False,0.0,True,False,False
b618eed2-7676-4455-bf97-84f72380cab8,0,blesstheirhearts,True,0.5,True,False,False
03fbed02-29e5-48a1-8090-7c0336035b61,0,blesstheirhearts,False,0.0,True,True,False
95c2d669-bdc5-4c6b-9a1c-f4259f66a82e,0,blesstheirhearts,False,0.0,True,False,False
34b7f0ab-0892-487c-bf4a-2b7a69776770,0,blesstheirhearts,False,0.0,True,True,True
5b756406-8f0c-41f6-b584-75f9225333aa,4,blesstheirhearts,False,0.0,False,False,False
38954307-3fe2-445c-961d-aabc0de2538a,0,blesstheirhearts,True,0.0,True,True,True
b0004e3f-4267-4721-938b-ceb6509cefe3,0,blesstheirhearts,False,0.0,True,False,False
fee66a75-8502-4f17-9333-f92d03ef968b,14,blesstheirhearts,False,0.0,False,False,False
6f9fa6f2-70dd-4b41-b2b9-476be0600efa,2,blesstheirhearts,False,0.0,False,False,False
6bfe4a24-9c19-48ea-90c2-89747ee9a4f3,0,blesstheirhearts,False,0.0,True,True,True
347039d5-e4b7-4908-8f5e-7a297b3ab7cc,3,blesstheirhearts,False,0.0,True,True,True
dc9e2a02-d090-477e-953c-3221be63b521,4,blesstheirhearts,False,0.0,True,True,False
d3f9dc91-1390-4cb7-be58-06e5278f83cc,6,blesstheirhearts,False,0.0,True,False,False
12f07d23-2b32-4191-9cf0-92617522b1cd,0,blesstheirhearts,False,0.0,True,True,True
a0f5247d-35bd-4972-b77b-d64a9dfe03b7,0,blesstheirhearts,False,0.0,True,True,True
5e314858-6da0-48cb-b63d-e846ca774494,4,blesstheirhearts,False,0.0,False,False,False
1921b531-5558-49d4-a60c-79075f495fe7,0,blesstheirhearts,False,0.0,True,False,False
a9d1a628-9991-474d-8a8a-045c28d53304,0,blesstheirhearts,False,0.0,True,True,True
de202809-a90a-4957-960a-06365391dbd0,0,blesstheirhearts,False,0.0,False,False,False
c84a1edd-8a19-48c4-ab83-1b998358ae44,4,blesstheirhearts,False,0.0,True,False,True
9ac00139-a32c-44d1-99c4-87c53f91b469,0,blesstheirhearts,False,0.0,True,False,False
8104fa3e-3d85-4281-9345-2fc4f1941295,0,blesstheirhearts,False,0.0,False,False,False
027500e4-1e36-4979-9536-2f84a8f5b8ca,4,blesstheirhearts,False,0.0,True,True,True
ec42998b-88f8-4111-9bce-59eda5be4a08,0,blesstheirhearts,False,0.0,True,True,True
0ff5cc7f-57bb-44b7-a384-45e4240a8fc9,4,blesstheirhearts,False,0.0,False,True,True
27cbb7af-78f0-43dc-89f3-eba7d8b09ca0,4,blesstheirhearts,False,0.0,False,True,True
0daa7bbb-75a3-492a-b3f7-0a8c931f54bb,0,blesstheirhearts,True,1.0,False,False,False
318e9df0-7c5c-4061-ba15-e25b14032b55,0,blesstheirhearts,True,0.7142857142857143,True,True,True
7c37ddec-e5d4-495c-b354-84b54b2505cb,4,blesstheirhearts,False,0.0,True,False,True
7c87825a-f81f-4eb8-b54a-1a8ea91ba2dd,4,blesstheirhearts,True,0.6666666666666666,False,False,False
d62bb389-31b0-4089-ab49-88871e592810,14,blesstheirhearts,True,1.0,True,False,False
f2c2d00b-565d-45af-8584-30ac12b19799,0,blesstheirhearts,True,1.0,True,True,False
1324a4f5-6fdd-4157-9775-f02404ecfbc7,4,blesstheirhearts,False,0.0,True,True,False
5e1c966b-4b2a-4054-9596-1155b674fa58,0,blesstheirhearts,False,0.0,True,True,True
68071bc0-f4d3-4948-9ebd-02dc50f08f36,4,blesstheirhearts,False,0.0,False,False,False
b40eaa21-b80b-45a0-8cc6-7c73a196d665,4,blesstheirhearts,False,0.0,False,True,True
7c1e5e07-bd06-4d14-982b-7799e8361309,0,blesstheirhearts,False,0.0,False,False,False
b7735269-9b38-4ebf-bd1e-da5fc5c1526c,0,blesstheirhearts,False,0.0,True,False,False
957549b1-952a-4658-845a-d986935ad2f4,0,blesstheirhearts,True,0.75,True,True,True
7c76da16-58a4-4fd4-b84d-3ff2d6118b0e,4,blesstheirhearts,False,0.0,True,True,True
2b96ed61-c8f7-458f-90a7-42fe8c61b955,0,blesstheirhearts,False,0.0,True,True,True
dc725a3b-43b6-4aa4-ae53-507a120e71c6,0,blesstheirhearts,False,0.0,True,True,True
0a690619-09e9-40ab-b3dc-c81b900bb61e,0,blesstheirhearts,True,0.4,False,True,False
c5d5b10c-60b1-4abc-a23e-bdbf7a800d93,0,blesstheirhearts,False,0.0,False,True,True
0e321308-dba6-4fd2-b648-6bb34cab76e7,0,blesstheirhearts,True,0.0,True,True,False
4f066de5-4f7a-4d46-9395-63b5e86cd93f,4,blesstheirhearts,True,0.0,True,True,True
28082a73-2292-4aac-bcbe-562a3fe98eef,4,blesstheirhearts,False,0.0,False,False,True
ce62ea90-60df-4fb1-85d0-457fa4d266b9,4,blesstheirhearts,False,0.0,False,True,True
c6c33869-61e1-4f99-8ff4-95f99bffa499,0,blesstheirhearts,True,0.0,True,False,False
e12b8f60-5560-4237-a0d3-a04b7570827b,0,blesstheirhearts,False,0.0,True,True,True
3b6b70db-6ea3-4afc-b5fd-51651fd8763f,14,blesstheirhearts,False,0.0,True,False,False
49797288-11be-40cb-96fc-76a042c1cbb5,4,blesstheirhearts,False,0.0,False,True,False
bf049170-cac9-457a-8c4f-e37aaf740c1d,14,blesstheirhearts,False,0.0,True,True,True
7b2470c5-bb6e-443b-be06-68e8fc5ab814,0,blesstheirhearts,False,0.0,False,True,True
eaad1feb-5dcf-4860-9a47-e5bbd2a56909,0,blesstheirhearts,False,0.0,True,True,True
cedd412c-32a0-4862-a2c6-1b603c13a236,0,blesstheirhearts,False,0.0,True,False,True
a14264c3-d263-4b81-b806-7a3822f04508,0,blesstheirhearts,False,0.0,True,True,True
a9bd2753-b6f8-4302-ab95-aa0c7b3f26f8,6,blesstheirhearts,True,0.0,True,False,True
bed96b22-186f-4fa4-94d1-336b683ffca1,4,blesstheirhearts,False,0.0,True,False,True
53c59713-80ea-4568-a715-c198f576a0d2,0,blesstheirhearts,False,0.0,True,True,True
3470f3fc-7109-43a2-9c81-5a647c566ff4,6,blesstheirhearts,False,0.0,True,True,True
ff435ce9-f235-4a92-91ce-453a81eb1040,6,blesstheirhearts,False,0.0,False,False,False
cec787eb-ff3e-4584-90ab-f0e8abdc7224,6,blesstheirhearts,False,0.0,True,True,False
5ffe0dd0-6a8c-4d8b-ab83-4e518369847a,0,blesstheirhearts,True,0.0,True,True,True
28f537b6-546f-4e04-a120-80a3ca920403,4,blesstheirhearts,False,0.0,False,False,True
9f9eeeed-1a42-4437-8652-17395e360db8,4,blesstheirhearts,False,0.0,True,False,False
e414c87f-b0e9-42b6-a07b-0e2d9b46bbe7,6,blesstheirhearts,False,0.0,True,False,True
70cc3fc7-3456-463f-9a52-47d2c5d77240,0,blesstheirhearts,True,0.0,True,True,True
f0940d6f-9257-474b-9910-4e1a6c48b513,0,blesstheirhearts,False,0.0,True,True,True
17b0aa4a-ea95-490a-803d-7577a02e4e13,4,blesstheirhearts,False,0.0,True,False,False
d4339f85-9a81-4738-a41a-3e88ad7017b4,4,blesstheirhearts,True,0.0,True,True,True
fb058f22-1df1-47a0-9f8a-c8c985fc67c9,0,blesstheirhearts,True,0.0,True,False,False
0015041e-1c34-4b8a-8d8a-3d5dfb427039,3,blesstheirhearts,False,0.0,True,False,False
2a0ec76f-e86e-404c-ab0d-b6b2cf0adba1,0,blesstheirhearts,False,0.0,True,True,True
7665f6ac-2d77-4058-b324-07aa24271c58,4,blesstheirhearts,False,0.0,True,False,True
8c2228b1-7755-4059-a709-221f026a9dee,1,blesstheirhearts,True,0.0,True,True,False
07ce98f8-a016-414a-a616-1d3f2d4a1f18,4,blesstheirhearts,True,0.0,False,False,False
24b8d7a7-35e0-43e7-bbca-13ec934a1ddb,0,blesstheirhearts,False,0.0,True,True,False
69a13e9c-d3c7-4e88-839f-8d5541e9cf0a,0,blesstheirhearts,False,0.0,True,False,False
56701f34-4ecf-41dc-b378-de5812ce0d0c,0,blesstheirhearts,False,0.0,True,True,False
ce675306-0d2b-4fb3-b057-bd65ed331c86,4,blesstheirhearts,True,0.6666666666666666,True,False,True
da41ce32-e573-420e-a68e-8c2f4f081ae4,0,blesstheirhearts,True,0.0,False,True,True
15f37497-5a64-4640-8b1b-cffc81f17379,0,blesstheirhearts,False,0.0,False,False,False
3e1ffdc2-a81d-4bb1-8ef6-e1176f78c04f,0,blesstheirhearts,False,0.0,False,False,False
f19ad38f-0bf0-4cd7-8b3b-9db222807200,4,blesstheirhearts,False,0.0,False,False,False
e7f9b849-12a1-443a-9a3e-bba0923af543,4,blesstheirhearts,False,0.0,True,True,True
987a66a4-8b90-45a0-8e75-d18d99472995,4,blesstheirhearts,False,0.0,True,True,False
818c73ca-90cb-4a2a-bbe2-7d94254e172f,0,blesstheirhearts,False,0.0,True,True,True
fc37998a-e788-4a76-8e63-90954c6d9c79,4,blesstheirhearts,False,0.0,True,True,False
40beb368-46c9-499c-806b-97b973c50ff6,4,blesstheirhearts,False,0.0,True,True,True
62620819-0e4d-4166-965d-37ecbcf219ec,4,blesstheirhearts,False,0.0,True,False,False
3b99a58b-faaa-457c-a3cd-d98e11e57b82,4,blesstheirhearts,False,0.0,True,False,False
bb6b69e1-559e-40f8-95f5-c254460fcdb4,0,blesstheirhearts,False,0.0,True,False,True
cc86482e-c214-41ad-ba78-5bdc04da8246,1,blesstheirhearts,False,0.0,False,True,False
0d289e96-9c87-408f-9144-67edb6cf7c6a,0,blesstheirhearts,False,0.0,True,True,True
53274b97-69c9-4fe1-9f67-d2062afe4fb4,0,blesstheirhearts,False,0.0,True,True,True
34569aa9-a350-43b2-a492-5a062b3409a2,0,blesstheirhearts,True,0.8571428571428571,True,True,False
3cd043be-2c7c-472b-8303-35d755923025,0,blesstheirhearts,False,0.0,True,True,True
553303c7-f415-4442-979c-108cea332e3c,0,blesstheirhearts,False,0.0,True,False,False
1801cf21-b3d8-47b7-b015-396c57aeeeb1,1,blesstheirhearts,True,0.0,True,True,False
e3f2a213-feef-4601-b6c2-cbe00a1a0f85,7,blesstheirhearts,False,0.0,True,True,False
a45986d2-fef8-4228-984e-b7f2d0207dad,4,blesstheirhearts,True,0.2857142857142857,True,True,True
ccd52478-8063-4bed-94cb-0b8516fb885b,0,blesstheirhearts,False,0.0,True,False,False
bc38ff66-efd3-45c6-9601-662618a1b0ed,1,blesstheirhearts,False,0.0,True,False,False
06d8b8b3-8060-4389-898f-7f3c428d72fe,4,blesstheirhearts,False,0.0,True,True,False
a957bfaf-2431-4268-8482-b600f3a6f358,0,blesstheirhearts,True,0.0,False,True,True
5cd6910b-31d8-450e-a735-aa67d59483df,0,blesstheirhearts,True,0.75,True,True,False
93d612bc-d53f-4ba4-ac16-47dd2604d542,4,blesstheirhearts,False,0.0,True,True,True
456fba81-4279-4cb4-8a1a-b985f7f10551,4,blesstheirhearts,False,0.0,False,False,True
8f6808a6-c5f6-47f3-a44b-d9e4aa9a56bd,4,blesstheirhearts,True,0.9411764705882353,True,False,False
6730f60f-f5a0-4e63-b71d-8cf517c5407a,0,blesstheirhearts,False,0.0,False,False,False
c218b92f-a415-43bf-9d99-84912a26ae8d,6,blesstheirhearts,True,0.375,True,False,False
e511cad4-6706-4da3-ba47-e41373b706ca,0,blesstheirhearts,True,0.34782608695652173,True,True,True
65801504-f750-4dc9-8162-bbf0216d2d80,4,blesstheirhearts,False,0.0,True,True,True
4afe5b56-7590-4d06-8d44-ebee88bd2ebc,0,blesstheirhearts,True,0.7272727272727273,True,True,True
f2cf9d93-97b7-4f71-8e53-40ba01390db8,0,blesstheirhearts,False,0.0,False,False,False
a0e6c1b1-4a4c-4cb7-bf0b-35c43f401ef9,4,blesstheirhearts,True,0.4444444444444444,True,True,True
70c3351d-3f7f-49ad-b382-914b699c7f3c,0,blesstheirhearts,False,0.0,True,True,True
d782cb3d-0008-4f0a-8550-07315891e00e,0,blesstheirhearts,False,0.0,True,False,True
614d92db-38de-4235-9658-49e4ea4da17b,0,blesstheirhearts,False,0.0,True,False,True
51ed3b47-c534-43f3-9c86-906bb30be390,1,blesstheirhearts,False,0.0,True,True,True
3744f0cc-8acc-4789-979e-0455de6dcb02,4,blesstheirhearts,True,0.5714285714285714,True,True,True
44740714-b2ec-4781-a0fc-c7821bfd365f,0,blesstheirhearts,False,0.0,True,True,True
527f8227-f8b2-44a0-a2e5-e179862059f0,4,blesstheirhearts,False,0.0,True,True,True
76e375cc-a06f-4df3-b617-5ebbddb2191b,4,blesstheirhearts,False,0.0,True,True,True
8c162299-e7ed-4024-80d2-d2dc83bb9c45,0,blesstheirhearts,True,0.0,False,False,True
7d4cd656-dbc8-41db-93fa-bdb78dc92898,4,blesstheirhearts,False,0.0,True,False,False
b64690ae-b4a1-46d3-9aab-0eca881a28ea,0,blesstheirhearts,False,0.0,True,True,False
98697f16-d533-41c4-a2b9-22e4ccc61fe0,0,blesstheirhearts,True,0.0,False,True,True
934afbb9-4c9b-4700-a42c-c8b135d8ef3a,0,blesstheirhearts,True,0.0,False,True,True
57c65352-98e2-4513-9cf4-5c3dccab7e5b,6,blesstheirhearts,True,0.0,True,False,False
53cf2444-19b0-4cee-9778-46dedefeae05,0,blesstheirhearts,False,0.0,True,True,False
277f4974-6cfd-4756-80f6-5017b45539ff,0,blesstheirhearts,True,0.3333333333333333,True,True,False
6081934d-39f3-4ec8-a1ed-794ff994bacc,0,blesstheirhearts,True,0.0,True,True,True
0e48ad79-5384-490d-9193-4d2f5ce17a58,4,builds,False,0.0,True,False,False
56ae38fe-cf9d-4a23-be7d-d89147a75b2c,4,builds,True,0.8888888888888888,True,True,True
213c7ac9-9089-4dc7-9a83-e700c2a73554,6,builds,False,0.0,True,False,False
bcec3f8f-9169-4c28-8673-0c9a751ef7c3,6,builds,False,0.0,False,True,False
b92a937e-3b8a-412e-be76-386c28549139,4,builds,True,0.4,True,False,False
301e5020-6cd9-4b25-ba78-a3b5284ac82e,4,builds,True,0.0,True,False,False
739e1639-be9e-4fad-b566-21ea6fac17c6,4,builds,False,0.0,True,False,False
c6db2d12-58e1-426a-b317-ed6f2d352e14,4,builds,False,0.0,False,False,False
5d50f2ee-3eed-44fb-9f6d-8940b327f4ea,4,builds,False,0.0,True,True,False
cb748722-0886-4288-ba6d-3e7a0560bd6b,14,builds,False,0.0,True,True,True
e54e4be2-3759-471c-a690-65de5af744fb,6,builds,False,0.0,True,False,False
9fd3d278-389d-4353-a5d5-d3a555f1d3c1,7,builds,False,0.0,True,False,True
21823762-9ef4-4570-a94b-1ef8d659c41a,6,builds,False,0.0,True,False,True
9523e25d-6fc6-4ad0-9539-584b872e48c8,4,builds,False,0.0,True,True,True
91f082d8-feb7-4cbd-bb63-2f7c186ce8b3,6,builds,True,0.0,True,False,False
230bcd08-0aa9-4e3a-9f32-a0d1a89ec472,4,builds,False,0.0,True,True,True
d06e5023-58cf-4de1-bf60-0c6b9b6ef042,4,builds,False,0.0,False,False,False
d4e7119d-64f4-4fc0-84eb-3c5dd8bbed53,4,builds,True,0.0,True,False,True
d3c2c458-0f7b-4650-b9c8-b33c6ced68fa,6,builds,False,0.0,False,False,False
56154d22-bb73-44c1-9f22-758fada97862,4,builds,False,0.0,True,False,True
2848a94e-daea-403e-bfa9-44b7a8d45fff,4,builds,True,1.0,True,True,True
3ddcd845-9d28-4cdf-9cb5-a9162e617ee1,4,builds,False,0.0,False,True,True
5d0e3396-60ed-435f-bad4-370f5cc03ab6,6,builds,False,0.0,True,False,False
030c91dd-8bd0-445e-8a96-291bf9042e47,6,builds,True,0.0,True,False,False
d154e12f-169a-473a-ae30-e5f377b2dab6,6,builds,False,0.0,True,True,True
9693e0b0-1551-4600-98ce-f00c894aa963,5,builds,False,0.0,True,False,False
0bbacfdd-aa3f-4808-af63-d00e84152698,0,builds,False,0.0,True,False,True
0119492b-6924-4db7-a02b-025e8325a8d8,5,builds,False,0.0,True,False,False
0dc09f37-6983-4964-be00-871a5ff1566a,4,builds,False,0.0,True,False,False
43239011-c271-45e7-8f3a-5c68181dc88c,7,builds,True,0.0,True,True,True
a3c18170-9e56-4d50-8030-a5fc0228463b,4,builds,True,0.0,False,False,True
a7913a80-4645-4082-9836-a5c18c83a380,4,builds,True,0.2222222222222222,True,False,False
eca810b6-7d98-4b9f-a73b-eda2d624ee9f,7,builds,False,0.0,True,False,True
f719c170-c520-4b7e-b065-73ca429d91ae,5,builds,False,0.0,False,False,False
3723f034-04c5-4d1b-bbef-082c5bf85b66,0,builds,False,0.0,False,False,False
b2100416-a678-4024-b4c2-00fdfad0b667,0,builds,False,0.0,True,False,True
406b4196-fd11-48e4-939f-b8e999b43f82,6,builds,False,0.0,True,False,False
60cb629b-0b9c-4662-bd85-f0ce80da1873,4,builds,False,0.0,True,False,True
c2a4f00d-2d9b-4c0a-9418-698bb8ebcfe7,0,builds,False,0.0,True,False,True
b8482795-7dd3-47ce-86ec-57ee5ed83733,14,builds,False,0.0,True,False,False
60b5e891-e34d-4522-a894-45564ae05d5c,14,builds,False,0.0,True,False,True
00635fd5-a3bc-4051-89b2-ff524be28c80,4,builds,False,0.0,True,False,True
07abe40d-68ba-4bae-b8d5-540c7275d3bf,7,builds,False,0.0,True,True,True
d33cca84-dbe3-4122-a191-4b13e04d2b39,4,builds,True,0.4,True,False,False
9797be39-a495-4da1-a10d-64143978e3cd,7,builds,False,0.0,True,False,False
aaa6a493-cf3f-43bf-8bcf-c43f89ecfed1,6,builds,False,0.0,True,True,True
8b7ac6ab-5fc4-49ec-be66-100a813bde6b,4,builds,False,0.0,True,False,False
e9cccb52-04b1-4f42-bffc-800d4b1de476,4,builds,False,0.0,True,False,False
c426c955-b9d8-48b1-9e98-68b21f7b37c7,4,builds,True,0.0,True,True,True
6bddf703-92b7-4b3a-89bf-950cbb21920c,14,builds,False,0.0,False,False,False
d0ef6e34-0d4e-4b80-bcc5-ce31ea64c918,4,builds,False,0.0,True,True,True
ef35f7b2-5bdd-4155-922e-71146aaf3ec6,4,builds,False,0.0,False,True,False
ad0bb2a4-98be-485f-99bd-d238212c11c5,4,builds,True,0.5714285714285714,True,False,True
c426ab57-6111-470a-816a-2e3bc2a8f435,4,builds,True,0.0,True,True,True
76243222-0af4-4359-819b-4241f9fc2d03,4,builds,False,0.0,True,False,False
01078b1f-6c8e-4a4f-896a-f20546c9a5d6,4,builds,False,0.0,True,False,False
51ff5676-e2c5-47c7-9b63-d6fbcb9fb9f7,4,builds,False,0.0,False,False,True
dd50ec78-9b23-4d1d-84d0-90e4abbfdba1,6,builds,False,0.0,True,True,True
af764241-9904-439f-a319-143c0aa42639,4,builds,False,0.0,True,True,True
cf25e329-3f7e-4c86-b9c1-29a25dd2c1a6,5,builds,False,0.0,True,False,False
d2493c80-5a64-4cc7-882c-24fba50b076d,5,builds,False,0.0,True,False,False
1c2a3f41-9734-4bab-a207-0d57dd2dd71d,6,builds,False,0.0,False,False,False
7422e361-bdaa-4be6-947f-1aff5777f4a4,6,builds,True,0.8571428571428571,True,False,True
14097f99-954e-42b1-8953-b0b26b7f5236,4,builds,False,0.0,True,False,False
2aea46e2-8d92-4ae5-b11c-c1c1962f82f1,14,builds,True,0.17391304347826086,True,False,False
34624546-cdfe-4a17-81fc-4ef701e0960a,5,builds,False,0.0,True,False,False
0579676f-a037-4da3-92b5-e2f8c9638a20,6,builds,False,0.0,False,False,False
f2da07dc-e735-4c5f-a7d8-42a822e9d708,4,builds,True,0.0,False,False,False
343ef380-a5c2-43d1-8862-7168f38ce927,4,builds,True,0.09090909090909091,True,False,True
1dc85a28-1b70-4c3f-ad4a-279a77db3f53,4,builds,True,0.5454545454545454,True,False,False
3ae85cd8-78bb-4648-a57a-c51b216e7a43,4,builds,True,0.0,True,True,False
ee927842-482f-4b25-9611-ce48e9648321,14,builds,True,1.0,True,True,True
3c5690bf-6702-47d6-8a18-5a0e7178a4d5,4,builds,False,0.0,True,True,True
a780bae7-71e6-471a-8837-8e5e80717a3f,4,builds,False,0.0,True,True,True
d26f6b4c-5263-47dd-a065-9e0e8aa79dd2,4,builds,False,0.0,True,False,False
500ff6e8-e3a0-4217-a7f2-d4ed67aa78ee,6,builds,True,0.0,True,False,True
832ff153-14c9-4332-bb17-ca9684371e43,5,builds,False,0.0,False,False,False
6e6cdc6b-c437-4456-bd89-ddb0210ffa50,4,builds,True,0.6,True,True,True
b5f83399-f87f-444b-b4d1-88dba7b69f0c,4,builds,True,0.6666666666666666,True,False,False
1662aebb-2227-4722-b95a-7a8b8a4a32a4,5,builds,False,0.0,True,True,True
7d7e0c80-a34e-4b35-92e0-9b7abc71a1d2,6,builds,False,0.0,False,True,True
a4c79d37-1c34-43bf-8733-156e25e55f2e,4,builds,False,0.0,False,True,True
6dda7f77-8035-4b3a-bdef-aa00210c0c09,4,builds,True,0.9090909090909091,True,True,True
58111458-267a-435e-8e87-90aa696e39d9,6,builds,False,0.0,True,False,False
e6072579-390d-4121-a184-65cc7013069b,14,builds,True,1.0,True,True,True
9056684e-501b-483c-9535-2d300d085f95,4,builds,True,0.0,True,False,True
a5686407-42e0-4ef9-a9ee-2d9bf3670f1a,4,builds,False,0.0,True,True,True
e4a0a557-fcc2-45bf-8abd-0db82de31224,4,builds,False,0.0,True,True,True
6f565a2a-62a1-4b6d-9277-10f9eb3e7ab5,4,builds,False,0.0,False,True,True
15dd29a4-c743-49b7-95dc-cfee81ac97cd,4,builds,False,0.0,True,False,True
8d817b14-79ab-4cd6-b624-25dbdcaf32d1,7,builds,False,0.0,True,True,True
23177c4c-3bb8-441b-b6d7-6ae92538bccb,4,builds,False,0.0,True,False,False
2c749d65-fc8d-4aa7-93e5-38e9800652c7,4,builds,False,0.0,True,False,False
4eee9306-39aa-4747-bd01-3270ea5ad400,4,builds,True,0.5,False,False,False
b47ae5b9-a21d-48ea-8603-43dafa56092d,4,builds,True,0.9090909090909091,False,True,True
48ce84d9-e262-4e2d-982f-2e3ff5e220f2,4,builds,False,0.0,True,False,False
ed101879-7935-4f51-bd57-89a9c2156f0d,6,builds,True,0.0,True,False,False
22c01232-542a-4350-994c-c73f80c48932,4,builds,False,0.0,False,False,False
df2f08fe-c5a2-4f64-b445-4c33f3dc670c,4,builds,False,0.0,False,False,False
2096e4eb-82d8-4194-8dbf-39bd771c1113,6,builds,False,0.0,True,False,False
800c3610-e751-4713-9be2-8acd8e63ce12,4,builds,False,0.0,True,False,False
ec4a255c-3470-4f6a-b43d-5e8bafb2b47c,6,builds,False,0.0,False,False,False
3427303a-4011-4334-b62c-e300d191b2df,6,builds,True,0.0,True,False,False
48f2b7bc-ce9a-4fab-91fe-e6191914163c,0,builds,True,0.9090909090909091,False,True,True
84f61dd4-1248-4eac-a51b-5f1b5eb468ae,4,builds,False,0.0,True,False,False
2a6a10f2-88c8-4555-9583-12986cde6b5a,6,builds,False,0.0,False,False,False
19316200-c55d-4aea-aca6-2d118ed9674b,4,builds,False,0.0,True,False,False
49d36abf-3bed-44b1-85ae-3d95e84f8b9c,4,builds,True,0.09090909090909091,True,False,False
25d3e470-0369-439c-86a6-491b20cb4389,14,builds,True,0.0,True,True,True
56950b6a-ad52-4fdf-8d49-fd8c12490fd7,7,builds,True,0.2857142857142857,True,True,True
56683b08-c9e0-470e-af4b-72a56e5da251,0,builds,False,0.0,True,False,False
9e373cd9-64b5-4ba9-b3d1-f57bb54db2bd,4,builds,False,0.0,False,False,False
b6811eb6-ab50-412a-9e03-3c53ade96f9e,4,builds,True,0.2857142857142857,True,True,True
504e1b5a-51ac-4736-9cef-cf01c63e2ff4,14,builds,False,0.0,False,False,False
d68bbb21-8552-4306-983b-d78967bb4de5,4,builds,True,0.4,True,False,False
ffacd848-c2d9-4c3c-89d3-719ee6572a7c,0,builds,True,0.0,True,False,False
850abc6c-a6ce-497f-ad2f-7fd067e3df9c,6,builds,False,0.0,True,False,False
d536e242-a9b7-4e12-a21e-46e46de5f4fd,5,builds,False,0.0,True,True,False
e70f30f8-8961-461b-9727-73d630a93932,4,builds,False,0.0,True,True,False
64e5aad0-556b-408f-aaf2-bfdd513314eb,7,builds,True,0.6666666666666666,False,False,True
3f8d72bf-e983-46dc-8ae3-7ef8239ec4f6,5,builds,False,0.0,True,False,False
a6d1138f-7860-48e4-b494-e9d076c57d84,4,builds,False,0.0,True,True,True
7908538c-2fde-4bcd-969a-20bb7efb62f3,4,builds,False,0.0,False,False,False
46914eaf-99cf-4c3f-92cc-16e824c47349,5,builds,False,0.0,False,False,False
e6191fe8-2c1c-4bd5-b7ff-672b9c583ff7,14,builds,True,0.5454545454545454,True,False,True
b41da96d-4ae3-4089-8e09-d5a4133ad590,14,builds,False,0.0,True,False,False
55eee82b-5a37-480a-9d75-7522e29ad1e1,4,builds,False,0.0,True,False,False
a86b802a-dff8-4c3c-a3c8-233cc1b7a1ec,11,builds,False,0.0,True,True,False
baa3459f-d5c2-4d16-b174-c6d13424ddc1,4,builds,False,0.0,True,False,True
4556e5d3-d49c-4498-beb9-88afbf7450d4,0,builds,False,0.0,True,False,True
f8bbaa81-14b9-40ae-b593-4581b778fa63,4,builds,False,0.0,True,False,False
8e8f301f-5f10-446c-9064-8f5a3bc4961c,4,builds,False,0.0,False,False,False
5799332c-b072-4dd6-ac3e-1a4fed263f69,4,builds,True,0.36363636363636365,True,False,False
27278f99-a6c1-4e15-9c9f-6a32fc275f8e,6,builds,True,0.6,True,False,True
32800430-944b-4211-a340-3fa0d978e993,4,builds,False,0.0,True,False,False
af82e6e7-817e-430b-9c94-2db6e4f1156d,7,builds,False,0.0,True,False,True
0646c402-592f-466e-8354-114b23a31f26,4,builds,False,0.0,True,False,False
645d99c1-cbbf-4cdf-81e7-f1a4ba3908ca,6,builds,True,0.6206896551724138,True,False,True
1f66e0f6-834b-423d-99fd-bf732664e592,4,builds,False,0.0,True,True,True
eb5ce424-e91b-449c-a329-f28c7a9e945f,4,builds,False,0.0,True,False,True
e97d90eb-7ca6-41d4-9975-5ebb10a20030,5,builds,False,0.0,True,False,True
f25f3c5c-d8eb-4cba-86a6-731f66e982ee,6,builds,True,0.8571428571428571,True,True,True
65f15156-def4-4edb-8f58-d0f682086939,6,builds,False,0.0,True,False,False
098caa6e-4412-4e68-af8f-21da1ec6df68,4,builds,False,0.0,True,False,False
63f08ded-4981-47a4-83cf-22f8ea621b7d,4,builds,False,0.0,True,True,True
7e717d23-e01a-465d-8612-0a67b0478ffb,4,builds,False,0.0,False,False,False
30443da6-dc76-4171-9e3e-d3a734b7f61c,4,builds,False,0.0,True,True,True
d12d7db2-12fd-49f7-85d7-641409bac5cd,0,builds,True,0.0,True,False,False
57a82573-9f2d-4838-8892-3b23bd9598b3,4,builds,False,0.0,True,False,False
523315f1-8f4d-4460-8780-15889cc11a9a,6,builds,False,0.0,True,False,False
b1c67c2b-d98f-464d-b147-d358538883be,4,builds,False,0.0,True,False,True
610737b6-6a3d-4a22-a5e3-9575c16df6bb,4,builds,True,0.25,True,False,False
620593ce-f62b-44b4-8931-bc52d46dfc28,4,builds,False,0.0,True,True,True
0f94fcd4-3b23-4afd-94ce-8a58d0ea6d25,4,builds,False,0.0,True,False,False
a25e9a53-b4df-4bc6-9c83-395a291a7c0c,4,builds,False,0.0,True,True,True
4e913933-8f4a-4edf-901e-9eceeef62dd9,4,builds,True,0.8571428571428571,True,True,True
eee4e031-554c-4833-90d4-854c73a808f2,5,builds,False,0.0,True,False,True
3474a03f-5a81-41ba-86af-73ef45c92a65,4,builds,True,0.2857142857142857,True,True,True
0c4fb061-b901-4c55-bd17-8061af23b025,6,builds,False,0.0,True,True,False
1e434a68-ff2b-450e-b673-24d96afebaea,6,builds,True,0.4,True,True,True
36447978-a39d-477c-9244-9d52068cf665,5,builds,False,0.0,True,False,False
7c41e5b8-39b5-48c6-8f72-6c32e048e005,6,builds,False,0.0,True,False,False
f029267f-e951-43b5-bfed-e0d5a6f9f61b,4,builds,False,0.0,True,True,True
51df60bc-709b-4836-b090-0d8d1b97c648,4,builds,True,0.0,True,False,False
1a6128df-fa04-4fd9-bb7a-e7ec2b97e15c,6,builds,True,0.0,True,False,False
55e446d6-6d20-4b03-b7f7-4fed3f0b439c,7,builds,True,0.0,True,False,False
ced0c970-d5a5-4290-bb24-df920067335a,4,builds,False,0.0,True,False,False
6dcc34a3-8c7c-47f2-9ae1-b1ed18ec7557,4,builds,True,0.0,True,False,True
55dd90aa-212f-4f8c-8b74-8d1c5f317085,4,builds,True,0.0,True,False,False
44402800-bd28-486f-9b25-7b782a949621,4,builds,False,0.0,True,False,False
563ff77c-3c6c-4f57-baa1-9c57b6c75b89,0,builds,False,0.0,True,False,False
4886c0eb-83bc-40a1-a952-d52596d5d28f,5,builds,False,0.0,False,False,False
ba2c25d6-24b9-49c3-ace8-db81c9562750,5,builds,False,0.0,True,True,True
af85d981-c8e8-4133-8818-b25aaa4ad3da,7,builds,True,0.0,False,True,True
5614febd-a76c-4254-85ab-629f57140668,14,builds,False,0.0,True,False,False
0bd477f4-ea07-4e8d-b556-98e08612bbfa,0,builds,False,0.0,False,False,False
448a576b-3525-4489-9180-4f98faae4bd1,6,builds,False,0.0,True,False,False
2ce7c197-5f1a-4050-bc28-eebb02d512b3,6,builds,False,0.0,True,True,True
9b81375b-1a7f-4668-bd3f-92467460d8f1,0,builds,False,0.0,True,False,True
ae67c9a9-8aef-46dc-bafe-a5158512bafa,7,builds,True,0.0,True,True,False
bbf47dd8-5420-47e0-819e-d8d41f4dbd1f,5,builds,False,0.0,True,False,False
b9f4f4fe-3f6f-45da-be8b-93203fa21114,4,builds,False,0.0,True,False,False
866fb37e-32ec-43c3-b329-dc50cb70d7a0,7,builds,True,0.9333333333333333,True,True,True
363d4c6e-6437-4d2d-9767-aab9f6ed94d7,5,builds,False,0.0,True,False,False
84c008fc-6b29-4a64-a1f5-989c351637b2,4,builds,False,0.0,True,False,False
a3c46c69-ebe5-426f-bbfb-ac71c31c0499,14,builds,False,0.0,True,False,False
e210abef-5c9f-4471-9e95-f9ea0c22965c,4,builds,False,0.0,True,False,True
3baf6847-3c8c-4754-8229-ab67ef3fba31,4,builds,True,0.7272727272727273,True,False,True
af5723c6-e58f-4fad-b303-41a8113f0d9f,4,builds,False,0.0,True,True,True
94b9ed3f-3919-4136-b33c-395b7ee4f94e,4,builds,False,0.0,False,False,False
82235820-9cae-4508-a7de-d46566919666,4,builds,False,0.0,False,True,True
2f0f61b3-152e-491e-b49e-a5df7eeb8804,4,builds,False,0.0,True,False,True
c4ab8a95-5639-4ee3-8192-ded3241d3f2c,4,builds,False,0.0,True,False,False
6c5d73e3-3550-4a47-b198-c9df30f7e6ac,7,builds,True,0.0,False,True,True
8cc124b8-b2df-41c2-afbb-ef123c87c273,5,builds,False,0.0,True,False,False
0209b46a-6628-4df1-8274-a73c8ae61835,7,builds,True,0.0,True,False,True
46565e30-b6c7-4888-82fe-c197d5784f75,4,builds,False,0.0,True,False,True
e000f33c-4280-4036-85c7-1a80e929d964,6,builds,True,0.0,True,False,False
65f93739-5111-4e6c-bc07-e8dea2614363,4,builds,True,0.3333333333333333,True,True,True
cb3332f3-2fd0-458f-a3f0-2cc2d1ffce32,6,builds,False,0.0,False,True,False
92faf07b-cd0e-4de4-964c-2eee511e7027,6,builds,False,0.0,True,True,True
41ee17b0-69dc-4db9-a566-c0fd8a60da38,4,builds,False,0.0,True,False,False
37b96094-e113-4adc-8fa1-ee48af47ee8c,6,builds,False,0.0,True,False,False
3fa9b2a7-8b35-4378-8b36-c2ef7dea1e12,4,builds,True,0.05128205128205128,True,False,True
f33aa750-6cf3-43a2-b246-193dffa847d6,6,builds,False,0.0,True,False,False
91c238b7-8382-49dd-a924-d7cdde3f7809,0,builds,True,0.0,True,True,False
e5f18140-094a-42a2-a6b8-f9e334c2a781,0,builds,True,0.2222222222222222,True,True,True
178650bb-04f9-4082-9dec-bab9fe6b53ff,6,builds,False,0.0,True,True,False
03e69492-aca5-42fd-b7ff-24c76ab2f332,4,builds,False,0.0,True,False,False
209f0622-0e9c-457a-8d5f-1aa43fa31706,4,builds,False,0.0,True,False,False
cd0c8179-23a4-4620-97b6-377dd9844b73,4,builds,True,0.2857142857142857,True,True,True
271118b0-896e-4985-af7c-768dafbc6e4d,4,builds,False,0.0,False,False,False
f317aeac-b00d-40fe-8020-f0d61f6ffa06,4,builds,False,0.0,True,False,False
f9576480-cbe7-46e7-a859-faa25a897c55,6,builds,False,0.0,True,False,False
3b88961a-7d67-45fa-a693-5769c4d6b7b2,4,builds,False,0.0,True,False,False
70247aa9-321f-4625-be5d-641600206f52,0,builds,False,0.0,False,False,False
13bb3195-4ea3-4b8e-8066-c09b27295734,6,builds,False,0.0,True,False,True
53380dff-a26b-4b41-8633-f1954b7dc4d3,6,builds,True,0.0,False,False,True
fdceb975-e1f4-46a2-94ad-3a6a56a5baca,6,builds,True,0.0,True,False,False
53c7c52d-0d7e-4ba8-9606-15857ef0179d,4,builds,False,0.0,True,True,True
88831a7c-02db-4f04-879e-b5f687623f75,5,builds,False,0.0,True,False,True
58f6bd53-e9de-4214-bcdc-1efc02122bf8,4,builds,False,0.0,True,False,True
5949fce1-5737-43d0-a995-904fb35c8ae3,4,builds,True,0.0,True,True,False
0ae42f5f-ec4e-4e3b-8a79-61c20a0d7609,4,builds,True,0.0,True,False,False
31a89288-d5a3-45cf-8c26-dcbfa9dfd11a,4,builds,False,0.0,True,False,False
119bb836-8d31-4747-8efb-732bff9ed56e,4,builds,False,0.0,True,False,False
15003cf1-dc59-4f6a-9c4b-4ddcc19e2575,5,builds,False,0.0,False,False,False
f6b4a9c7-b791-4030-96fd-82e7ee8fad41,4,builds,False,0.0,False,True,True
853de501-0a91-4350-b24a-77acb67a1164,4,builds,False,0.0,True,False,False
5a5a2f39-91e0-4005-8b42-8e65ba16c11c,4,builds,True,0.0,True,False,True
4a66568a-673c-4b96-bc88-5bf8770ab087,6,builds,True,0.46153846153846156,True,True,False
1d29ef24-b10f-42b1-9d48-b0b1552e8c2f,4,builds,True,0.5,True,True,False
d8bb6f9b-7c85-4fb5-9401-15ad87966fe6,4,builds,False,0.0,True,False,False
d7fea86d-89e5-4c56-b0ca-00e7d323a990,4,builds,False,0.0,True,False,False
9dcbc818-f72d-44dd-8c3c-c8e28f429795,14,builds,False,0.0,False,True,False
aac689ad-ec90-4af3-945d-c869a588bdf9,4,builds,False,0.0,True,False,False
d6b06770-affc-4cd5-82e0-1c4535e246e3,7,builds,False,0.0,False,True,True
6ca2abd1-9235-48ee-bcfd-1a6baf1d947c,5,builds,False,0.0,True,False,True
4cf0dbf2-ea83-4853-a537-0d593ae7954b,4,builds,False,0.0,True,False,False
a5f54b77-0e78-41a6-9e82-72983e45fde2,4,builds,False,0.0,True,False,False
1186ac30-5e48-4a78-b68a-18c3c7624c7b,6,builds,False,0.0,True,True,False
8ec74c2c-b1c9-4aeb-8559-5247e8fd6ca0,7,builds,False,0.0,True,False,True
6c2a3ec2-12eb-45d5-9784-32d2afcf350e,5,builds,False,0.0,True,False,False
2b96bee2-1db3-4da6-b16d-9bbf35e442fe,6,builds,False,0.0,True,True,False
816dd3d2-7f54-4332-9695-86ea43fd0a79,6,builds,False,0.0,False,False,False
b398236d-46b6-420c-ba9f-4e7536daa3cc,6,builds,True,1.0,True,True,True
54ce621c-6756-4aef-9b40-f260363f60ed,7,builds,True,0.4,True,False,False
d67b60b3-3e79-424f-a57d-bb57e8fcb1ed,14,builds,False,0.0,True,True,True
2b753977-d8bb-4c6a-aea8-36c8147a5381,4,builds,False,0.0,True,True,False
74ebc230-baa1-49fe-bde3-757fb72e836b,0,builds,True,0.8888888888888888,True,True,False
1987b87b-66ec-4909-9cc2-ed8ab8c3c88c,4,builds,False,0.0,False,False,False
82892f79-932d-47c4-9ea3-6c01208e5653,4,builds,True,1.0,True,True,True
2f82cc45-2027-4d0f-bcc3-2e6d5e5d4f3b,4,builds,False,0.0,True,False,False
8e913570-9e49-4c60-914e-8db13cecc80a,4,builds,True,1.0,True,True,True
c72d7e99-adf2-4114-8c2f-42ae40d6ee79,7,builds,False,0.0,False,False,True
2ee877cf-2071-4f97-9cc2-a5dac4842e16,4,builds,False,0.0,False,False,False
f09ba390-64d6-49d6-beb5-8a7b8563de0e,14,builds,False,0.0,True,False,False
8677a1ca-fe83-4d18-9d4e-832f33cc1200,14,builds,False,0.0,True,True,True
c6bef417-6245-4f46-871a-59acd7357f8b,4,builds,False,0.0,False,True,True
b34c80c5-5cfa-4e8b-a8d9-cc4be63f2aa5,4,builds,False,0.0,True,False,True
62803b23-4f35-4663-abbe-6f365a39cf69,6,builds,False,0.0,True,True,False
b5ee9e6d-3008-49dd-8c59-3a87a8f9051d,4,builds,False,0.0,True,False,True
fa88cf53-8e88-40af-b016-0120994c1631,0,builds,False,0.0,True,False,True
e26c810c-3eca-4b11-b5b6-4f23471d2dcf,6,builds,True,0.47058823529411764,True,False,False
02a5607e-9304-4ee5-839c-0103c334e5b6,4,builds,True,0.0,True,False,True
b6ce7c0f-e2c0-429f-a128-7a90121b670b,4,builds,True,0.0,True,True,True
d06788b9-f3c8-4436-a600-db4f6b3ad7d1,0,builds,False,0.0,False,False,False
2bb2851e-6787-453e-a66e-cc85d1dc70c3,4,builds,False,0.0,True,True,False
48efb14f-ca69-45bb-96a1-8fa4b090cac6,4,builds,False,0.0,True,False,True
d57d884b-94e6-4894-8c78-3b3b69f7c431,4,builds,True,0.0,True,True,True
5c041c01-3e6b-4553-a560-4db49d8e13ae,4,builds,True,1.0,True,True,True
778839fd-e371-4525-a6af-bb9fa7b0015f,4,builds,False,0.0,True,False,False
4acab990-2146-4ffd-a740-5d7bd7f94891,4,builds,True,1.0,True,False,False
fd52a0bb-203d-4a45-a396-eaea930d51b3,5,builds,False,0.0,False,False,False
4718e0ac-ad02-44b1-b2b9-b96e4189913a,6,builds,True,0.0,False,True,True
00cba0bf-e5bf-4d9c-85c5-226672547e54,7,builds,False,0.0,True,True,True
d8284e58-1a4c-4181-b600-bceacbba41c2,4,builds,True,0.3333333333333333,True,False,True
c56c2ed4-4bde-4cc3-ae58-f2da98931137,0,builds,False,0.0,False,False,False
54892ff9-ce77-4995-90ce-cf989619dfa8,6,builds,True,0.3333333333333333,False,False,True
0553c6a4-5ff6-4f1e-bc30-492093db5a7e,6,builds,True,0.0,True,False,False
455575c3-4872-4b49-b223-510a4adbc136,6,builds,False,0.0,True,False,False
54c00724-f4f8-40c6-ae5d-2603eacb17f2,6,builds,True,0.0,True,False,False
23dcfe92-c0e7-47c7-b793-d7a8133d9576,4,builds,True,0.3333333333333333,True,True,False
50f05187-cd8d-4e7a-a13e-3f58f0cdc8da,5,builds,False,0.0,True,False,False
38600996-14bb-4519-8226-d876155d26e4,0,builds,False,0.0,True,True,True
e4cf5b23-0b18-49fa-9158-1829ef87eb20,5,builds,False,0.0,True,True,False
3fbf78e0-cffb-42ab-be06-e5db80b578b3,5,builds,False,0.0,True,False,False
583bb4fd-27a0-45f7-8de5-919310756d91,4,builds,False,0.0,True,False,True
3ca51989-6fd3-4e18-b105-1aa95ee4e3e8,4,builds,True,0.0,True,False,True
b069e4ad-d0a4-45fa-ae20-52c30f10c74e,7,builds,False,0.0,True,True,True
7e16e7b7-9051-402c-b15e-b57c0b78082b,5,builds,False,0.0,True,True,True
9d8b2382-f37e-4e62-8115-421dba24e62b,5,builds,False,0.0,True,False,False
384523c7-962c-49f0-a40b-1e022e46bf1f,7,builds,False,0.0,True,False,True
3097d16d-0b63-41aa-a13a-642faf28057c,14,builds,True,0.0,False,False,True
f0d850ae-e79e-4878-a364-b52e0003a124,4,builds,True,0.8571428571428571,True,True,True
229a493a-6707-42bf-bc9b-be15c3b06061,6,builds,False,0.0,True,True,True
352318ae-86c5-49ad-9c8e-9e24e056823c,6,builds,False,0.0,True,False,False
2f8b0ae0-203c-46ef-91b3-fd020ca0e677,5,builds,False,0.0,True,False,False
a9f2f166-072c-4697-b3eb-f0f88ee87018,4,builds,True,0.0,True,True,False
5eda88d7-de9e-4f94-af17-462234e5ab6a,4,builds,False,0.0,False,False,False
66760536-bb80-46b3-a37a-2a0a489ab05c,0,consciousness,True,0.0,True,True,True
840a6a70-7fdb-4ea8-b9f6-20f0781f5f1c,7,consciousness,False,0.0,True,False,True
fe566fa3-cb02-473d-8700-4ec1ffc7d2d3,1,consciousness,True,0.4,True,False,True
d7475b7a-a1e1-4c8f-88c3-287268d8cc8a,7,consciousness,True,0.0,False,True,False
94aa647f-839d-4a97-9e25-5019a2f05681,0,consciousness,False,0.0,True,True,True
b2c6752b-7852-41fd-b3e0-901915fdc495,1,consciousness,False,0.0,True,True,True
d3e806c2-56a1-4bee-8a54-26767ae459e4,0,consciousness,True,0.75,True,False,True
ae8b1a8d-5568-47dc-9b56-887f1d8b9144,4,consciousness,False,0.0,True,False,False
2c2dccac-c1c6-4c8b-962c-4b72890ac5fb,7,consciousness,True,0.2857142857142857,True,True,True
3b5bbfe3-4521-42a3-b4cd-db0cc06a97b4,0,consciousness,False,0.0,False,True,True
ea4914a6-1580-45b8-bd0c-40ed6472682a,1,consciousness,False,0.0,True,True,True
ad9ee747-01df-459d-b506-1424284fd0f4,7,consciousness,True,0.25,True,False,True
24e9029a-4775-4be3-b654-91de3eaea10c,1,consciousness,True,0.5714285714285714,True,False,False
8b7dce86-5b02-4008-96ee-ffe02ddf266c,1,consciousness,False,0.0,True,False,False
44af3cb1-8ac0-405f-8892-2de18e1a0f98,7,consciousness,True,0.5714285714285714,True,True,True
83da8c0c-69c2-4696-a118-5bf5ae0b5eff,0,consciousness,False,0.0,True,False,False
1c66640c-0caf-4daa-bd46-3f65398634fc,1,consciousness,True,0.0,True,True,False
c36907c2-49b9-477b-8597-1e8696e08461,0,consciousness,False,0.0,True,True,True
10692a2e-d335-42c9-9379-4c48c88c68cf,14,consciousness,False,0.0,False,False,False
4ffc31ee-92d0-4af6-9f08-cb58e2af14b9,0,consciousness,False,0.0,False,True,True
4b5cc72b-520f-4095-b3eb-12b8f9a17f90,14,consciousness,False,0.0,True,False,False
e6a52af7-eb4e-4057-a6a1-937c02242615,7,consciousness,True,0.4,True,True,True
3ad43995-48c9-4f14-bf41-cacc77269356,0,consciousness,False,0.0,True,False,True
3d8f0828-7ac8-46a9-b83a-37cc2eebbbab,0,consciousness,False,0.0,True,True,True
1c1c1da4-ca6d-4540-a99b-6957a9692d2d,1,consciousness,True,0.6666666666666666,True,False,True
c4fff9b9-957b-430f-a7c6-01fc7a6ed5dc,4,consciousness,False,0.0,True,False,False
117828bb-b919-473e-a601-ca661345b7dd,0,consciousness,True,0.4444444444444444,True,True,True
a9c6f669-2513-45e5-af67-d2837e18a728,1,consciousness,False,0.0,True,False,False
8aa1b7fd-0ffa-49bc-b552-f110e6052302,0,consciousness,False,0.0,True,False,True
c0b9d750-23a7-4f2d-b595-4b85de6755bc,4,consciousness,False,0.0,True,False,True
2f3bb7ae-38a3-40ac-943f-8cccf1a05485,0,consciousness,False,0.0,True,False,True
330cf789-9b50-44b5-acff-84a7ebe6650c,4,consciousness,False,0.0,False,False,False
7e43069b-2f90-4fd7-a08d-117ce901b97f,1,consciousness,False,0.0,True,False,False
ad0fdd04-c95b-426e-a36f-407c3e6a34cc,1,consciousness,False,0.0,True,True,False
3a43817b-4ace-4ecb-9874-0da55b502d2e,0,consciousness,True,0.18181818181818182,True,True,True
77e1df30-c1bb-4294-bd6b-a8eaf86cf030,0,consciousness,False,0.0,True,True,True
ee810725-6afa-4de0-aeba-adbaf572da71,4,consciousness,False,0.0,False,False,False
9bbda95e-246f-4ee5-90c1-466bdf05f477,1,consciousness,False,0.0,True,True,True
45e4cc6d-db5e-41e8-8dfe-dea1501654a8,0,consciousness,False,0.0,True,True,True
309a9d09-46e4-4f61-b2a8-4f252bef267f,1,consciousness,True,0.5,True,False,False
b28e657c-af97-4a49-ace8-be22076e6670,4,consciousness,False,0.0,False,False,False
c26a8792-bfef-489e-910c-b27a9696f4c0,1,consciousness,True,0.0,False,True,False
386bd0c4-9de0-4ed8-af40-150de2336729,7,consciousness,True,0.7,True,True,True
26733480-7a2d-46c7-8b1a-08ad980d20b5,1,consciousness,True,0.5,True,True,True
39ae3999-ca5a-4fe1-b1ca-4a7961810c2c,7,consciousness,False,0.0,True,True,True
f61670f2-9d88-4189-8ea5-d9fb8c3093d6,7,consciousness,False,0.0,True,True,False
88a7fa78-caa5-4939-9468-5bbfda81e5c3,1,consciousness,False,0.0,True,False,False
01e83c19-ad3e-4457-a458-23a78f45adfe,0,consciousness,True,0.0,True,False,True
6291fff7-0c04-4071-a8b3-dd3fa1474ac8,0,consciousness,False,0.0,True,False,True
6bea3fa8-c471-4f17-986c-6088c8e463d4,7,consciousness,False,0.0,True,True,False
e06442b4-d553-434f-bcdd-a3640f0f4856,0,consciousness,False,0.0,True,False,False
329d0662-8db1-4b5c-be01-0a6b3b594a9c,4,consciousness,False,0.0,True,False,True
47990378-e08d-402b-a19e-67ef30aaf57a,1,consciousness,True,0.0,True,False,False
a6be6659-2817-4726-8e7a-98696d67c9fb,7,consciousness,True,0.0,True,False,True
159e7063-eb2a-4c2a-b28e-a2448726ba18,7,consciousness,True,0.9166666666666666,True,True,True
b105f88d-c819-46b6-b5ce-c097d3ae3222,1,consciousness,False,0.0,True,False,False
4c74303b-2acd-4f1c-b39b-0f906a522ac9,1,consciousness,False,0.0,True,False,True
66d74141-3cb6-4909-a6eb-14931c6732c9,7,consciousness,True,1.0,True,True,True
b7279a29-ed80-4de0-812b-1eebbbe93f1f,0,consciousness,True,0.9090909090909091,True,True,True
a4403a97-56ca-450d-b11f-1e2dfbacd371,1,consciousness,False,0.0,True,True,False
05481f25-4b5f-42ae-8923-bfa0c35009e0,0,consciousness,False,0.0,True,False,True
9ee32c0d-09f4-45f3-9de4-75c80a8d078d,0,consciousness,False,0.0,True,False,True
0e80887a-ff2f-4460-b3d2-ed452dec2506,0,consciousness,False,0.0,True,True,True
46c28d5a-858b-4064-bacb-64f1957a2528,1,consciousness,True,0.3333333333333333,True,True,True
5b8d062e-400c-4316-a45c-2b716e13d513,0,consciousness,False,0.0,True,True,True
0e047488-3abf-4947-b3d3-62aab9936ef8,3,consciousness,True,0.5714285714285714,True,False,True
8c0a3af7-ad0b-4f34-a4c2-4743998eaaee,7,consciousness,False,0.0,True,True,False
c4f72bb8-a39b-4274-94c8-3d3d6241316e,0,consciousness,False,0.0,False,False,True
da9a681c-7366-475e-b8e6-94033767eabb,1,consciousness,False,0.0,True,False,False
b56f56ca-eb42-493d-b3fe-0f3239177bee,1,consciousness,False,0.0,False,True,False
78c86ed4-0147-4004-afe1-cbd7557e176e,7,consciousness,False,0.0,True,True,True
e351a144-98ae-41bd-af67-8e5403e651e0,0,consciousness,False,0.0,True,True,True
a083aff7-c1a0-4d45-8bfd-4aca3e00cbe4,1,consciousness,False,0.0,True,True,True
37852588-91ed-4c4a-b7bf-a8ce64881211,0,consciousness,True,0.0,True,True,True
625dedbd-4f42-4253-b23a-577fbc54fe10,1,consciousness,False,0.0,True,True,True
4ccda6a4-6a2f-46cd-a692-8fb4c0ab71e3,1,consciousness,False,0.0,True,False,False
96184850-e9e4-49ae-8ab2-28bcfc89a39d,0,consciousness,False,0.0,True,False,True
d78a8daa-7b53-4c18-8ca1-60d2ce04d1cc,4,consciousness,False,0.0,False,False,False
04a7fd29-83eb-4a03-b13f-37c6cbca05de,1,consciousness,True,0.0,True,False,True
da4eb278-5566-4354-a848-11534af456fb,4,consciousness,True,0.0,True,True,True
db8fa83b-478b-4de2-bc12-0ebaf3a531b8,1,consciousness,True,0.0,True,True,True
95d66790-32f7-4883-8c26-c8db80b1ab32,1,consciousness,False,0.0,True,False,True
0b8c4eaa-d6b9-4a0a-a36d-6c175ba6a0b7,6,consciousness,False,0.0,True,False,False
ebba422b-9386-4f17-a507-ba4798e1f3b6,0,consciousness,False,0.0,False,False,False
ef9ee2a8-b3e2-45ce-95ae-39f27a3e1d86,0,consciousness,False,0.0,False,False,False
eee072cc-636f-4a34-93e3-2bdd000c7752,4,consciousness,False,0.0,True,False,False
0f1c3dae-eac6-49c9-b007-a583082dd500,6,consciousness,False,0.0,True,True,True
c4f73ce8-95b5-45e6-954e-ce838f84cb8a,4,consciousness,False,0.0,True,True,True
50f18800-6adf-4829-90cc-a8cf1eacd15e,0,consciousness,False,0.0,True,True,True
676208f7-90af-465b-8a5f-c0e550078937,1,consciousness,False,0.0,True,False,False
795e4f15-eeec-4b9d-a0a8-26be48f0a40d,1,consciousness,True,0.0,True,False,True
e3db8a54-c7bb-4933-8418-f3ef6237d5ef,0,consciousness,False,0.0,False,False,False
7bee2618-8457-43ea-b739-42d050b1224e,4,consciousness,False,0.0,True,False,True
468298d1-97e0-4b1f-bab2-596c64e5656f,4,consciousness,False,0.0,True,False,False
49897199-db39-4a09-b481-45209157ea97,1,consciousness,False,0.0,True,False,False
3c12a673-bd8e-4506-9ff7-2cdafcacecbd,7,consciousness,True,0.2222222222222222,True,False,False
9975985b-5c41-4f03-914e-c744be9e7d53,1,consciousness,True,0.6,True,True,True
4ad36aea-a1cd-45a9-87f1-62574efbbec0,0,consciousness,False,0.0,True,False,False
27e4d181-bb73-489b-8c1f-079ebd1dfe1a,1,consciousness,True,0.4,True,True,True
0ee1f854-2c79-47e6-888b-66fed57dcc3b,1,consciousness,False,0.0,False,False,True
9f53f194-1f07-4522-beab-79d543f2f973,1,consciousness,False,0.0,True,False,False
524a896e-5ac8-4251-bca6-1290d6cdfd91,6,consciousness,False,0.0,True,False,False
08820696-453f-4e15-84df-41b1f6dd1df7,0,consciousness,False,0.0,True,True,True
f027e526-935c-4a12-bcb5-86e1b0551fea,4,consciousness,False,0.0,True,False,True
e9fc3e11-8217-443e-97a0-747771c933a5,7,consciousness,False,0.0,True,True,False
508d7c76-6c60-48fb-9231-36517201d018,0,consciousness,False,0.0,True,True,True
2ab9d6a7-3096-465c-9c36-834a00f1605c,0,consciousness,False,0.0,True,True,True
364d5329-08e7-4444-b7f3-9fb9c52f113c,0,consciousness,True,0.18181818181818182,True,False,False
f2299469-484a-47b0-9a20-09766bc7529d,0,consciousness,True,0.4,True,False,False
10185e4f-cb13-4a02-becd-913c188c4db7,1,consciousness,False,0.0,True,True,True
2819dc92-5715-4aff-82e9-901f4813a760,7,consciousness,True,0.8333333333333334,True,True,True
03f5bf75-7558-444a-8d03-a9a5ff57bf26,1,consciousness,False,0.0,True,False,True
d33d5c81-1f60-4dc0-aabb-c8124216c383,7,consciousness,False,0.0,False,False,False
fabda2c3-8423-4c38-8d06-488e6c4fccbc,1,consciousness,False,0.0,True,False,False
4f98683a-4bfc-4cac-93d7-8d48553361bb,0,consciousness,True,0.0,True,True,True
1c5ae3a8-38b5-4e1c-b9ed-558b7c77517e,1,consciousness,False,0.0,True,False,False
957089b8-5843-4e6f-aa0e-fb786a2c687e,1,consciousness,False,0.0,False,True,True
62bbc343-a4ec-4f25-9d40-fda44989e59a,14,consciousness,True,0.6153846153846154,True,True,True
6f8a0e02-0959-48d6-8424-8389ae8b1dc2,0,consciousness,False,0.0,False,True,True
2a5efb46-6511-492e-81a2-7de042696a46,4,consciousness,False,0.0,True,False,False
e2cd92bd-2153-45a0-9997-447ede8ad8fc,1,consciousness,True,0.9333333333333333,True,False,True
a6cb62f7-9a81-4468-8169-bddf30f8806b,4,consciousness,False,0.0,False,True,True
0de09925-e0ea-45f8-a005-c8a440be0de5,7,consciousness,False,0.0,True,True,True
69985eed-df9d-4f43-b0d0-3f4915a9597e,0,consciousness,True,0.75,True,True,True
bb38f944-456a-4004-a17e-a3fdce51ad04,1,consciousness,False,0.0,True,True,True
bacc574f-5b15-4df7-b597-1f5a6ae32226,7,consciousness,True,0.7272727272727273,True,True,True
f7ad9d6e-c065-4715-b7ad-b3eec7b5abbe,4,consciousness,False,0.0,True,False,True
2805c449-7ea2-4427-a0de-9b50158eeaeb,4,consciousness,False,0.0,True,False,False
7b8a620f-b6f2-4490-87ed-d72d37e12854,7,consciousness,True,0.0,True,True,True
3a530ffd-9642-4239-bb41-d819786ec819,1,consciousness,False,0.0,False,False,False
c7b5da06-628f-4541-9ca7-c343bbfd1d05,4,consciousness,False,0.0,False,False,False
8fd23623-6613-4567-adbd-44b860b24597,7,consciousness,False,0.0,True,False,False
0ac4f3af-1e8d-4500-9079-f221dca23728,1,consciousness,True,0.4,False,False,True
028ea46e-2687-4568-9bdb-6f1022143a23,7,consciousness,False,0.0,True,True,True
1ff0305a-6c66-4686-ab80-75bae0a9fa14,4,consciousness,False,0.0,True,False,True
70724e1b-e174-4b7a-8248-97780890f57a,0,consciousness,False,0.0,True,False,True
f2861def-d2e9-4407-95b3-877f95d02246,1,consciousness,False,0.0,True,False,False
40e92c7c-dd53-44a4-b7ce-cb807f3017fc,1,consciousness,False,0.0,True,False,False
25545f11-bbcd-4fa3-bbd1-907d2a1215b6,0,consciousness,False,0.0,True,True,True
b1afe946-72a8-4aeb-996f-8d7a890497d6,1,consciousness,False,0.0,True,False,True
4cc514a4-32b3-4f85-b4d3-3fbbaae8b83f,7,consciousness,True,0.3333333333333333,True,True,True
4965aeeb-d9a0-42a4-b0d1-dfbafb477e64,0,consciousness,False,0.0,True,True,True
377086fa-eeca-495d-a14a-14f658699c39,4,consciousness,False,0.0,True,True,True
13dc32a1-97b2-4499-a032-33a37c64420d,7,consciousness,True,0.3076923076923077,True,True,True
97b5cc4b-0027-4c98-b8ac-d8f4dd07ba8d,0,consciousness,False,0.0,True,False,False
3fe5c268-c85e-4646-83c8-cc86a4e6457e,0,consciousness,False,0.0,True,True,True
d2504c35-b9c0-4db5-a0e1-070e4c726081,0,consciousness,False,0.0,True,True,True
66564867-b89b-4a9a-b8b0-1f9a9189447e,1,consciousness,False,0.0,True,False,False
08ed143a-c215-496a-8d33-24645a6d1872,0,consciousness,False,0.0,True,True,True
fe27ad26-eb34-4c0c-8c5a-380e7eca9b3a,7,consciousness,False,0.0,True,False,True
fc868cf3-ba2f-46db-91f9-a58f09c3eeae,1,consciousness,False,0.0,True,False,True
8286a086-be02-4ef4-9766-b253936e71eb,7,consciousness,False,0.0,False,False,False
e4c19b71-17d9-4e3c-8f2c-a34fdf5eef61,0,consciousness,True,0.0,True,True,True
6d7b9164-1b1b-483e-b3ac-af0a83c1d06a,2,consciousness,False,0.0,True,True,True
50d0649f-76ee-41fb-a7e3-873811eae686,4,consciousness,False,0.0,False,False,False
fec63a9c-208d-4ad5-a2be-d5227ecfcbe4,1,consciousness,False,0.0,True,False,False
7a1ce912-31bb-4ce9-bf4d-ee48cdcbcd3f,9,consciousness,False,0.0,True,True,True
24e964a6-66ef-495d-8cfc-0c74e0367eff,0,consciousness,False,0.0,True,True,True
836398e4-1b52-4688-95e6-6aa70643871e,1,consciousness,False,0.0,True,False,False
cfcfe03b-041c-48fb-9bb7-4b75603792dd,0,consciousness,False,0.0,True,False,True
b0ad83fb-ee52-4322-a278-d13e33ce8670,1,consciousness,False,0.0,False,False,False
ee5a609c-939f-4328-95c0-ac3e892a2449,0,consciousness,False,0.0,True,False,True
2dc7cb2c-2557-4828-8004-6e64f93d8805,1,consciousness,False,0.0,True,True,True
bc6653c4-e860-4d18-b473-fe99b8127745,1,consciousness,False,0.0,True,True,True
9accf401-5a67-41a7-a60d-63a769be42d4,14,consciousness,False,0.0,True,False,True
b7bd55b9-dde4-4c87-bc22-0d5cff4a5586,7,consciousness,False,0.0,True,True,True
c6b2d2f6-542e-4325-9138-444746a73327,0,consciousness,False,0.0,True,True,True
ba790d48-5001-4cfc-a107-cdd298f7e7dd,0,consciousness,False,0.0,True,False,False
1b6d2edb-fdb3-4266-8c35-d190cb17b7e5,1,consciousness,True,0.2857142857142857,True,False,False
a4893fa1-4ef4-49c4-b2d9-0442c458f974,0,consciousness,True,0.0,True,True,True
a66eb85c-3d0b-4c8c-80a8-a9b01eb0ee28,0,consciousness,False,0.0,False,True,False
bdac144c-aaa0-4179-a110-ae7258164093,0,consciousness,False,0.0,True,True,True
6e057ae3-dfeb-483a-be59-7ea0342be181,1,consciousness,True,0.0,True,False,False
40819d7a-262c-42a8-b2df-11663501f213,0,consciousness,False,0.0,True,False,True
b7511f3d-3c87-4a09-a2f5-a3bbc3064d6f,4,consciousness,False,0.0,False,False,True
43424e54-f9a8-4391-9666-72241aa174df,7,consciousness,False,0.0,True,True,True
99075abf-2a99-404f-acc1-85533e444129,9,consciousness,False,0.0,True,True,True
499edf3f-5e27-4365-a1eb-bc3b74c2134e,0,consciousness,True,0.3333333333333333,False,False,True
7286b226-5e03-4f29-9b93-d3fa455550e2,0,consciousness,False,0.0,False,False,False
aead161c-6a5d-4676-a21c-a672433f2983,4,consciousness,False,0.0,True,True,True
8dbecd9a-087c-4b70-b723-a70f31e04d4e,0,consciousness,False,0.0,False,False,False
e20f8d4a-848b-4206-baa8-1a32582a1211,1,consciousness,True,1.0,True,True,False
8673f835-ea3e-419e-868d-ba01a10a8ba8,7,consciousness,False,0.0,True,True,True
abc521d6-f632-4caa-8a7e-50bb61f1c8ff,7,consciousness,False,0.0,True,True,True
b9aeb10b-c5f4-48d9-ab1b-e4f1a1ef313e,0,consciousness,False,0.0,True,True,True
dc288854-f4ed-49eb-82d3-f3ab12d129b0,7,consciousness,False,0.0,False,True,False
a51628b0-a2b6-4f02-91a4-4678d3511a1c,1,consciousness,False,0.0,True,True,True
a2804fed-a0a5-4025-a9a8-f3311ae57188,7,consciousness,False,0.0,False,True,False
d8cbc6e4-399a-47b0-8332-edebd761e0e1,4,consciousness,True,1.0,False,False,False
1d503dc0-a598-419a-8554-497e6161a698,7,consciousness,True,0.6,True,False,True
5d8bbc06-eea6-4d04-8241-e57e41e3b443,0,consciousness,False,0.0,True,True,True
d6ec568e-ea58-4217-a048-f0a6fbb6f331,1,consciousness,False,0.0,True,False,False
d5ec615e-2a28-48b9-934b-450d4be55876,1,consciousness,False,0.0,True,False,False
8f8cdea9-e3c9-40b8-9f00-4e9768809859,0,consciousness,True,0.6666666666666666,True,True,True
89e00e47-7e17-4218-8d10-caf0e1393081,4,consciousness,False,0.0,True,False,True
ae93e356-8412-4e0c-8f06-d3f05a60a974,1,consciousness,False,0.0,True,False,True
1ebebc47-5fb7-44e8-a4a7-b1720376fe61,4,consciousness,False,0.0,True,True,True
75662826-27b9-423c-80a8-41620b1fc87f,0,consciousness,False,0.0,True,True,True
84aa96d3-afc6-4c59-ba89-d57b10e98d77,4,consciousness,False,0.0,True,True,True
fb4b053d-f177-4867-8737-e9bfc5d634e0,14,consciousness,True,0.0,True,True,True
3a0bfdc5-a635-4198-ada6-7f09ea5f37d4,0,consciousness,False,0.0,True,True,True
7b64f73c-61f8-466c-a856-92e61297180f,0,consciousness,True,0.18181818181818182,True,True,True
7128ef00-73dd-4b88-a638-2af1e03cce10,0,consciousness,False,0.0,False,False,False
fb11bf94-b402-4ad9-84bb-fccaff6e0c3a,4,consciousness,True,0.5,True,True,True
1e1c5ced-c4dd-47f8-ac76-2baa9b942696,0,consciousness,False,0.0,True,True,True
4c782fdd-7eb8-4a66-988a-100c75a0a055,6,consciousness,True,0.125,True,False,False
1978c01d-670e-4599-b609-868761b159c0,7,consciousness,True,0.5714285714285714,True,True,True
13037576-feaf-43eb-a29c-35e489c7343f,7,consciousness,True,0.0,True,True,True
f434eba8-02b1-4752-9742-272e5064cb3e,1,consciousness,False,0.0,True,True,True
5183a23f-ecaf-4522-8f3d-b048fc26b12d,4,consciousness,False,0.0,False,False,False
5d7ce9b2-19e3-4db5-ae52-03b7f427c84d,1,consciousness,False,0.0,True,True,False
686812f2-716d-43d1-91a9-7b823b40044b,7,consciousness,True,0.0,True,True,True
316b5c70-106f-4247-99d2-e0024ab0c1e0,0,consciousness,True,0.0,True,True,True
bdd84f04-c5a3-412c-a386-fa43d8e413f6,1,consciousness,False,0.0,False,False,False
6d3fb7ff-d6f4-431b-9628-af14a5d6d8d5,0,consciousness,False,0.0,True,False,True
251f0a79-79cd-4fe7-ba06-b3856f4ba751,4,consciousness,True,0.0,True,True,True
b0082ed7-8d52-4aa2-89e2-3afcd58a02a7,1,consciousness,True,0.6666666666666666,True,True,True
a0bf94ac-12c2-4b30-a8c9-44f9a5396829,4,consciousness,False,0.0,True,True,True
7f03ede0-8d79-415d-81e4-b15408501718,4,consciousness,False,0.0,True,False,False
4bdbbe6a-2ff5-45b4-8b33-49fe44230c2a,0,consciousness,False,0.0,True,False,False
4185e8ba-0b40-465f-b27a-44d36cf7ab55,0,consciousness,True,0.0,True,False,False
5c15c63f-d729-456f-ad1c-3262c21d5a91,1,consciousness,False,0.0,True,True,False
3d7f60eb-c4e1-4abd-af0d-89d589428641,4,consciousness,False,0.0,True,False,False
971ad494-dff6-4369-9fc3-67294c39ff13,4,consciousness,False,0.0,True,True,False
a065db4a-8da6-4868-b224-41016b420599,4,consciousness,False,0.0,True,True,False
e7abc6a9-df37-4d1d-aa0d-9ef8329c1f56,0,consciousness,False,0.0,True,True,False
d81ac986-d2e6-4e64-b4bc-66413075c0ff,1,consciousness,True,0.8571428571428571,True,True,True
6bca029c-f427-4e34-a977-9dbab64f8779,0,consciousness,True,0.2727272727272727,True,False,True
a0004f69-6df9-4170-a402-590a6281e7f2,1,consciousness,False,0.0,False,False,True
3ac37ac5-3845-4106-95be-14b564479703,0,consciousness,False,0.0,True,False,False
648045dc-b886-4ddd-8f91-281b0857a742,1,consciousness,False,0.0,True,True,True
71e4ae2f-4464-4e96-8160-f27415d2c773,0,consciousness,False,0.0,True,False,True
03b9753b-0111-45dc-a1b2-badb51eacf4f,4,consciousness,False,0.0,True,False,False
1105010a-b41b-4e4e-afb7-7bf946c201c3,7,consciousness,False,0.0,True,True,True
3f10cd1d-3f34-402c-83d7-31daa6101264,7,consciousness,True,0.0,True,True,True
371ad2a4-8495-46bd-9b4d-ba9e7d1cbb25,0,consciousness,False,0.0,True,True,True
4ff970b0-0ea9-4dac-a9a4-5ecdd9543edf,0,consciousness,False,0.0,True,False,False
96ea7521-c678-4be8-8852-daac02e68fba,0,consciousness,True,0.5714285714285714,False,False,False
67401c4e-fdf3-4d1b-841b-cad35fdd83b4,4,consciousness,False,0.0,False,False,True
16a53fad-5b98-465d-af45-10337fbf6561,7,consciousness,True,0.875,True,True,True
ae3d2d43-4b09-48b5-a2e8-835fc8b71a84,7,consciousness,False,0.0,False,False,False
60213e36-fe78-4e66-9432-b7353fb81efa,1,consciousness,False,0.0,True,True,True
333c0f4d-f143-49f1-91a4-532bd05acd3b,0,consciousness,True,0.15384615384615385,True,True,True
d6797adf-c1f6-4977-8357-9a2f13155e35,1,consciousness,True,0.5,True,False,False
817d3ce4-b53d-406c-ad4a-f52f2d74f09f,1,consciousness,False,0.0,True,True,True
7f841403-0728-496f-9698-55c6998c373c,1,consciousness,False,0.0,True,True,True
bf872be5-0b6e-4035-a90b-858e0d9e8740,0,consciousness,False,0.0,True,False,False
c6b4effd-66b4-4a12-b2f7-16470f9b1491,7,consciousness,False,0.0,True,True,True
1c177389-2127-404d-b210-3af04012c1f4,1,consciousness,False,0.0,True,False,True
ab439f3b-1ad4-4002-b460-6c3f3c79aff1,1,consciousness,False,0.0,True,True,True
8fde34a8-66ea-4608-a14b-4fc179b0bcc7,14,consciousness,False,0.0,True,False,True
7ccef6be-1cc7-4501-b35d-3c056be17b33,0,consciousness,False,0.0,False,False,True
ada021f6-057e-4e79-865b-ec954c839312,1,consciousness,False,0.0,True,True,True
ba6c67de-44d8-46a2-8b33-e272844aa5a5,1,consciousness,True,0.4444444444444444,True,True,True
876342d0-62c7-482e-a9ca-afdf7d0d6b97,1,consciousness,True,0.0,True,True,True
a21a8302-303a-4b16-8b42-9278b5385e7f,0,consciousness,False,0.0,False,False,True
0f71709a-316c-45d7-8a69-6bc327f4ac92,4,consciousness,False,0.0,True,False,False
1c990dfb-8a5f-473f-9b8d-6b4194920c67,7,consciousness,True,0.0,True,True,True
57c22c28-5db9-47b1-a147-97c1b1b57fba,7,consciousness,True,0.0,True,True,True
05260e15-72c5-4e14-bb2a-ba7fb3aa4e43,1,consciousness,True,0.0,True,False,True
6250ec31-b766-4246-8f93-2cd57492f66f,1,consciousness,False,0.0,True,False,False
98026c82-d562-4d6b-8b8e-b19f0634ec9a,7,consciousness,True,0.0,True,True,True
28913180-7b05-44d5-82f6-9fadaff731e1,7,consciousness,False,0.0,True,True,True
9fcc7a21-5afb-40cf-8210-29dfc16f136b,1,consciousness,False,0.0,True,False,True
dcef5768-df7f-428c-9ba3-460739aa64ca,4,consciousness,False,0.0,False,False,True
60f2cb6e-df60-4363-97d1-41bbc52ce85e,1,consciousness,False,0.0,True,True,True
00ea53d7-61a3-4675-b07d-71ac44152860,1,consciousness,False,0.0,True,True,True
cac22198-d895-40b3-9c62-6157360f6802,0,consciousness,False,0.0,True,False,True
3b38baf3-d0e9-436a-9afd-6c38aff9774f,4,consciousness,False,0.0,True,False,True
6ac04cdf-79c1-4af3-bd07-581d656d8e91,1,consciousness,False,0.0,True,False,False
c2cfc54b-0b09-4790-a0da-8a3c8e3e6144,1,consciousness,False,0.0,True,False,True
6e0b8d1c-83da-4270-9055-76bf5957a834,1,consciousness,False,0.0,True,False,False
36861465-e876-402a-9a07-973568a79a20,14,consciousness,True,0.6,True,True,True
4ad1333a-16ef-4341-ac33-8decaa3f163e,1,consciousness,True,0.6363636363636364,True,False,False
14fac90e-fc2c-43b0-9648-3a68a320a5af,0,consciousness,False,0.0,True,False,True
fcc564ee-c652-488c-8647-0345a4e5df5d,4,consciousness,True,0.6,True,False,False
a221a51c-53bb-471c-8b06-805c564a382c,1,consciousness,False,0.0,True,False,False
aa624aa9-3793-497a-8f26-25fd91c25aa1,4,consciousness,False,0.0,True,True,True
e3cbdd9b-8130-45e9-9854-da85ae658ca9,0,consciousness,False,0.0,False,True,True
0cd38efc-392b-4c73-a6ca-343e15960fcb,1,consciousness,False,0.0,True,False,False
31df184a-c600-4595-8f7d-377741a87b92,1,consciousness,False,0.0,True,False,True
368ce99e-1e4b-447e-bf35-00849a45896f,4,consciousness,False,0.0,False,False,True
0e0a349e-496a-4794-8c5e-7fc51a9f1d07,1,consciousness,False,0.0,True,True,True
66fa7867-1215-4574-9ce2-a78d98bf9bef,0,consciousness,False,0.0,True,False,True
359863c8-5a10-4f58-9087-7e7f905586a8,7,consciousness,True,0.0,True,False,True
cb7dd50e-8e9d-44af-8d11-e55a69364d47,7,consciousness,True,0.0,True,True,True
541cc79c-b561-4d65-8363-61e96b843cc7,7,consciousness,False,0.0,True,False,True
d55523cb-70d1-4327-892e-731532877770,4,consciousness,False,0.0,True,True,False
1b1365d0-1612-4646-a7bd-db1b2b6e7566,6,consciousness,True,0.0,True,True,False
6bac5b93-d003-4249-ab12-85071d0af5e8,6,consciousness,True,0.4444444444444444,True,True,True
08fe3753-328e-42a3-bedf-732533cf8bb1,0,consciousness,False,0.0,True,True,True
271e2181-e877-4360-bb5d-7b411d8d0574,1,consciousness,True,0.9090909090909091,True,True,True
a816a569-d0d9-46d4-a6d4-19c6045609d2,7,consciousness,False,0.0,True,True,True
71de0c56-cc32-4444-8404-97eca2e2c182,1,consciousness,False,0.0,True,True,True
4572c3c4-2749-46c5-aa01-1869d35389d3,0,consciousness,False,0.0,True,False,True
f2a7236f-dc84-42dc-be67-62a9ceb60b92,1,consciousness,False,0.0,True,False,True
5ce31be5-f9ad-4438-93ef-b762f33270dd,7,consciousness,False,0.0,True,False,True
27279ada-bf14-4041-8d5d-72a86bca93ca,0,consciousness,False,0.0,True,True,True
c669b65f-52de-401c-b7d4-6e4799b7f8fe,0,consciousness,True,0.5454545454545454,True,True,True
638d6f3c-c1e2-4707-850b-e94c091f46b5,0,consciousness,True,0.0,True,True,True
fde07dfc-731f-4f2e-855c-93c5a04441e2,0,general,False,0.0,True,True,True
3ff98b1e-95d9-4529-bc8d-89f43c29b52e,4,general,False,0.0,True,False,False
5e45094a-accd-44c1-9d62-1222567ce874,0,general,True,0.8888888888888888,True,True,True
9fb96251-00f6-4279-8b0d-7597fa779452,4,general,False,0.0,False,False,False
5ff5e05f-e90f-4c7b-bb41-547351c2812d,4,general,False,0.0,True,False,False
7ec72b32-2d04-4bd8-8bac-eadc82ca18f8,7,general,True,0.0,True,True,False
7fe607b0-2326-4895-bb61-df7cf2a45180,7,general,False,0.0,True,False,True
2dd961b6-3253-44bd-be81-8753fd687f00,4,general,False,0.0,True,False,True
1b7aa6be-35f9-4634-92f0-cc13fa79cfcd,4,general,False,0.0,True,False,False
6e81d8c7-9c8a-42c8-b88c-01641b579737,4,general,False,0.0,True,False,False
437a5ac3-f3a4-4387-96c8-3ae6ae65b723,6,general,True,0.0,True,False,True
3149e260-b2de-46e5-b1fc-f19b1f14d0f9,4,general,False,0.0,True,True,True
c7e6b313-e665-4237-b71b-9fa220fe2240,0,general,False,0.0,True,False,True
9e340a58-541c-42d6-939b-130b95864d1d,3,general,False,0.0,True,False,False
7946111c-b568-4d08-a2cf-f85f23892808,4,general,False,0.0,True,True,True
a463bbee-34dd-4634-be8a-b1fc36b9a71f,4,general,False,0.0,False,True,False
6d1d7d05-64c9-458f-b8fd-dcca746a8d0b,4,general,False,0.0,True,False,True
0a350eec-7850-475f-ac71-07ef099c6f37,4,general,False,0.0,True,True,True
7a0dab34-61a4-4a59-8c50-78f105dafa14,11,general,False,0.0,True,True,True
c6e13e26-f0eb-4c6a-a855-1b7f5e90c5cf,4,general,False,0.0,True,False,False
08a52ae5-9757-4c71-a986-47b013ebbc77,4,general,False,0.0,True,False,False
25987e24-2d1b-4210-a5be-a915ff682ef5,4,general,True,0.0,True,True,True
48ddadea-0527-4f33-9c39-39869e830d5e,4,general,False,0.0,False,False,False
6b988759-e1dd-471c-be0b-2df9311a20b2,6,general,False,0.0,False,False,False
5c6c9133-fa11-4bd9-b012-ceec11a1bdb9,4,general,False,0.0,False,False,True
4b5cf06e-e378-4166-9869-c573a4a61ce9,4,general,False,0.0,True,False,False
589eda95-5f15-40ad-853c-562223e83e3b,0,general,False,0.0,True,False,False
64f3b479-0bb7-47b9-8873-cc3e81423031,7,general,False,0.0,True,False,True
872395ed-3f80-44bb-ba03-c50cc56bd368,14,general,False,0.0,True,True,True
384ab5b9-f092-4c50-b8fc-d5b8d05e4feb,6,general,False,0.0,False,True,True
8482ef62-5b07-4d97-ae1b-6dc99c232598,4,general,False,0.0,True,True,True
4479067c-e4dd-4be5-9386-286a13e529be,2,general,False,0.0,True,False,False
1ff399b4-9ab7-4a44-beb7-f00bcc5db648,9,general,False,0.0,True,True,False
08c54141-e67f-42cc-b2a5-9d577cfc94ae,0,general,True,0.0,True,True,True
9033dee9-944e-4bdb-b2a0-4d75b80fb4ad,4,general,False,0.0,False,False,True
219940c9-98ee-4f4f-aeb2-7fd5922571cb,0,general,False,0.0,True,True,True
11b36ac6-328f-4449-9c65-0a991298df85,0,general,False,0.0,False,False,False
3d4893bf-67f7-4db7-a5f6-ebeaf0de4290,7,general,False,0.0,True,True,False
06596c61-036e-4c11-b198-45a6dcdbda37,4,general,False,0.0,True,True,True
f856e99e-1083-46af-a7d7-272e9d72b112,4,general,False,0.0,True,False,True
43048f8f-81fd-4dfe-85a9-32846c3b0097,4,general,False,0.0,True,False,False
fd172445-1f8b-4840-8c17-d72dc792c951,4,general,False,0.0,False,False,False
5791040b-514d-436c-889d-8a23c4bd74f3,4,general,False,0.0,True,False,True
909fe31f-d97b-41ce-a723-3d9c2947b0b4,11,general,False,0.0,False,False,False
aa101790-809a-425d-b5b6-5231ca9ae6b4,2,general,True,0.8888888888888888,True,True,True
ed92627f-2ad5-489b-b686-b4eea64954fb,1,general,False,0.0,True,False,False
8a627e01-65b2-4db5-8120-36838e6836f2,6,general,False,0.0,True,True,True
43b5e0b7-feee-4239-a518-4d4e99b90ae2,14,general,False,0.0,True,False,True
fb8c1ab3-96de-45d8-9571-74ae64997fb7,4,general,False,0.0,True,False,False
734374f3-4f85-4480-b74f-2511b7d441fb,7,general,False,0.0,True,True,False
7ea198da-1053-401f-b8d3-e47dbc490782,11,general,False,0.0,True,False,False
205d54dc-5cc2-43dc-a052-abd341ee18e4,4,general,True,1.0,False,True,True
65553e42-e690-44f0-90d5-b5b47b8872f1,4,general,False,0.0,True,False,False
4a46f82f-8ce7-4e50-b762-b041ebf6761c,4,general,False,0.0,False,False,False
e08ae3b9-9c7f-42fd-bc6c-2326bcfb4771,0,general,True,0.35294117647058826,True,False,True
7a743fe1-2a97-4153-ae28-47b5860dbdd9,0,general,False,0.0,False,False,False
969fbde9-e845-4162-8500-66d943f2f692,1,general,False,0.0,True,False,False
4b199454-ce88-4ee0-9179-e4879a21413a,14,general,False,0.0,True,False,False
6a7f286f-f0e8-4a85-8be3-fea1d7c8f1f3,4,general,False,0.0,True,False,True
3b64b28e-9e4f-4f70-9175-c369e859ccd5,6,general,False,0.0,True,False,False
51a20cd2-29d1-4bc7-b136-28b7e490eb14,6,general,False,0.0,False,False,False
09488437-4e9c-4b0c-a2c6-a06bae1ef7ed,0,general,False,0.0,False,False,False
2bfa67ff-1321-476b-b7d8-9d3d1a11b2bf,4,general,True,0.5714285714285714,True,False,False
e31e4835-2a6f-4b41-988a-102a7c2a649f,11,general,True,0.2857142857142857,True,True,True
a740250a-61be-4add-8846-97e4e796abf1,4,general,False,0.0,True,False,False
bae3c60b-3ae6-49af-b4a5-afde53679293,4,general,False,0.0,True,False,False
ebe222d1-14e9-45a1-b3a7-8db655ea8374,6,general,False,0.0,True,False,False
41cbaa95-1eff-4e14-93db-fa0f40fcc6b4,7,general,False,0.0,True,True,True
a3f865f7-f96e-4c1f-b2c2-6b486fbab99c,0,general,True,0.0,True,False,False
354ded7a-8057-405a-ad37-7226671a5d02,0,general,True,0.0,True,False,True
d29ad287-f898-4601-af75-c448286f5795,4,general,False,0.0,False,False,False
75af95a8-c350-4478-b5c2-1d7c723ef953,4,general,False,0.0,True,False,False
c42d0fc9-ee99-4327-b08f-e73ce1719eef,4,general,False,0.0,True,False,False
71f8be12-221b-44ad-bcce-396b09ace675,0,general,False,0.0,True,False,True
ab25ee89-d777-441b-a90a-7b1f4a1d5808,11,general,True,0.75,True,True,True
76477654-0f75-4b78-ae64-c5db8cf65dbe,6,general,False,0.0,True,False,False
60dfa194-9b62-464b-9da0-0b3049e0edd6,14,general,False,0.0,True,True,True
a86f7da2-abbc-4b1f-b8a7-1fe8a5396669,11,general,True,1.0,False,True,True
4d063a4b-d74d-431e-83a6-543b0dc296c0,4,general,False,0.0,False,True,True
3a4f7554-7523-4fd0-b6f1-935cefe11af0,0,general,False,0.0,False,True,False
dd156410-7cd5-4a7a-9d50-b7fa32483699,11,general,False,0.0,True,False,True
f27d13a0-2198-4bc2-88b6-03155481fd5a,0,general,True,0.0,True,True,True
cbd80f6f-4c8f-4863-b41d-4a8bc882dddb,4,general,False,0.0,True,False,True
c5340d10-064e-4e16-b4b1-ab88ea56f864,6,general,False,0.0,False,False,False
f00850b2-0465-4cfe-8fc0-a54b7cea6b5d,4,general,False,0.0,False,False,False
3ffaf33d-fd34-4028-8042-498a900cfca4,6,general,False,0.0,True,False,False
5eda49ac-f385-410b-9252-3305bd30389a,6,general,False,0.0,True,True,False
a9ab4185-7af8-42cb-890a-04517f9566e0,4,general,False,0.0,True,False,False
a5af907b-7e27-4725-8f9c-b6d89b078de7,4,general,False,0.0,True,True,False
d9db480d-bc72-452f-aedf-6f15978dc31b,11,general,False,0.0,False,True,True
343fec61-4f38-4867-abee-b626a5eb04af,11,general,False,0.0,True,True,True
be01221b-c4ea-4797-ab4e-f5daa352d308,0,general,False,0.0,False,False,True
cf7d33f1-d845-4bf1-9c9c-96a517cd42c9,4,general,False,0.0,False,False,False
6884e8b3-f792-4094-8108-779d78395922,4,general,False,0.0,True,False,False
71738534-f30f-46d8-b53d-bfd261a1d9f5,6,general,True,0.0,True,True,False
4b9eec7f-3f5d-4c8e-8f06-500d8fca1740,4,general,False,0.0,False,False,False
03b5251c-b533-4644-84f1-6d6503448ab0,1,general,False,0.0,True,False,True
c3c0e21e-8244-460d-90d2-f5070af1231b,0,general,False,0.0,True,True,True
b718e7e6-8fdb-4d05-80aa-0b8d7de1fb56,4,general,False,0.0,True,True,True
4fe0dd7c-ed58-457f-928f-a2a645f3e994,14,general,False,0.0,True,False,False
62b69290-a92f-4ae9-ae67-e6381722b80c,4,general,False,0.0,True,True,True
ce17191b-f8fc-4437-89de-066783cdf2e0,0,general,False,0.0,True,True,True
3cc34118-9e3a-41d5-b9ac-5a2729358153,6,general,True,0.0,True,True,False
feec478f-dd39-46e9-9a78-7913d581588d,4,general,False,0.0,True,False,False
5daa1a8e-9f99-4641-956a-1d9f0469cb72,11,general,False,0.0,False,False,False
d50b5548-060f-4c48-b604-1d34dbf43ed9,4,general,False,0.0,False,False,False
59e4dc4e-05cc-43ba-8969-4e79b19c9215,7,general,False,0.0,True,True,True
2eb1c61f-8eea-4a74-b512-c6078fc599d3,4,general,False,0.0,True,True,False
37f4d7d7-6ef7-4686-937b-3c81f28e1937,1,general,False,0.0,True,False,False
c6c8ebeb-bc7a-419b-81ac-464d8d930b53,11,general,True,0.0,True,False,False
e37f02a0-a730-4757-9567-bfef93cf50a0,4,general,False,0.0,False,False,False
51c00c14-5d62-453c-87e1-280f21d18964,14,general,False,0.0,True,True,True
13ab100d-cd88-4484-a1c4-ce84f75f1bce,4,general,True,0.0,False,False,True
b688bc29-ec64-420d-bc44-4d9461a2833e,4,general,False,0.0,False,False,False
d62aae8a-3549-4ff5-9d97-999b14812726,9,general,False,0.0,False,False,False
3a71768a-839b-4262-b0ea-a3677b71061c,6,general,True,0.0,True,True,False
85ff73bf-b3c5-40cf-8c11-71cab5e30442,4,general,False,0.0,False,False,False
52362259-8f71-4beb-b1f2-374f0190341b,4,general,False,0.0,False,False,False
868e7bba-4a3a-4cd0-833b-81ebffcafe04,6,general,False,0.0,True,False,False
fa458a20-1ce5-4791-b053-4e2ec9ea2412,0,general,False,0.0,True,False,False
30a872be-f441-4503-87b3-66ceb077f3f2,4,general,False,0.0,True,True,True
db71ebf2-2218-4f2b-be15-215d40d52318,14,general,False,0.0,True,True,False
b00e9934-9610-4120-9db3-1cddd5d3b4d8,0,general,False,0.0,True,False,True
1f8223c2-fe6c-4bd2-b7fd-3b9645e30d8f,4,general,False,0.0,False,False,False
ce4a3535-1958-41d0-b924-4953ecffa0c8,14,general,False,0.0,True,False,True
34f9665d-04b6-4bbe-8181-0c662ab35673,6,general,True,0.0,True,True,True
76a4a63d-699e-49fb-b7aa-137aa0bcf4e5,14,general,False,0.0,False,False,False
7452785d-9c26-43a6-b34b-94aaccfa7dd2,4,general,False,0.0,True,True,True
12a0312d-2f57-43b2-a37d-2abcaa943703,14,general,True,0.3157894736842105,True,True,True
ce35b0a9-eb41-4f90-ad87-2fb2adc66566,4,general,False,0.0,False,False,False
d57a86ee-779d-4b12-b9fa-6e2a5adb3233,4,general,False,0.0,True,True,True
1c601c75-e48c-4286-b06c-c6d30d8f2ec6,4,general,False,0.0,True,False,False
c35e4de8-fee1-4fbb-b5fe-422e06a710dc,4,general,False,0.0,True,False,False
9529a614-5623-486a-b97e-cc893c4fc5b0,4,general,False,0.0,True,True,False
5d7aa14f-6fc3-4009-8490-3bbc30cad2b3,4,general,False,0.0,False,False,True
f36691c6-4be6-4a94-a9e9-b18b56ae602c,4,general,True,0.0,True,True,True
b976c086-3dc1-4f01-9427-a8cf793696f7,4,general,False,0.0,True,False,True
43436fb8-6d07-4078-8964-ea6b84bb59f4,4,general,False,0.0,True,False,False
88198ebf-3d22-4f49-bc9d-2103d90c04ce,11,general,False,0.0,True,True,True
e1bca270-aca7-41be-b883-b8cdaea92445,4,general,False,0.0,False,False,False
a524f7e2-8441-425f-929b-36ec2be9fbd3,7,general,False,0.0,False,False,False
9a60d822-1d89-4160-b143-0ee344e19093,6,general,True,0.5263157894736842,True,False,True
dbc2d5cb-3471-4b15-8bba-37377cab9a68,0,general,True,0.3333333333333333,True,False,False
36aef317-c824-407b-b3a1-0c00673cc6b9,4,general,False,0.0,True,False,False
2b22c53c-c08e-4f62-89de-edd53255d166,1,general,False,0.0,True,True,True
a24633e3-c9f6-45f5-a4db-4fa2bd9119ae,6,general,False,0.0,True,False,True
e346ac82-e2f3-40ec-9ade-1cead4688a76,14,general,False,0.0,True,True,False
1fab928d-86dc-4946-8d8e-8b10c913c976,4,general,False,0.0,True,False,False
41f0076a-b4bf-491e-89b5-128217a44476,4,general,False,0.0,True,False,False
762eb204-df95-4b2c-9d2e-0bd4ff1bfbe6,4,general,False,0.0,True,False,False
71c6a43e-255d-43e4-a981-5a65f4ed012b,0,general,False,0.0,False,True,False
77365887-b58c-403b-9c58-5e7cccc934fb,6,general,False,0.0,True,False,False
291b4a0c-1f91-4bc4-a70d-a74a23134784,4,general,False,0.0,False,False,False
a381e4fe-2a63-4b65-b44c-e430c33536dd,0,general,False,0.0,False,False,False
0225f71b-031d-42b8-ad9d-90def9c3514f,4,general,False,0.0,True,False,False
4f4049ce-23a1-4b0a-9184-560647df6ffd,4,general,False,0.0,True,False,True
6b9cd0d4-5939-4748-b64e-20d84e4c6c08,0,general,False,0.0,True,False,False
bee9f144-721c-46a0-8c94-f447ae342a78,0,general,False,0.0,False,True,True
2c3c9a2f-d7ee-41c5-9bb0-b332c0a02cea,4,general,False,0.0,True,True,False
a1de3bea-e39e-4d70-8102-2a40e6d7bb72,6,general,False,0.0,False,False,False
1e7e439b-a8a9-4b2e-acf8-fb4cec45200e,3,general,False,0.0,False,False,False
7850dace-322a-4807-8d8c-8b9dfc07727a,11,general,False,0.0,False,False,False
6f77868c-4408-42d9-8038-74c364138dac,11,general,False,0.0,True,True,False
3bb75d81-3550-4a0b-bfa7-5be1271cefa9,6,general,False,0.0,True,False,False
837cd8cd-4e90-4db4-ad57-2833bf4f2e6c,4,general,True,0.0,True,False,True
f51a535a-2bc8-4ef0-8348-77a612d35a40,0,general,False,0.0,True,True,True
d00651c5-1739-47cf-8ac7-794a16753190,0,general,True,0.5714285714285714,False,True,True
65aeef7f-b136-4826-98fb-f4e5087a494b,4,general,False,0.0,False,False,False
ef62a77b-49f4-4497-8736-f3790212ba8b,4,general,False,0.0,True,False,True
351f7339-e789-44f6-b428-b301f1c44ec1,4,general,False,0.0,True,True,False
29c603a0-ab3f-4925-aaff-62fa4e0dc0fc,14,general,False,0.0,False,True,False
e6a17db8-0a30-485f-b496-90bde10636b9,4,general,True,0.42857142857142855,True,False,True
43e2f907-248a-4b57-b4e1-9aac150b843a,4,general,True,0.0,True,False,True
35d1a5b8-0b42-401d-a530-8d9869f93cff,4,general,False,0.0,True,False,True
1aa1c3a5-1d8f-46c6-8b78-f368e588a028,6,general,True,0.0,True,False,False
129c15b7-0069-48e5-8fe5-f8149fe1435d,4,general,False,0.0,True,True,False
65ef5099-b55d-4fd0-b901-88dad82a29c1,4,general,False,0.0,False,False,False
236c224d-d383-4741-8cb6-08dbad84c625,0,general,False,0.0,True,False,True
a60dc5cd-08a1-40ef-afd1-054cda872f27,6,general,False,0.0,True,False,False
0208d342-a1ce-4891-8e55-2f87de39b5a7,0,general,False,0.0,True,True,True
c9f5711e-b199-4fc1-a022-40beaeaf88af,0,general,False,0.0,True,True,True
afb38b60-34e0-46fd-bbc3-565dbb2e2261,0,general,False,0.0,True,True,True
6c4dcbc4-5d7e-4410-9869-5cd3c4764af2,4,general,False,0.0,True,False,False
d1fe76c6-91ce-4138-a987-b7fc1fd4b2e3,4,general,False,0.0,False,False,True
534760c4-4326-42ed-b8a4-9e008f6f33c0,4,general,False,0.0,False,False,False
918aacb1-d001-42eb-a7b8-a10a5678a0e4,4,general,True,0.0,True,True,True
1cf42eff-6859-45ae-a4a3-ce4cb72773fd,4,general,False,0.0,False,False,False
ad228ea8-5814-4268-ac6c-7a2f7100914e,6,general,False,0.0,True,True,True
935ca88b-0a39-44ad-a9bb-9e6675eaf1ec,4,general,False,0.0,False,False,False
e7e12339-3006-4a35-b81d-2853be588958,2,general,False,0.0,True,False,True
b7dbe141-dc5a-49f0-9e48-1f31af031313,0,general,True,0.0,True,True,True
10604dfc-da67-41a4-97ab-b4c14c4f5bed,0,general,True,0.0,True,True,True
31940afc-da0c-4554-8a17-685c421a34b7,6,general,False,0.0,True,False,False
6815e4f7-2d57-474f-9a84-b68ce219158e,11,general,False,0.0,True,True,True
b72e5fc4-6a3e-44f2-adbd-265e43a7e3e9,0,general,False,0.0,False,False,False
7ee3af4d-74ff-405c-8910-84a554e7a844,11,general,False,0.0,True,False,False
6ec5dc81-bdf4-4339-8d08-bcf7af6e2c33,14,general,False,0.0,False,False,False
a366ba67-7ae8-44af-b302-027aff050262,0,general,True,0.25,True,True,True
a4f8e16f-8faa-49fe-8d25-f6ea20c59cac,0,general,False,0.0,True,True,True
c601c3a0-50a2-4633-94cd-1712d271fee2,4,general,False,0.0,True,False,False
f6b3c55c-1c43-4d92-b5a5-b1fa0bedb6ba,14,general,False,0.0,False,False,False
3bc0742a-6595-4e6c-a037-9dd2b26cf365,4,general,True,0.0,True,True,False
7128e731-c6fd-423c-8184-d0c6a8e447fe,0,general,False,0.0,True,False,False
85d098f9-2cfe-4c18-95e6-2707929ed2dc,4,general,False,0.0,False,False,False
3e87787d-9bb2-4420-8400-af4a738b1b13,6,general,True,0.5555555555555556,True,True,False
74290a01-bb40-4cf4-8f31-9a34f1438149,4,general,False,0.0,True,True,True
904eaa5f-3975-42cc-9558-aee3d0840177,4,general,True,0.8421052631578947,True,False,False
4fb740c6-e1f2-4b34-a7e6-d887869f0b17,14,general,True,0.42857142857142855,True,False,False
9c56a76d-9f7a-4e79-92e7-f2c1d7022509,4,general,False,0.0,True,False,False
d484dc63-096d-4a7d-90ee-ffca9d512a0e,7,general,False,0.0,True,True,True
ad9bf945-d402-4c67-b043-f3f08d2525ed,4,general,False,0.0,True,True,True
83119b51-30fe-4ea7-a417-9129d8d92f69,7,general,False,0.0,True,False,True
7356438b-2667-4836-a88d-59e98366552d,0,general,False,0.0,True,True,True
047b6ceb-9cf1-452a-bff8-289b83fa1b98,11,general,False,0.0,False,False,False
bdacd26e-0548-4533-a289-db7e256806e9,4,general,False,0.0,True,False,False
e364cf71-1f05-462e-ae81-318967179a7b,0,general,False,0.0,True,True,True
dd8a3379-4713-4418-ac16-ee54b8501619,4,general,False,0.0,True,False,False
b37caac7-075d-4813-a28d-38711d4934a9,11,general,False,0.0,True,True,True
a7fe961c-6b33-4556-a0e6-0eb8904d1063,4,general,False,0.0,True,False,False
e2a93da4-6087-49ce-9b98-e86f740a34c8,14,general,False,0.0,True,False,False
09f19d65-0558-4e83-95c8-1ade15c6d6e7,11,general,True,0.0,False,True,True
a78f4682-a4d6-494f-bb97-8f040190141e,6,general,False,0.0,True,False,False
dddf8599-9c81-4be1-8f80-bd36d789866e,4,general,True,0.0,False,False,False
821ad892-c917-4f73-8b02-efa5fc09e5b8,4,general,False,0.0,True,False,False
5191d5d0-ec2e-491c-a7be-8670d341e396,4,general,False,0.0,True,False,False
95729fb3-e38f-4411-ac96-aeeedfed0f78,11,general,False,0.0,True,False,False
031a4a49-a894-474d-95d8-dea38bb23041,0,general,True,0.14285714285714285,True,False,False
9217d87f-3bb3-44fe-8097-4ec0c5c99cf2,11,general,False,0.0,True,False,True
3547378e-e612-42f3-9486-a99fcd4a404e,4,general,False,0.0,True,False,True
9a26b8a7-5936-4f84-812a-9df8835a4442,4,general,False,0.0,True,True,False
c47a4abc-b2cf-481a-a8c4-a7ad4003063f,4,general,False,0.0,True,False,True
06f9d2fa-f15d-48f8-8954-0989ba08d7b2,4,general,False,0.0,True,True,True
6590dd1e-7c44-4c9c-ba0e-b06e5d644bab,0,general,True,0.3333333333333333,True,False,False
3620c591-4b3b-45d0-8ff1-caac663f832a,4,general,False,0.0,True,True,True
c57fe4bb-3877-4e38-9b01-1af5866111f0,4,general,False,0.0,True,False,True
04740280-63ee-4526-8cc2-ace2cd0c2a90,11,general,False,0.0,True,False,False
2bddc3bd-aba2-4d14-b62a-8aa3c07f50cd,4,general,False,0.0,False,False,False
37b25ce7-0873-4a2c-bec2-9a64eb6dd449,4,general,False,0.0,True,False,False
52eb8293-86a2-4c8d-aec5-40e9b6605763,0,general,False,0.0,True,False,True
2e774175-dad0-49f2-9aa9-c73336afc729,7,general,False,0.0,True,True,True
d4bcb160-4a7d-4b5c-9f6d-719b07a316b9,4,general,False,0.0,True,False,True
a8b43656-a0b3-4167-be05-7aa39fb42d6a,6,general,True,0.6666666666666666,True,False,False
1553b32f-0c9b-4571-972e-1afd7eb72d4f,4,general,False,0.0,True,False,True
cdb94cc5-20cd-4e5d-8504-53d58459dc2b,0,general,False,0.0,True,False,False
4c003446-5654-4745-8fda-e2bf94c2a9e4,6,general,True,0.75,True,True,True
d9f60cf1-c4a9-4013-942c-2749a3dd401e,0,general,False,0.0,True,True,True
75e76a1d-3678-4831-9ced-a24dac50e30b,0,general,True,0.0,True,True,True
8ef14d13-cade-4671-93ea-780b431cb7b4,4,general,False,0.0,True,False,False
a49b6e9c-dfdf-41d1-a271-a7b1ae80cdc0,0,general,False,0.0,False,False,False
ec7f56da-5fd9-4e97-9f66-8f92f61ad4a6,14,general,False,0.0,True,False,False
b2d6576b-22f9-41f0-8dab-5745e7b2dd7d,6,general,True,0.2857142857142857,True,False,True
aaa6b8db-c45e-4e54-9621-232d29691254,4,general,False,0.0,True,False,False
8a1c5f78-55a8-41d8-b347-f374e677e35e,4,general,True,0.0,False,True,False
d1b26c7f-d4d0-4c79-bc0f-4a4efa3731b8,14,general,False,0.0,True,False,True
f43725d9-0d26-41de-bda5-6c036681c92e,4,general,False,0.0,False,False,False
d1af0b7a-29ac-401f-a2d2-848809ee45eb,4,general,False,0.0,True,False,False
905d9b8a-bcec-40fd-8140-1e4a35ce38ae,4,general,False,0.0,False,False,False
1c520ed7-d768-4d55-95df-c06b0364a46a,14,general,False,0.0,False,False,False
9edd4d62-9969-4eb0-8cef-b9b233d2a773,14,general,False,0.0,True,False,True
0ad05c94-bff6-46ff-b887-d6645e96053e,4,general,False,0.0,True,False,True
2e4cedd2-a53d-464f-9731-8009ebf1815c,6,general,True,0.6666666666666666,True,True,True
86be9bfb-110b-4f7e-8248-1e5bc3ba1d38,0,general,False,0.0,True,False,True
8873c7bd-7e06-48d8-bb46-9a909c1f3b1b,0,general,False,0.0,False,False,False
bfc27283-1ca3-45d2-9bf7-8c63f5e1e7c2,0,general,True,0.6,True,False,True
4d82ef4a-3fbb-4273-824d-081b57f68a7a,6,general,False,0.0,True,False,False
19d31d27-9b55-465e-89b4-0326d51b9a9e,11,general,False,0.0,True,True,True
73ac2b9d-64cb-41e5-bebb-37a9f125895e,4,general,False,0.0,True,False,False
2efa4f38-44e7-439f-9b98-2a791bc13d20,4,general,False,0.0,False,False,False
450de662-b802-4a51-a614-689f435e7344,4,general,False,0.0,True,True,True
3a0916cc-191b-4aa5-9b58-ee2b936e27e0,4,general,False,0.0,True,True,True
c3e4e26d-765a-4423-9a8a-a82cb15e0b6b,4,general,False,0.0,False,False,False
2f46c213-ccee-4141-a184-bd898614350f,4,general,False,0.0,False,False,False
7452ebfb-d4a9-4f69-8b6c-60c5d8213453,4,general,False,0.0,True,False,True
2f56d32a-baab-428e-b8e5-af0ae9508a03,4,general,True,1.0,True,True,True
10687943-dd2d-4202-903b-2452c853adde,6,general,True,1.0,True,False,False
90511f2e-3bd8-46b9-99cc-00ef4eb2117b,4,general,True,0.0,True,False,True
8f32ad1f-6f1c-472f-85f5-14e640c2044e,14,general,True,0.6666666666666666,False,False,False
915c1baa-38ef-4c19-8f39-aa5ec8b025d3,4,general,False,0.0,True,False,False
fee3e7b6-1c8b-4a8b-a0b9-e0514594a6b8,4,general,True,0.0,False,False,False
dc6a9818-dc4a-41b5-b3ff-34d6d4ab561c,4,general,False,0.0,False,False,False
038aef8b-9659-4cb0-ac46-18dc83d68021,4,general,True,0.4,True,True,True
155aeb03-f5bd-491e-b5e4-34fc18076f06,6,general,True,1.0,True,False,False
5ade1e44-bf12-4e0b-9321-dff801881e6a,4,general,False,0.0,True,True,True
29f975c1-7485-4575-9d38-132a984cbbd1,11,general,False,0.0,True,False,True
287b5f73-0409-4231-987a-2afecbde82e5,6,general,False,0.0,True,False,True
b8ee21e5-801e-441f-a736-d71e3e97896d,14,general,False,0.0,True,False,True
0fc5fc09-03a5-41c3-a718-6c4bb193a22c,0,general,True,0.16666666666666666,True,False,False
ca98484d-e6ca-472e-b813-19e8e0874b34,4,general,False,0.0,True,False,True
5c9cc1a1-e722-48c1-b338-b95fdb60e04f,0,general,False,0.0,True,True,True
2e8af016-83bb-400b-83b5-33cab61bf885,4,general,False,0.0,True,False,False
a39b5162-90c2-4e57-a048-f8c7fd568afe,4,general,False,0.0,False,False,False
9a671769-ed69-4982-82bc-f579bdbec9da,3,general,False,0.0,True,False,False
f9821493-58f4-45a3-a248-0b4457c3353c,6,general,False,0.0,True,False,True
5ab9925e-6d76-4c4f-86c4-b6d08c36430b,4,general,False,0.0,True,True,False
5f524f7a-8c2b-422c-a324-57a9a3c8d240,4,general,False,0.0,True,False,False
14eaf4d1-d4e9-4621-a5b0-e6992e48d27e,4,general,False,0.0,False,False,False
70721e85-2ddb-4e0e-b32f-50bbe8f54461,9,general,True,0.0,True,True,True
cdfe4c7b-267a-4e86-8a1f-be341a404848,4,general,False,0.0,False,False,True
a9682358-1a39-400b-bf79-4cf92ded7085,0,general,False,0.0,True,False,False
8bcde8b7-3b01-4473-8e8c-2a002c15d0f4,14,general,False,0.0,True,False,False
93d4b02c-02a7-4232-aa2c-04c14855abce,7,introductions,True,0.0,True,False,True
fda10c52-8dd0-40ac-925f-bbf4a8750b9e,11,introductions,True,0.0,True,True,True
c3170d6e-9e94-4153-a4bb-8447175b7132,4,introductions,False,0.0,True,True,True
c7c4e8ce-8615-4986-a8d7-8f69b219d5b3,4,introductions,False,0.0,False,False,False
d0b09c40-cb8f-4605-8e75-f4410c85c75c,0,introductions,False,0.0,True,True,True
2cf20e58-2afe-49dd-9030-63af04c947d1,4,introductions,False,0.0,True,True,True
0e7f42fb-051c-4408-aa35-eba351901538,9,introductions,False,0.0,False,True,False
4dca17ae-49e4-4650-ac5a-ff4edfd80103,0,introductions,False,0.0,False,False,False
0b70cf3c-c7ce-4219-aa55-e085a25927d5,9,introductions,False,0.0,True,True,True
f19663c9-e14d-4554-8795-de74a1cdea37,14,introductions,False,0.0,False,False,False
5ca893ec-a9d4-485c-bf88-6d16cfb25d4a,11,introductions,True,0.25,True,False,True
0e74373d-6df4-4887-90b8-8f0e2d9b1846,6,introductions,False,0.0,False,False,False
e878d3fa-026e-4dac-90e9-2b990bb9ec2e,7,introductions,True,0.0,True,True,True
0e09fc8d-ee6f-4263-8f97-9a177f19a1be,4,introductions,True,0.0,True,False,False
d614889f-a20e-41e9-80e5-5dd88952da8d,14,introductions,False,0.0,True,True,True
1a821c19-97ec-4a56-bbf5-d866c8b53f3f,9,introductions,False,0.0,True,False,True
4c075476-b621-4269-912a-2f072c26755d,11,introductions,False,0.0,True,True,True
fad92a77-97db-486d-b4c0-3605d51a2ced,11,introductions,False,0.0,True,False,False
1eae6fe3-84df-4268-97cd-f31dc733a550,0,introductions,False,0.0,True,False,False
e0d163ff-c471-42fe-98b5-8527bdfa9a93,11,introductions,False,0.0,True,True,True
0147494c-4023-423b-9853-f61481225779,4,introductions,False,0.0,True,False,False
e77b9287-7be3-48e8-8c7c-406f14472b69,7,introductions,True,0.4,True,True,True
169e72b2-a188-4de8-8f38-8e73178d7da6,11,introductions,False,0.0,True,False,False
1d981c91-b08f-42c5-b183-06e0c97869db,11,introductions,False,0.0,True,True,True
79026701-df1d-4fff-b4a7-096db9871483,6,introductions,False,0.0,True,True,True
059d767c-733d-4e76-9cff-0b0c6ad1af94,11,introductions,False,0.0,True,True,True
564e6796-0b79-4cef-ac78-16b0e0bc51f9,11,introductions,False,0.0,True,True,True
33cec25c-72bc-4669-bea2-f981cfc54b74,11,introductions,False,0.0,True,True,True
37adb884-1161-4968-b3ac-afd61e3712dc,4,introductions,False,0.0,True,True,True
cc318e30-6663-4fb7-828e-dfbf41e7ce3b,11,introductions,False,0.0,True,False,False
91875bc4-b866-465d-a0da-fe88aa39c12c,0,introductions,False,0.0,True,True,True
4f4ef0ab-7910-42e7-a085-521162c7ef96,11,introductions,False,0.0,True,False,False
b81f3ad1-b24b-40f5-8e81-1b16637a330e,11,introductions,False,0.0,True,False,True
f2d7b70a-12e5-480f-9d1c-2a949ee3f694,11,introductions,False,0.0,True,True,True
7e4b1281-a85c-4a5e-a77a-6880ae210ae7,6,introductions,True,0.0,True,True,True
43d1f81d-0cf2-4a92-a370-5539814486b4,4,introductions,True,0.8888888888888888,True,True,True
3928675b-886c-410e-93f1-3755d3714cbb,4,introductions,False,0.0,True,False,False
283b05b7-1479-4545-881f-7ea813dcc6a1,4,introductions,False,0.0,True,True,True
a0895c61-81b6-43fb-9a2c-b858069586c1,11,introductions,False,0.0,True,False,True
41d6971f-3120-477f-a22a-06b602ad5ca4,4,introductions,False,0.0,True,False,True
3682ae4b-2212-43d5-bb9d-773a9283a713,11,introductions,False,0.0,True,False,False
e4fad311-b275-4c6c-8c9e-54c0c8a53cb5,11,introductions,False,0.0,True,True,True
f8daf6b0-53ff-449c-a06e-bcc3d710ddcc,11,introductions,False,0.0,True,True,True
fc747fb9-118c-4816-87c2-664943a108bf,11,introductions,True,0.0,True,True,True
793ccda7-2201-427d-a5de-10f4a87829e4,11,introductions,False,0.0,True,True,True
fea631ce-e266-496e-bb51-dc3c1d192302,4,introductions,False,0.0,True,False,True
3e7a9475-9eb7-438b-add8-624ba94bc9cb,4,introductions,False,0.0,True,True,False
617f89ef-3096-466d-bdf8-dd3f8dd97f04,14,introductions,False,0.0,True,False,True
cd1a018b-76b6-472c-9c1e-237fb6f993bb,4,introductions,False,0.0,True,False,False
be194953-3207-43bf-85cd-d4d2bf34bbee,9,introductions,False,0.0,True,True,True
914efda5-f7b3-4667-825e-85a7342aefc7,11,introductions,False,0.0,True,False,True
b6d492d3-873f-47ad-a9c4-c53d9dc6a883,0,introductions,True,0.2857142857142857,True,True,True
1eb86685-d4e9-4c8c-8624-56fda9e01eaa,4,introductions,False,0.0,False,False,False
a22d1c94-0295-4424-bdfd-eeea31a1c697,4,introductions,True,0.0,True,False,False
d147f14b-09ed-41b8-8c02-0c3a6d3e2955,11,introductions,False,0.0,True,True,True
aadeb722-3d2e-4a30-b9d6-64f49fc2db7e,11,introductions,False,0.0,True,True,True
9cf8e90e-ebb5-4f7c-bafe-18d2983248a4,0,introductions,False,0.0,True,False,True
c96a9622-1c10-450c-8e2c-342ded3c6b89,11,introductions,False,0.0,True,False,False
af0bb063-2759-4a27-9601-9eee8d82910f,1,introductions,False,0.0,True,False,False
72c8e167-969a-45da-b2b5-19b08932bb23,4,introductions,False,0.0,True,True,False
dbca90c8-6f2a-46cb-9958-68d4b6c3c9e3,14,introductions,False,0.0,True,False,False
bdbe3f66-95bd-4af3-a7dc-44e8fe2319d3,4,introductions,False,0.0,True,False,False
3b60b6cf-24f2-4575-a9e9-853cfae27600,11,introductions,False,0.0,True,True,True
63faba01-95d9-4421-a36b-6ef761c3322b,11,introductions,True,0.0,True,True,True
a02143ca-212d-44e5-8eaf-32078291cda1,14,introductions,False,0.0,True,False,False
cd6ec37a-4293-459c-8cb5-986e396afb2b,4,introductions,False,0.0,True,False,False
68b7ca4a-5c75-4177-bcf6-d9f6ddeb2296,0,introductions,True,0.8571428571428571,True,True,True
a28b8855-3ab4-4cdc-9075-73d631fab3cd,11,introductions,False,0.0,True,True,False
54da2139-1223-4520-88c2-370d6d173eed,0,introductions,True,0.0,True,False,True
320b6326-a4c8-48c9-8af9-13fe360fb1c6,4,introductions,True,0.0,True,False,True
3458c85a-fedb-4515-9275-788c76ed2b63,11,introductions,False,0.0,True,True,True
62f1231e-e9cf-41f1-8a5f-2df3595cd300,11,introductions,False,0.0,True,True,True
9fee66fc-b641-49b7-9535-8e040b4e9b45,0,introductions,True,0.625,True,True,True
6ac36118-8280-49e7-a778-e0aa100f7e3f,4,introductions,False,0.0,True,True,False
1f9d734a-dea6-4ccc-8d35-bf12f184a63c,4,introductions,False,0.0,True,False,False
cdabf066-e527-477d-8af3-dc5268c17b9f,11,introductions,False,0.0,True,True,False
0c102edf-c991-4775-b1e1-77f3570aaf6e,4,introductions,True,0.0,True,False,False
1cab2dce-bff3-4ae3-9966-b5717daf1aac,11,introductions,True,0.3333333333333333,False,True,True
c5fb18c1-a1e4-45c7-b5e9-c4807d737557,11,introductions,False,0.0,True,False,True
37252dad-a5b3-4f51-9fc0-0c01768f01f9,11,introductions,False,0.0,True,True,True
47c8f700-e9b9-4aec-a49f-00bd0dfdc5a4,9,introductions,False,0.0,True,True,True
c496229b-25f6-4c66-931b-cffa84cff4f6,11,introductions,True,0.8,True,True,False
fa45ddd8-75d9-402c-83a1-8258039f3590,3,introductions,False,0.0,True,True,False
2185e236-099d-4825-874f-2e4f40fa7e0e,11,introductions,False,0.0,True,False,False
82b8c2fb-77b7-484d-895d-4d5ebac53758,11,introductions,False,0.0,True,False,False
54673a40-69b3-4191-b96b-94c58ba478ff,14,introductions,False,0.0,True,False,False
5eb422b0-9853-44ff-a38a-227b259be17b,4,introductions,False,0.0,True,False,False
f55a64cd-ecf3-4edd-a300-678d00345192,9,introductions,False,0.0,True,True,True
ab16ca76-14a2-444b-910e-95a142079a72,0,introductions,True,0.5,True,True,False
7ec8ef50-5d2a-4e0f-898d-76e75504030d,6,introductions,False,0.0,True,True,True
96347d5b-35d5-4c77-9b06-0f86bb35588f,4,introductions,True,0.47058823529411764,True,True,False
f73234da-c9d9-4493-997a-8096ecca1e27,0,introductions,True,0.46153846153846156,True,True,True
21446aa2-cce8-448d-b37a-bee6b1fac918,4,introductions,False,0.0,True,True,False
34f84bcd-e102-405a-8e12-6962300f2e8c,11,introductions,False,0.0,True,False,False
cfedb2f5-4c1c-4d8d-a59a-bbd9e6642246,6,introductions,False,0.0,True,False,False
151c2ec6-7c97-4242-b122-e102d59bc20d,11,introductions,False,0.0,True,False,False
5e939582-1350-42d4-8161-37f1fcefc38b,9,introductions,False,0.0,True,True,True
1740623d-87df-479e-b803-0036511a0f70,6,introductions,True,0.4,True,False,False
11d40372-648b-4a10-a675-c9b9dda1c5b6,11,introductions,True,0.5,True,True,True
f81799c1-eae3-4124-8c12-d358c9a1d181,11,introductions,False,0.0,True,True,True
eb1fcf30-ee8f-4b07-8901-7afae7d51be8,11,introductions,False,0.0,False,True,True
55ed37f5-8809-42a6-8ae2-57d02b34f4e6,9,introductions,False,0.0,True,False,False
f9ec0db8-2b1f-4d7b-b872-fb15495c839e,11,introductions,True,0.5,True,True,True
c0b28498-e61b-4dc0-b57f-feb53accde10,4,introductions,False,0.0,True,False,True
93a77ae2-4d20-4d37-94b9-395f5dc8dc2d,4,introductions,False,0.0,False,False,False
b1bf7b37-f9f3-4bfb-9b32-5bd0de59e315,14,introductions,True,0.5,True,False,False
17d45f87-e8ef-4106-acbc-0366e5473d96,0,introductions,False,0.0,False,False,False
a5433761-c8d9-4988-90cf-677aaeb5867e,4,introductions,True,0.5,False,False,True
daa0f2e7-7ba3-4b48-b9fd-c720f67db673,11,introductions,False,0.0,False,False,False
667a9d25-f22c-43c1-994e-b026c3a32a7d,4,introductions,False,0.0,True,True,False
b5bcdea4-f3eb-405c-9049-40420d99ff8c,3,introductions,False,0.0,True,True,True
1ac8a48e-b394-4ff7-84b4-04a5afa7c728,4,introductions,False,0.0,True,True,False
5451612d-0a56-4b46-b304-cb2e17f3239b,0,introductions,True,0.0,True,True,True
36f926ac-fd28-4799-9994-2f8ebf9e91de,3,introductions,True,0.0,True,True,True
588ab022-d610-419a-9e95-67e6cd842737,11,introductions,True,0.36363636363636365,True,True,True
122ef9af-485e-4f2c-b8fb-f4bb7202d671,4,introductions,False,0.0,True,False,True
dd267f5a-ac4e-4a21-9369-6623cf1aa044,11,introductions,False,0.0,True,True,True
b439fba1-3d47-4719-bb75-2112aafbc534,4,introductions,False,0.0,True,False,True
1c03190d-e045-4edf-9cf2-86e6310ff8cc,4,introductions,False,0.0,True,False,True
8ae80f5a-4225-4fd4-a890-2df6ae8ec103,11,introductions,True,0.0,True,True,True
104a1da4-ddaa-43e8-948d-85d56880726c,6,introductions,False,0.0,False,False,False
9f3e8f43-6816-4d5c-a7c8-4ea94998209d,4,introductions,False,0.0,True,False,False
09d15f6e-0947-4a18-b749-532638f331ff,4,introductions,False,0.0,False,False,False
065829bf-7209-4eba-b90c-c68155ccf5b4,4,introductions,True,0.2857142857142857,True,True,True
f1d19ccb-3b34-467f-940a-609f2a7d95d2,6,introductions,False,0.0,True,True,True
b5cdae1e-1d8e-4b49-ab9d-ff459dcb5029,14,introductions,True,0.896551724137931,True,True,False
31dd5d2a-9024-4453-948b-2d81cb7f5085,11,introductions,False,0.0,True,True,True
2ac9e075-4745-45a5-a6e2-e35d9526369a,11,introductions,True,0.4,True,False,False
9084e2fc-88a3-4d22-b0ce-8f9ecbda7b07,11,introductions,False,0.0,True,False,True
e257c42d-da62-4584-93be-d40ac031343d,0,introductions,True,0.4,True,True,True
1c2ac66e-35b3-4c32-94d6-ae3cd1f758d8,4,introductions,False,0.0,True,True,True
97fcc92a-3eca-4d19-aa7f-7bb7933ceb59,4,introductions,False,0.0,True,False,False
99a699df-89fc-48ca-9d6b-f38b7d13d17c,4,introductions,False,0.0,False,False,False
f34e2074-4959-4e66-8b99-6d51c906b35a,4,introductions,True,0.5714285714285714,True,True,True
f3894be6-a7f8-40d0-80e4-420a0d7cf91b,0,introductions,True,0.5882352941176471,True,False,False
87ff0d52-847e-42a5-98b5-ced7e9982e93,4,introductions,False,0.0,True,False,False
a0c79e17-c52a-4455-919c-31d09a1c6c24,11,introductions,False,0.0,True,True,False
654afc57-6478-41f7-8aea-31373e90fe99,4,introductions,False,0.0,True,True,True
104d4d1d-10d6-4401-b3c3-c1b852d0859c,4,introductions,True,0.6666666666666666,True,False,False
c5c32632-ef23-4f14-bc73-4fc74786cff7,6,introductions,True,0.0,True,True,True
418aedc5-1c6c-4be5-83b6-df966972cfc2,4,introductions,False,0.0,False,False,False
16752b2d-eb33-48f3-a206-3964846833c6,11,introductions,False,0.0,True,False,False
dca24673-a32d-4be0-9dde-1347ba652b6c,11,introductions,False,0.0,True,True,True
8b9303ec-8a86-4960-b9d3-4bdde5fb1e3a,4,introductions,False,0.0,True,False,False
62121cfb-9921-4199-bd23-9bdf652d85d3,11,introductions,False,0.0,True,True,True
198dd5d6-3c6d-4cd6-994e-6f9694b1cca4,11,introductions,True,0.2222222222222222,True,False,True
d38ea816-7c42-406c-a8f2-609052467eb1,4,introductions,False,0.0,True,False,True
3c179e62-0b4e-4f71-9ea9-e1bec01c85df,4,introductions,True,0.0,True,True,True
13c4f754-36c7-4ae1-a70a-a01a6c86c776,11,introductions,False,0.0,True,True,True
db5977f9-1814-41bb-ae22-1d96954d3706,6,introductions,False,0.0,True,False,False
3f7fd459-b101-4b51-bfd7-462ddb513417,4,introductions,True,0.0,True,True,False
5e997e00-842b-442a-8b5d-a2d88275f9cc,4,introductions,False,0.0,False,False,False
cde49817-ba06-4849-b760-f4d84f358979,4,introductions,False,0.0,True,False,False
17b032c0-e88d-4ef4-b3d0-6b3b63c4d7db,4,introductions,False,0.0,True,True,False
cb5fbddd-7c7c-4ba8-bf38-51b2e7f40cd1,4,introductions,False,0.0,True,False,False
44712c35-78e6-4850-8c1a-4444b2bc2f9c,0,introductions,False,0.0,True,True,False
ddc6aa21-8a59-4ef3-949c-3a556017e78e,11,introductions,False,0.0,True,False,True
a4e3f162-2394-41e4-b84a-aaa16435ad91,0,introductions,False,0.0,False,False,False
c1fb61de-515b-4a39-8a16-6f38c5b93b91,11,introductions,False,0.0,True,True,False
fef82bbe-01ca-4c88-92b2-d6553f402c5a,3,introductions,True,0.3076923076923077,True,False,False
2ac1f9b9-8e2e-4629-bd2e-707c257d6952,11,introductions,False,0.0,True,True,False
8b074fb3-51ff-4b80-95b8-951071a8eabc,11,introductions,False,0.0,False,False,False
c7c8a8cb-cc2e-47bc-8273-79660d3dfe4a,4,introductions,True,1.0,True,True,True
e9b82c15-44d6-4834-a4f2-4d17cc7fd49a,11,introductions,True,0.6666666666666666,True,True,True
3cd714c8-e292-41a8-b026-2d6c68d3f99f,9,introductions,True,0.5714285714285714,True,True,True
7cb6ebce-8657-4efa-9191-9032bbed3e9c,4,introductions,False,0.0,True,False,False
e280f2cb-430b-49c4-9d6a-18a2a98fb1ae,4,introductions,False,0.0,False,False,False
ed983026-062b-43ee-94b8-04cec70a80a8,11,introductions,False,0.0,True,True,True
06c5fd8e-5033-4e15-a810-83d79455cec4,9,introductions,True,0.0,True,False,True
c75f0f63-d6ca-4abd-9778-62f0db2ea6a3,7,introductions,False,0.0,True,True,True
e0f10d99-c07a-4bc2-8871-f6ecbcebc904,14,introductions,True,0.75,True,True,True
f8cb4fd5-1493-40a7-b403-3edb13a9e527,3,introductions,False,0.0,True,False,False
aa131c5d-0004-442f-b4dd-f63de77e5976,11,introductions,False,0.0,True,False,True
ce4d51dc-a6e9-46f8-a9cc-ba54cf68c1a0,1,introductions,True,0.0,True,True,True
5c03d8c1-25f4-494a-ac6a-d77459d65024,4,introductions,False,0.0,True,False,False
2b20bd12-a82d-4d93-9a97-2afa9fd7ecab,4,introductions,False,0.0,True,False,False
8823658a-6692-48d8-a6cc-bb54d199d067,11,introductions,False,0.0,True,False,True
0be325eb-e554-4221-96fa-d24fcad0de54,4,introductions,False,0.0,True,False,False
b0463c3c-286e-4b55-9f9c-967bc51f5578,7,introductions,False,0.0,True,True,True
83906215-450c-4b5b-8d54-de09f12c876f,4,introductions,False,0.0,True,False,False
878bea2d-37ea-4598-b467-4cb450a5e03f,9,introductions,False,0.0,True,False,False
a8b258c5-5060-4169-8a2e-a994fa05e565,4,introductions,False,0.0,True,True,False
41f56dc1-447a-4a96-81f2-1916aab304e5,1,introductions,False,0.0,True,False,False
779f8c20-1da2-41b4-a1f1-f06e70b75837,7,introductions,False,0.0,True,True,True
92d121ea-886c-42dd-acd1-58e38778c877,11,introductions,False,0.0,True,False,False
2df244f3-67c0-457c-97a2-debbdeef3e5c,14,introductions,False,0.0,True,True,True
7ac3e946-e5fa-4a96-bf2d-6693846c9da4,11,introductions,True,0.5,True,True,False
19b99270-edd8-44f1-b541-ba1780cc0e16,11,introductions,True,0.0,True,True,True
ea6a0cf9-0651-4e86-b7eb-d4b2284455e2,0,introductions,False,0.0,True,True,True
45aa3d01-3825-44a3-866d-b24a369c0412,11,introductions,False,0.0,False,False,False
ed40c3d8-9a3c-4553-bb43-5393a157eefd,9,introductions,False,0.0,True,True,True
badd9207-b93a-4d3e-a6db-a74ddb6556e3,4,introductions,False,0.0,False,False,False
b17c39bb-f0f4-4a7f-9fe2-e4d378a565df,4,introductions,False,0.0,False,False,False
1a46fa5b-d679-4988-8cf4-5283c64da6df,4,introductions,True,0.0,True,True,False
075f1e07-9b0e-46ab-a6fa-62efc68c4a59,0,introductions,False,0.0,True,True,True
1725afd0-8e4b-4bc2-970b-4e9f7dd01434,4,introductions,False,0.0,True,True,True
a1b278bd-a618-4fb7-ac86-31c68b54abf8,11,introductions,False,0.0,True,True,False
81cd3c89-8809-4430-b08f-09226c7c5d55,4,introductions,False,0.0,True,True,True
acbdad49-6c11-4ce1-a6e3-d0b83f597dd6,11,introductions,False,0.0,True,True,True
aa3793a2-1973-429f-adc3-f9e86752b30a,0,introductions,True,0.0,True,True,True
9799c9cd-8920-431a-85a5-01f3b002ad46,14,introductions,True,0.0,True,True,False
8f46983b-8ec7-437b-bd4a-91d461c717de,11,introductions,False,0.0,True,True,True
35dd67c6-0389-4466-aeb1-d9e6b2301227,6,introductions,False,0.0,True,False,False
9b69630b-eb52-48c3-8001-012c2d85ad1a,4,introductions,True,0.0,True,False,False
ad6468c1-464b-4c49-9c45-31b68e672eac,4,introductions,False,0.0,False,False,False
e38b9950-f615-44a7-a426-be2125eaf17d,11,introductions,False,0.0,False,False,False
66736be3-061a-430a-871f-95fdb4b9f5c5,4,introductions,True,0.7142857142857143,True,False,True
a2a3a0da-89df-4753-b449-0cf569ebeb4a,0,introductions,True,0.0,True,False,True
a75ad6de-f4b8-4034-937e-9c03f60cd272,11,introductions,False,0.0,True,True,True
f4893786-171c-4964-8f40-4acf2891b8b8,11,introductions,True,0.0,True,True,True
194cfc46-e953-4a23-ad93-f57cf7e7307e,11,introductions,False,0.0,True,True,False
161eeee1-6beb-4701-acc8-8e2f5ab3cc42,11,introductions,False,0.0,False,False,False
5f930355-b5e4-4fd7-ae6c-8c761de85ac9,11,introductions,True,0.0,True,False,True
e7d7c6ce-5771-4a4e-96d2-71a8d704869c,11,introductions,False,0.0,True,True,False
e6fdfa90-dbb6-4c5f-bd90-2f6ffa113f13,0,introductions,True,0.0,True,True,True
9d6f0bad-7dbf-4f63-be93-61bbf2951963,11,introductions,False,0.0,True,True,True
0bf472ba-a99b-45aa-aa2d-25bc1efba6a9,11,introductions,False,0.0,True,True,True
dd8b29cd-1c5a-4741-bdd7-fa13effd3a9a,11,introductions,False,0.0,True,True,True
8f573311-8678-4198-8e55-6424c28deef6,6,introductions,True,0.7058823529411765,True,False,False
bd163fd1-9a35-401d-a536-d411bc204706,11,introductions,True,0.0,True,False,True
ee51fa74-7a8d-41b6-9d32-6dc1ae47bf46,9,introductions,False,0.0,True,True,True
3c17e612-a8c5-4739-ac48-5af26938be1b,11,introductions,False,0.0,False,False,False
d833e4c7-0405-43bb-9d0b-4ace90583599,4,introductions,True,0.2857142857142857,True,True,True
8a3cf26f-31cb-40bd-b43d-65f937dae899,4,introductions,True,0.0,True,True,False
7b0998b7-dac9-4183-b3e5-ab171e98be87,4,introductions,False,0.0,True,False,False
fb8e8a5b-8347-4e8c-9e33-fe717353c984,4,introductions,True,0.0,True,True,True
f4112ee0-17fb-4d24-b29d-de19c4e3d315,11,introductions,False,0.0,True,True,False
77e08597-0c5a-444b-b2e0-828a10d053ef,4,introductions,True,0.0,True,True,True
4df39639-e044-4462-b3d5-1b3cef7b5fa9,4,introductions,False,0.0,True,True,True
ff239bee-92a4-4f0d-9c03-b51e5e40f167,0,introductions,False,0.0,True,True,True
0ff07875-cdb7-4f84-a911-001115ee8338,0,introductions,False,0.0,False,False,False
e53befdc-34a1-4658-8aea-e41c93026a55,11,introductions,True,0.25,True,True,False
de4ffe67-33ec-4eca-af29-a0c902aede15,7,introductions,True,0.13793103448275862,True,False,True
cd91f345-a932-43c4-ae01-e40bdc265220,4,introductions,True,0.6666666666666666,True,True,True
bf4e762e-eb07-457a-9e39-0b5baeedafcf,4,introductions,True,0.6666666666666666,True,True,False
3b5a09c0-aa30-44d5-b792-134ba0cb1dd6,11,introductions,True,0.36363636363636365,True,True,True
ee9eb904-0dcf-43fb-be1c-873b3cc97253,4,introductions,True,0.0,True,False,False
89949546-0f95-462c-8edd-397250f4ca92,4,introductions,False,0.0,True,False,False
af5b007d-52bb-4feb-b7fa-f4241c2dc371,11,introductions,False,0.0,True,False,True
afcdc4c5-239e-4213-93e6-f87d6ff44997,11,introductions,False,0.0,True,True,True
a89d4630-3a0d-435c-9ad4-fdd9b258b20c,4,introductions,False,0.0,True,False,True
f86edaee-5fec-44b8-9c0c-7e5e2d1f13ec,11,introductions,True,0.0,True,True,True
295cd7d2-4900-4ad2-877d-1a3fd07e94df,11,introductions,False,0.0,True,True,True
b6972346-8e65-4738-8015-e3fad22c2cf3,6,introductions,False,0.0,True,True,True
42749c97-edc0-4000-ae03-4e9d75697145,11,introductions,True,1.0,False,True,True
8729b556-be13-42c6-a979-79d8d85df67a,4,introductions,False,0.0,True,True,False
ca306fe7-7617-4077-bb4d-4109156c7c5e,11,introductions,True,0.3333333333333333,True,False,True
1176e628-98f3-448e-8142-55710976d63a,11,introductions,False,0.0,True,True,True
ed5dcd95-f7b7-4bc8-9156-4f2f49a4a17d,0,introductions,False,0.0,True,False,True
a1e375b5-205b-44e6-b0d5-2f61fedf0242,4,introductions,False,0.0,True,True,True
59012d0f-42b1-4789-adb9-f439bc952ebf,14,introductions,True,0.5,True,True,True
3943665d-d5ff-4cae-96e5-1556122ca487,11,introductions,False,0.0,True,True,True
04bc4126-e8de-4243-9144-9c1c3670df5a,4,introductions,False,0.0,True,True,False
6ab88840-3b9a-4424-8e86-11162401e0bb,11,introductions,False,0.0,True,True,True
e8470c0f-3a7f-4e15-aea9-76c4f0efd32c,0,introductions,False,0.0,True,True,True
d5920af4-56f0-40e2-871c-6ba9264f0897,11,introductions,False,0.0,False,False,False
c6053be1-8a56-405e-99b3-a7e31ea3a7fe,11,introductions,False,0.0,True,True,False
37bf3f1e-214e-49a3-ac5a-fc797fd680a1,11,introductions,True,0.4,True,False,False
efb71bb4-1b5c-419b-bdff-afddc978f7c6,4,introductions,True,0.0,True,True,True
cb672d6e-4b07-4c9f-87bc-1d0bc6aa62e4,7,introductions,False,0.0,True,True,True
504f0d09-9a43-4265-9fed-966a3bd2b060,11,introductions,False,0.0,True,False,False
07dcc275-28ed-4907-906c-01283df1116f,6,introductions,True,0.8695652173913043,True,False,False
3db1ca47-1a5b-4e39-9ee1-2258f51052c2,11,introductions,False,0.0,True,False,False
64dac083-1fef-48c5-955d-6a982584625b,4,introductions,False,0.0,True,False,True
2e35aca0-dd8a-4eae-9a0f-fbd8d8eca684,9,introductions,False,0.0,True,True,True
0a979afc-ad28-41bc-ac16-4c36177bdcb5,0,introductions,True,0.3333333333333333,True,True,True
70e36dd5-ed4f-4a16-b8f6-ec0e5a79b7ba,0,introductions,True,0.0,True,False,False
2ebd013b-404a-422e-90e6-0496a4623e18,4,introductions,False,0.0,True,False,False
3e7b1c31-0ee2-4ca5-82e6-2958aed95567,9,introductions,False,0.0,False,False,True
d26bb76a-055f-4007-855d-bd16e9f16f7e,4,introductions,True,0.4444444444444444,True,True,False
cbb06a46-42f4-428b-936f-966031c74919,4,introductions,False,0.0,True,False,False
0daaa24c-aa45-483f-b0ee-1fccbf6fdd84,0,introductions,False,0.0,True,False,False
c6788f90-f9a0-4805-b07f-da2ad5a26fca,4,introductions,False,0.0,True,False,False
6c1f36c5-d9e4-4615-a5b0-9f63e9c6dcff,11,introductions,False,0.0,True,True,False
d38edab2-d142-4e8d-ac44-78c448c3f72d,4,introductions,False,0.0,True,True,False
437ac9b4-1d15-4865-8ebd-dc6da1364b6d,11,introductions,False,0.0,True,False,True
e9c5d503-3370-4892-9248-a47afb0b6cd3,11,introductions,False,0.0,True,True,True
f161d852-5b91-431b-89e1-07ef11d88b93,4,introductions,False,0.0,True,True,True
5f6ad8aa-47c7-4be6-8611-9eb7901270db,6,introductions,False,0.0,True,False,False
d48aa25a-e6a3-489c-a85d-19b244bcb6bb,4,introductions,True,0.46153846153846156,True,True,True
ad635279-434d-48bc-b348-1681aee0452f,0,introductions,False,0.0,True,True,True
16579101-9013-43d4-ad89-433fadca52c9,4,introductions,False,0.0,False,True,False
a19a0950-36e0-46fe-8df6-a7cd88ef2e28,4,introductions,False,0.0,True,False,False
9046aca0-a431-4bfd-bc2a-07096a5784f1,0,introductions,True,0.0,True,False,False
d9fe0247-549c-4acb-a16e-1f67eddd4bf7,11,introductions,True,0.0,True,True,True
34593fe4-204e-428a-b3a8-36a9e768d743,11,introductions,False,0.0,True,True,True
928ae976-98a7-42a5-988b-1c612260127b,4,introductions,True,0.0,True,True,False
bb547136-3653-4593-958c-22757b290003,4,introductions,True,0.0,True,True,False
29b0be87-2019-49b4-92d3-b826bd33d369,4,introductions,False,0.0,True,True,False
f0a4da40-64c7-48af-9e3f-31b7c1f5c9f4,11,introductions,False,0.0,True,True,True
26c10adf-cc99-4cb2-bcde-57c7d3b6fab0,0,introductions,False,0.0,True,True,True
24ca8751-2765-485d-a859-0ce524f8a975,4,introductions,False,0.0,True,True,True
3be33eab-04f8-475a-89f6-0ebb017af329,0,introductions,False,0.0,True,False,True
9b9436f6-3737-4c9a-aaa3-7851f4938243,11,introductions,False,0.0,True,True,True
e7de6a14-b91e-4e49-aacb-8e14e65e2db0,11,introductions,False,0.0,False,False,False
0e48b115-47c5-476f-baa5-155702360b6b,0,introductions,True,0.42857142857142855,True,True,True
997719f4-ba46-483d-872c-9cd6e85e8fde,14,introductions,False,0.0,True,False,False
104b5f8b-5497-49d5-b3d4-3a752f2808f5,0,introductions,True,0.7804878048780488,True,True,True
3e0eb09f-3484-409b-a377-d2abafd0f7f0,4,introductions,False,0.0,False,False,False
a5627ef0-4ca3-49c7-84f4-fcbe46283816,14,introductions,True,0.0,True,True,True
2d7007cc-c4ea-4d8e-bd51-648e91442202,1,offmychest,False,0.0,True,True,True
f670d023-62f5-475c-84c2-fc9325fc49b6,0,offmychest,False,0.0,True,True,True
aa681f6d-b329-495b-9e61-10f886822c83,14,offmychest,False,0.0,False,False,False
25f3d437-c50e-4d4d-b20e-55f3d6269fc7,0,offmychest,False,0.0,True,True,False
1d46e4c6-8ed0-44d2-96b7-56af220251e5,4,offmychest,False,0.0,True,False,False
ae9f4962-88d3-4424-a2cb-fb58ad3cb3c5,0,offmychest,True,0.0,True,False,True
0e96afd9-4606-4f3a-bc7d-1a3125c6577d,0,offmychest,False,0.0,True,True,True
f4db440b-104c-4969-a527-3e84080b6f02,0,offmychest,False,0.0,True,True,True
5ed20b88-6593-4185-872c-849f10615053,0,offmychest,False,0.0,True,True,True
c1fc0857-f7d2-4a62-ab5b-dabde0a7f5cf,0,offmychest,True,0.5714285714285714,True,True,True
dbe80975-a3a5-4619-8fb4-80d7e8c677fe,1,offmychest,False,0.0,True,False,True
90d81da5-b9d3-4bac-8818-6c6c14dc6277,0,offmychest,False,0.0,True,True,True
61020263-32a1-4aeb-aeb9-41f2bea2e23f,0,offmychest,False,0.0,True,True,True
6fdfb511-7695-4169-9cb8-54b51ffc8768,0,offmychest,False,0.0,True,True,True
2b84862c-8d0e-4724-a9b5-65891f5b1cce,1,offmychest,False,0.0,True,False,False
52a49335-867d-41be-b5a5-4b2d85642911,4,offmychest,False,0.0,True,False,False
fcd489ee-2d7f-475b-91e8-c8172e8d9cb7,4,offmychest,False,0.0,True,True,True
0ff58aa9-baf1-4061-bf1f-5584281a84e4,4,offmychest,True,0.0,True,True,True
81832b2e-fee0-49f5-a3fe-a6fbcc8b2cfa,0,offmychest,False,0.0,True,True,True
a1bb9152-ffcf-496d-97bc-a9384a1d9bce,4,offmychest,False,0.0,True,True,True
2b78b953-e3e4-4d6e-bb07-ddbdb1a532dc,0,offmychest,False,0.0,True,True,False
291d20ce-c900-4569-bc95-f4c0d0d5a2bb,0,offmychest,False,0.0,True,True,True
0ae67023-10a3-4ef8-b3b6-1ba96eba9cb3,4,offmychest,False,0.0,True,False,False
ee6db252-8987-4548-b8cb-8b7f35ad63da,0,offmychest,False,0.0,True,False,False
ced7c189-8a50-41ef-bb00-65536d33f833,7,offmychest,False,0.0,True,False,True
7fc1b014-eaf7-465d-9556-9546af1502a3,1,offmychest,False,0.0,True,True,True
bde7dd5e-ef35-4ead-9af4-578060fb9888,4,offmychest,False,0.0,True,True,True
e38ea6bc-194c-4135-ae5b-eaea0d205aca,0,offmychest,False,0.0,True,True,True
f06e71a2-185c-4498-a233-ca8ba53ca68b,0,offmychest,False,0.0,True,True,True
7fd2c4ad-68e0-4408-8713-a50226e90fda,3,offmychest,True,0.25,True,False,False
3582e1b9-5e7e-4be6-9a40-587cf66e296f,0,offmychest,False,0.2,True,True,True
9050593b-b57e-4c3a-8d9f-df4bedc9d04c,0,offmychest,False,0.0,True,False,False
ea0da530-26f0-4d0a-be88-dd5bc805f0f7,0,offmychest,True,0.0,True,True,True
0d66dcc1-b1fa-47d5-99f3-e41b67cb477a,6,offmychest,True,1.0,True,True,True
2e026a6f-6318-4d02-aa47-a151e2f61dba,0,offmychest,True,0.5714285714285714,True,True,True
d7e2c5a4-c5c8-4457-b871-b533954cd037,0,offmychest,False,0.0,True,True,True
cc78d3fb-d391-44fd-852c-b8a77a9dbb0b,0,offmychest,False,0.0,True,True,True
53229cdf-78be-4ab4-aadf-ee957585a56e,1,offmychest,False,0.0,True,False,True
01307c43-9095-42fe-a5c6-049922ebce31,7,offmychest,False,0.09523809523809523,True,True,True
11961a50-9b43-4383-9059-23e6fe5b6e5f,1,offmychest,False,0.0,True,True,True
1b3294c8-872d-4d82-8ae1-f7985578b149,0,offmychest,False,0.14285714285714285,True,True,True
f7963506-a285-48b2-a13c-7d370f4ac89d,4,offmychest,False,0.0,True,False,True
f8b57a42-3d29-436d-a484-79c69388b457,3,offmychest,False,0.0,True,True,True
1db349e4-829c-4909-b986-2b762eb6a50e,0,offmychest,False,0.0,True,True,True
763fade3-c867-48a1-bc7f-5b09a63b9356,4,offmychest,False,0.0,True,False,True
ec86afa8-0344-4d90-9955-b7834ef35345,0,offmychest,True,0.0,True,True,True
b8269869-4b28-480b-9512-7b7400d46de7,3,offmychest,True,0.0,True,True,True
ee918e6c-26aa-4eda-940b-09c7b8fc6e1f,0,offmychest,True,0.6666666666666666,True,True,True
0524062a-245d-4518-8648-3e39780b4604,0,offmychest,False,0.0,True,True,True
ebcd400a-b139-4788-bcfb-531940efda59,4,offmychest,False,0.0,True,False,True
b4edfe5b-a73b-45e5-a840-e0b1c4dbf116,4,offmychest,False,0.0,True,False,True
b172b7ac-8cff-4c18-8996-74d4e101712e,0,offmychest,False,0.0,True,True,False
e1279fc8-c19b-4944-a8fe-35b47c4e1875,0,offmychest,False,0.0,True,False,False
45f3cbfb-ca55-45ea-97ac-1d88331c8e7f,0,offmychest,False,0.0,True,False,False
0f53f9dc-5a9a-4b6c-a07c-a51a2f62f471,0,offmychest,False,0.0,True,True,True
7f7c9e63-bc6a-4bf1-9033-a5bbe838a727,0,offmychest,True,0.10526315789473684,True,False,True
71222622-1e81-4589-92b4-c4b7b38c04f9,0,offmychest,False,0.0,True,True,True
a6177ac7-6a62-4adb-bf71-6a76ef215916,0,offmychest,True,0.0,True,True,True
e3274aa2-4d70-429e-b209-e40b146b1ae7,4,offmychest,False,0.36363636363636365,True,True,True
0af52501-ddb7-43b1-b13a-a57c18a288f2,7,offmychest,False,0.0,False,True,True
c8ad1b98-0726-4981-bb38-ffd7c39bb8d1,4,offmychest,False,0.0,True,False,True
fe0824e1-68c7-4344-8e3d-0b6e4d998dfb,0,offmychest,False,0.0,True,True,True
b011bb39-e98c-4601-8fcd-f2d48aae3f68,0,offmychest,False,0.0,True,True,True
ecc09b04-b873-4c50-84b8-ecca285fb222,0,offmychest,False,0.0,True,True,True
083b3bbf-93bd-4eb1-8aa5-438a142d6545,7,offmychest,True,0.38461538461538464,True,True,True
197fb1ff-d524-4e46-b5ae-18dce842821a,0,offmychest,False,0.0,True,True,True
73d54939-9fb0-48d8-ad4c-00575a67f95d,1,offmychest,False,0.0,True,True,False
b53a5103-a9e0-4604-9564-0a2442df9106,4,offmychest,False,0.0,False,True,False
52433e39-c480-4e2c-b483-d0a61a9cd5ce,0,offmychest,False,0.0,True,True,True
87ef9319-1312-4c62-8477-28f1ffda0a5d,0,offmychest,False,0.0,True,False,False
e635047c-8866-4956-a3a3-155da1fc9081,0,offmychest,False,0.0,True,True,True
387dfc8f-75df-48e0-9201-875234bdedb6,7,offmychest,True,0.0,True,True,True
cc09c02f-e8fd-45b1-a720-399b09580b25,0,offmychest,True,0.16666666666666666,True,True,True
6570ee73-f88a-4aa6-bea5-f07f548c7b2f,0,offmychest,False,0.0,True,True,True
0611c7f8-e1ad-4493-9044-ee31a54bec05,0,offmychest,False,0.0,True,True,True
d7d9c0b6-8567-4a7c-b239-1f1538a4f686,7,offmychest,True,0.0,True,True,True
1e20684f-be16-489f-98d3-e80b5f0c3685,0,offmychest,True,0.0,True,True,True
cc1ddc53-a7c8-41ec-b41e-ecee878c260d,4,offmychest,True,0.631578947368421,True,True,True
5c02e98b-23a3-40ff-8ff9-0931ee7d6169,0,offmychest,False,0.0,False,False,False
cac31ec9-1e91-42b0-82e5-a49514740ffa,4,offmychest,False,0.0,False,False,True
5e6a92c9-cf71-4f3a-8c91-2e9fff9c0dd0,0,offmychest,False,0.0,True,True,True
676715a2-0243-4028-88fc-f66e8ec57c0b,0,offmychest,False,0.0,True,False,False
339cc326-2785-4836-b2c3-1d6ee38a57b2,0,offmychest,False,0.0,True,True,True
8e81a3de-4c39-4547-834d-1a0dced1e710,0,offmychest,False,0.0,True,False,True
b0bd615d-044c-4fe2-b3df-51386a28c869,4,offmychest,True,0.4,True,True,False
3d9ffb74-251c-4129-8e40-08a7de5e8458,0,offmychest,False,0.0,True,False,True
3acc6b48-bf61-46e1-ac9b-77edb76b684a,0,offmychest,False,0.0,True,True,True
c2c381fc-802b-4d96-b3d3-d07362d5c23a,0,offmychest,False,0.0,True,True,False
a9fd7a67-32f5-46cd-b093-1842be3b2a20,0,offmychest,False,0.0,True,True,True
43b0eaa2-f445-4365-8c0a-6a1aa7b95029,4,offmychest,False,0.0,True,False,True
6bb78c27-0fd6-49a6-9db5-f46dc646ac6d,0,offmychest,False,0.0,False,False,False
3c48e683-4f99-4bf8-a669-5222c7b40706,1,offmychest,False,0.0,True,True,True
cd37f856-996e-4f2e-a480-852d79b3998b,0,offmychest,False,0.0,True,True,True
70ef2aa4-8154-4f69-b03e-11bd83659ecb,0,offmychest,False,0.0,True,True,True
b0ffa567-a68d-471d-8f13-2bbb01a9dd51,0,offmychest,False,0.0,True,False,True
a696adee-5341-426e-8eec-e208927963e9,4,offmychest,False,0.0,True,True,True
0a530a2d-6456-4853-b28b-2e09b9c32a68,0,offmychest,False,0.0,False,False,True
a504b575-075e-4039-a029-d9d12071604b,4,offmychest,True,0.5,True,True,True
550cb0c9-616a-463f-af78-e964005a89db,0,offmychest,False,0.0,True,True,True
abcccaa4-39c2-456b-9d77-14a8484df8a1,4,offmychest,False,0.0,True,False,True
47e7f786-11e4-4882-b6c6-856a15e9fb90,0,offmychest,True,0.0,True,True,True
60430f9d-5eca-475b-a4e7-e0abc86d334c,0,offmychest,False,0.0,True,True,True
9df79f22-01ab-4acc-bf22-722647685c0c,0,offmychest,False,0.0,True,True,True
03b207b1-e59b-4473-bb54-62b85bcb4f28,4,offmychest,True,0.5,True,True,True
9c8b6554-4c82-4208-9bc5-b966c71f3993,0,offmychest,False,0.0,True,False,True
67f96d70-a6fa-44b5-b0b2-0fbecce8d9ff,0,offmychest,False,0.0,True,True,True
04fe842d-a2fa-4499-a25a-f07394acaf79,1,offmychest,False,0.0,True,True,True
0eaeea6d-689a-446b-b53a-94e94fc14ab4,14,offmychest,True,0.5333333333333333,True,True,True
341cc5a9-9b3c-4898-b12d-b1520c949c8b,4,offmychest,False,0.0,False,False,True
1ccd96a5-bb56-46c7-9e50-34581c6b29b1,0,offmychest,True,0.0,True,False,True
13a65830-e88d-48a7-b297-d9d4efa1e99f,0,offmychest,False,0.0,True,True,True
239cad18-315d-46e4-8c46-03cd906935d2,0,offmychest,False,0.0,True,False,False
78e554f9-d539-40d9-a946-41266b1b0f52,0,offmychest,False,0.0,True,True,True
ab5b50a7-e14e-4afb-8a57-893639006ed3,7,offmychest,False,0.0,False,False,False
6b09b685-7a58-40cc-aefe-2cee4561cb94,11,offmychest,True,0.7272727272727273,True,True,True
08dbeaa4-a37d-4dfd-8863-e3d3536b0240,0,offmychest,False,0.0,False,True,True
c349b809-33db-4c73-88a0-d51186c19ac6,4,offmychest,False,0.0,True,True,True
9d4baac0-e401-4ab3-80ad-b2d1690aded6,0,offmychest,False,0.0,True,True,True
982f3259-b310-4d35-a9bf-f7aa436c4d7f,4,offmychest,False,0.0,False,False,True
354670cd-0f5f-437c-8e0b-5551e359c971,0,offmychest,False,0.0,True,True,True
4449fb59-8110-4617-94db-31c16da428a0,7,offmychest,False,0.0,True,True,True
13605084-89ff-4a4f-800c-9ff8db48569f,4,offmychest,False,0.0,True,False,False
85744a8f-c0b6-4430-8c60-aa884b4af384,0,offmychest,False,0.0,True,True,True
a0645765-71ff-4058-aad5-2b8122cee0a2,1,offmychest,False,0.0,True,False,True
5626ca2f-0524-4ac3-8bb6-600522a45ca1,0,offmychest,False,0.0,False,False,False
aceda656-a440-4bbf-a541-0a7a510ac1e3,0,offmychest,False,0.0,True,True,True
1f424a72-e22d-46b7-a201-8ed6989c3fb5,0,offmychest,False,0.0,True,False,False
c4b45ca6-1000-4dfe-82eb-245e0ef3c73a,0,offmychest,False,0.0,True,True,True
2b928e49-a7f7-4ff1-837d-c0d703639a92,4,offmychest,False,0.0,False,False,False
8de145ee-d1c8-4c6f-afd7-b563eeff45cd,0,offmychest,True,0.9696969696969697,True,True,True
9b29141b-d6d6-4d0b-94a2-0a75a837edbf,0,offmychest,False,0.0,True,False,False
f4c7ed97-3800-4bd4-b8b7-0d19fa035e1c,7,offmychest,False,0.0,True,True,True
2399d7ca-b332-43e5-9223-cf6107216be0,0,offmychest,False,0.0,True,True,False
7592e2e9-64ba-4fd5-82ab-d20d2625ad5e,0,offmychest,False,0.0,True,True,True
a2f81ded-0326-4651-a722-869b11cbc342,0,offmychest,False,0.0,False,False,False
01a922e2-3b8c-4efb-bce6-4e8d29fc9b8e,6,offmychest,True,0.4444444444444444,True,True,True
04341426-d7f3-470e-9f51-ecf67ea4946f,0,offmychest,False,0.0,True,False,True
2abf7818-7c63-444a-af5c-a67eab9a12ab,0,offmychest,False,0.2222222222222222,True,True,True
814f796e-cbd0-42e0-9179-75e912549174,7,offmychest,True,0.38095238095238093,True,True,True
58b69973-9a39-4460-8c47-b1525673365f,0,offmychest,False,0.0,True,False,True
d23d06e0-14a5-4909-9160-9ad7b7123dd7,4,offmychest,False,0.0,False,False,True
f712015a-7bf6-4f11-9de4-f15740b552a9,0,offmychest,False,0.0,True,True,False
21d7775d-5e48-4c61-b819-fc752d10781d,0,offmychest,True,0.0,True,True,False
fdb3de5c-158b-4c81-8be5-60822395be97,0,offmychest,True,0.3333333333333333,True,True,True
0b750cab-2f8a-4ad4-95d0-42d38eaea887,4,offmychest,False,0.0,True,True,True
82e9d29c-691e-4471-b6a9-c8a885128e19,0,offmychest,False,0.0,True,True,True
b45b632d-c9e1-419e-b412-122c6928975e,4,offmychest,False,0.0,True,True,True
f116451b-7aa1-4e70-88d0-4f1d578fe470,0,offmychest,True,0.0,True,False,False
8664570c-f296-4568-bb17-de67076e1bf4,0,offmychest,False,0.0,True,False,True
800c8210-e553-4a7e-9825-599ac7b69efb,9,offmychest,False,0.0,True,True,True
f99eb1a3-926e-4393-8636-54958d9894a1,0,offmychest,False,0.0,True,True,True
3b194611-1d48-4e39-ba8d-c60597ecdd3d,2,offmychest,False,0.0,False,True,False
942909a7-757b-4b5f-a75d-42fbe651bde6,0,offmychest,False,0.16666666666666666,True,True,True
2ab85240-48b2-48cc-a393-413d6ce51654,1,offmychest,False,0.0,True,True,True
3817ed31-ae29-47e8-b930-628e0aee7b50,0,offmychest,True,0.18181818181818182,True,True,True
9f0c74ab-6b7b-4eef-a177-a474e1c02d73,0,offmychest,False,0.0,True,False,True
f1cef22a-4294-401f-95ff-7d6150bc1604,4,offmychest,False,0.1,True,True,True
df849bf3-b57c-4221-bc7b-fdf20128db26,0,offmychest,False,0.0,True,True,True
558d371a-09e3-4496-9366-362411fc87b7,4,offmychest,False,0.0,True,False,True
100c2042-8106-4678-88de-67862481f4cd,4,offmychest,False,0.0,True,False,False
d2a071e1-9bfa-4fdd-bcf8-985d71b05133,0,offmychest,False,0.0,True,True,True
db7d0f2a-9f11-49b1-95fb-4aab91433c02,0,offmychest,False,0.0,True,True,True
6a5f6c00-610c-4789-bcef-916c1f065d29,0,offmychest,False,0.25,True,True,True
61548b44-08c1-4adc-a20a-36f9951113b6,1,offmychest,False,0.0,True,True,True
bbf7fb9d-ae1e-4ebe-99d9-28c9d9eb6d0e,0,offmychest,True,0.6666666666666666,True,False,False
9130e4af-a46d-4cd7-9198-146f0e742ba0,0,offmychest,False,0.0,True,False,False
ac97e2a7-5f55-4557-a244-9fb65eca6996,4,offmychest,True,0.7058823529411765,True,False,False
1703f93e-2bb0-49a1-9b80-2a20cb59ebfa,0,offmychest,True,0.0,True,False,True
68037b78-244a-4e11-ab9e-e6d203d8eba4,1,offmychest,False,0.16666666666666666,True,True,True
e8e0539d-3f88-4c7a-9a39-0eb05687058f,4,offmychest,False,0.0,True,True,True
420ad109-3dd6-49b8-afda-668f14a33dda,4,offmychest,False,0.0,True,True,True
f1132cd7-1d18-4973-994c-2260fd780ffd,1,offmychest,False,0.0,False,False,False
9b2c3e6c-3047-4dcf-8cb0-fa04ef2361cb,0,offmychest,False,0.0,True,True,True
d22544d9-2816-477c-a178-6ebe896e8bc9,0,offmychest,True,0.625,True,True,False
f68f36b7-f0ef-40df-8588-ca9759bc841c,0,offmychest,True,0.0,True,True,True
e6e8e9e0-ce64-4343-a46d-6a786d5df766,0,offmychest,False,0.0,True,True,True
d123c531-de3e-44e9-b12f-31ac73cc8e85,0,offmychest,False,0.0,True,True,True
f328e66b-ad33-4a65-8b2c-2c6d9e0def13,0,offmychest,False,0.0,True,True,True
f455c134-663c-4990-850e-ffc38b5b6a53,0,offmychest,False,0.0,True,True,False
097f349e-2295-4bcc-a686-c78f25b881a4,4,offmychest,False,0.05128205128205128,True,True,True
3516e687-5fc1-438a-b4cb-137e236f2b3e,4,offmychest,False,0.0,True,False,True
ea210801-1950-4695-be13-f2c85dd7f753,0,offmychest,False,0.0,False,False,False
9daa8110-03b1-4801-9eed-5d851ff4f2f8,0,offmychest,False,0.0,False,False,False
2878c7ea-eb30-45e0-861c-6a40e3b96ed6,0,offmychest,False,0.0,True,False,False
db86f17c-fe0c-41f1-bbca-822adadd0bb6,0,offmychest,False,0.0,True,True,True
9e8f9df4-a33b-4255-b4f5-347286fc2b0f,4,offmychest,False,0.0,True,False,True
ae156e64-9aa3-4b77-8671-fcfce5634fe0,0,offmychest,False,0.0,True,False,False
4651e866-64eb-4bcd-a5de-68ee29fbcf9b,1,offmychest,False,0.0,True,False,True
52ce0344-0bd4-4d3c-a2de-6cc0f758dddc,2,offmychest,False,0.0,False,True,True
f9ae8982-3cae-4cdc-b5f7-07875ce319a2,0,offmychest,False,0.0,True,True,True
b69a33d6-9d4d-425f-8771-b8093a5c0bad,0,offmychest,False,0.0,True,True,True
978ecd39-528a-430f-baa3-1b0b8281d58d,0,offmychest,False,0.0,True,False,False
b89f2e99-7cbb-4328-a8c7-bc40d9e46514,7,offmychest,True,0.625,True,False,False
7710f2ff-ef98-47af-a3fe-7cbbccc664a9,0,offmychest,False,0.0,False,False,False
9efbb8eb-02fe-426b-ae47-a2dc89dd96db,0,offmychest,False,0.0,True,True,True
13ce0b8b-469a-4beb-9032-e9883bdecfd9,0,offmychest,True,0.0,True,True,True
e9a713de-6203-4155-b2e1-585ba934c509,0,offmychest,False,0.0,True,False,False
c8a808bb-a684-4217-857d-a45cddb409a6,4,offmychest,False,0.0,False,False,False
0cda63ae-8311-4ed8-9f45-6364564b91db,4,offmychest,False,0.0,True,True,True
7e06d8ef-5741-43e8-9c8a-9b97488b1c1c,4,offmychest,False,0.0,True,True,True
d79dce23-793e-466a-a276-eebd5729ffe9,0,offmychest,False,0.0,True,True,True
e3611654-adc8-4062-8f66-6d7f8e12c189,0,offmychest,False,0.2,True,True,True
747a0ffe-8f4f-4126-bc8e-92f293e14ed5,0,offmychest,False,0.0,True,True,True
d0b0fc0e-8036-45d0-b9fb-250fcbe5ce8f,6,offmychest,False,0.0,True,False,True
81ab15a0-2100-4395-aaa4-969d2e9b8295,4,offmychest,False,0.0,True,True,True
f58008bc-60a2-446b-93bb-1ecd8c3c4bdc,1,offmychest,False,0.0,True,True,False
d7a7abec-79ca-44e6-ac18-52c36663b2a2,0,offmychest,False,0.0,True,True,True
5a57e934-785e-45bd-9d12-8407b34b2c48,4,offmychest,False,0.0,True,True,False
8992545b-0766-4043-a4b3-7e24502ac58a,7,offmychest,True,0.0,True,True,True
0163427b-543f-40ae-9daa-cb15b1654d7f,0,offmychest,True,0.2857142857142857,True,True,True
46b5a896-9b7d-47e0-bbc0-adc5f45af00c,0,offmychest,False,0.0,True,True,True
ce71be3c-1883-43dd-81c7-e0fcb00157ec,0,offmychest,True,0.0,True,True,True
b1247fce-1c98-4ce3-acea-55f0b818a25b,0,offmychest,False,0.0,True,False,True
311c8d26-300b-467f-89af-9d94ca3b3655,4,offmychest,False,0.0,True,False,True
33a06bdc-a6dd-456a-a49b-58b2d1c82a05,0,offmychest,False,0.0,True,True,False
364540b2-ba9f-49dc-8543-11f380a25411,0,offmychest,False,0.0,False,False,True
fd3d24e5-5cef-42ef-8593-04dd274990af,1,offmychest,False,0.0,True,True,True
72e215ef-7afa-4483-b4f1-a4f32a18c964,4,offmychest,True,0.0,True,True,True
8dcbf82f-1bb0-49ba-828e-2ad24deb752b,0,offmychest,False,0.0,True,False,True
9509384c-557c-48d3-951a-0156c2c5af76,7,offmychest,True,0.25,True,True,True
aa09e70b-2af8-49b3-a805-e3d2d2cb243a,0,offmychest,False,0.0,True,True,True
06265eb3-02bb-4eb4-955a-fbdcd94ec97e,6,offmychest,False,0.0,True,False,False
49b7697b-9e20-469f-8f6b-b1fb6a29bc06,14,offmychest,False,0.0,True,True,True
97a79e42-12d7-4e59-8df3-d18851fb1e58,0,offmychest,False,0.0,True,True,True
4ce8bee7-d040-43e6-8e41-95dd816dcdca,0,offmychest,False,0.0,True,False,False
81a4a173-5801-4240-9d98-0c44008f51e7,4,offmychest,False,0.0,True,False,True
be27eb41-9d35-49cd-bec4-cbe0c6300e58,0,offmychest,False,0.0,True,False,False
8bd7577b-dcc5-449c-8eb8-d52c21bd5fab,0,offmychest,False,0.0,True,True,True
3f1095ac-f93e-410e-98ba-e6a2e094c6b6,0,offmychest,False,0.0,True,True,True
25310d16-ad3d-4661-bd29-bd57b74b1804,0,offmychest,False,0.0,True,True,False
3e813603-d2b4-49f2-8f70-9b35122b1b15,4,offmychest,True,0.25,True,False,False
dc8db3ad-4855-4dbe-a5f9-41d8a7bd7d54,1,offmychest,False,0.0,True,True,True
38d5fca8-86a2-4c09-a93b-351a9ff42a6f,0,offmychest,False,0.0,False,False,False
b5b1a6a0-308a-4d3b-b677-0e5ee1574ba1,0,offmychest,False,0.0,True,True,False
6a775898-a4b6-4113-80f6-37a601625e05,0,offmychest,False,0.0,True,True,True
518a9892-527a-49e5-a60b-c60668140055,3,offmychest,False,0.0,True,False,False
afd5e5b1-cdd3-4f40-921a-8afa6f3ec374,4,offmychest,False,0.0,True,False,True
712aa270-e527-40c0-8604-712893743466,0,offmychest,False,0.0,True,True,True
0943333a-0324-4f44-a585-f1e426cce6db,0,offmychest,False,0.0,True,True,True
852fc19b-d157-4e03-a7d6-90cac5905cdc,0,offmychest,True,0.7272727272727273,True,True,True
fb50a3f6-24d1-448e-bf54-01b6572cb907,1,offmychest,False,0.0,True,False,True
6be20530-9ddd-41c1-8006-9ca3a0629947,0,offmychest,False,0.0,True,True,True
a81f647a-5cc6-470e-a63a-2b5d74cb273a,0,offmychest,True,0.0,True,True,True
39273531-b1ef-4b40-a318-c11a87fd2c12,4,offmychest,False,0.0,True,False,True
5a1cd524-2f57-4ba5-9d71-8ef2754b3023,0,offmychest,True,0.15384615384615385,True,True,True
508350c1-c41f-4389-b47b-69a52586fd53,4,offmychest,False,0.0,True,True,False
86dae8c4-9624-4e4d-85de-32ba6a2a8f94,0,offmychest,False,0.0,True,False,False
d83b4c4e-2a8c-4165-a697-7b0c6a7e71bb,4,offmychest,False,0.0,True,True,True
ca418c7f-fbb6-4d35-a292-3b04d6811848,4,philosophy,False,0.0,False,False,False
f625d183-5d4a-45fd-a88d-1385a06e4231,4,philosophy,False,0.0,True,False,False
3bdd151f-2544-4659-b17a-075ef38d9c92,14,philosophy,False,0.0,True,False,False
b7f33ae6-8b12-4d0b-b4a0-0ddde5abd7c9,8,philosophy,False,0.0,True,False,True
f3998116-e53b-457c-933b-c8e95b505119,4,philosophy,True,1.0,True,False,False
f65939f2-8b69-4805-b5e5-f2efd0cde40c,4,philosophy,False,0.0,False,True,False
033f9f4a-8909-42f9-96d3-003f20118e19,6,philosophy,True,0.6,True,True,True
34b0de02-7a15-4001-9d5f-762d0aad9780,14,philosophy,True,0.0,True,True,True
c4726320-cf60-4a00-919b-521466cd5a41,1,philosophy,False,0.0,True,False,False
3dad7cba-58a1-4ffe-9638-592344d4d442,7,philosophy,False,0.0,True,True,True
8b513a07-a4c7-40b8-9364-1cd67732a199,1,philosophy,True,0.4,True,False,True
383ee7f9-da3f-4e3f-944e-b3eb6553842c,4,philosophy,False,0.0,False,False,False
eebb600d-2a08-4071-ad72-24cbd0b7e244,6,philosophy,False,0.0,True,False,True
a0f141c0-5bb0-4f96-847a-c099c8aa7dcc,4,philosophy,False,0.0,True,False,False
4efcfb90-38ac-4bfa-b5ab-6f18babc43da,1,philosophy,False,0.0,True,True,True
90a789b5-ee78-4ef5-9fed-eb9b66fa1695,4,philosophy,True,0.0,True,False,True
e27032d6-5573-4051-aee7-b1fd0ca753f3,0,philosophy,False,0.0,True,False,False
ed40d045-7172-4a45-b6a3-4827bd580acd,4,philosophy,False,0.0,True,True,False
5b4a4b7b-854a-43da-b61f-240d74dd26a9,1,philosophy,False,0.0,True,False,False
57ac7cfa-be99-455b-8fe4-9fff8070e9b5,0,philosophy,False,0.0,False,False,True
8f49dccd-f7ce-4d0e-ba65-ebf0f95050fc,4,philosophy,False,0.0,False,False,False
268dead8-5e1a-42a5-9ea1-8ae504928397,8,philosophy,False,0.0,True,False,True
98d6ab5e-4a76-4623-b40f-eaa2808e6372,4,philosophy,False,0.0,True,True,True
2b1585ae-dd5d-4996-8324-fde0102dcf85,3,philosophy,False,0.0,True,False,False
b8ab6b5d-2922-42f9-a8fe-fd1b6d96b7b3,8,philosophy,False,0.0,True,False,False
4f41d252-408d-4485-b612-885a2eca67f2,1,philosophy,True,0.8,False,False,True
7383c857-d527-472d-83b3-c432b0016859,1,philosophy,False,0.0,True,True,True
4c8098e4-7087-4820-9286-3ba8a56a069a,4,philosophy,False,0.0,False,False,False
6b694bc0-2f9a-4edb-adb8-6fea2f3fcad3,1,philosophy,False,0.0,True,False,False
a317a1d7-306e-412c-9340-ee5dc1ae68ed,0,philosophy,False,0.0,True,False,True
70a42f00-48bd-4990-b0ad-9f8873a1cedf,7,philosophy,False,0.0,False,True,True
0a3612fa-11cd-4740-b1f3-9c381d5d6223,0,philosophy,False,0.0,False,False,True
73078813-910f-4b9e-a763-5f851d4ef1a2,4,philosophy,True,0.8,True,False,False
6aea6ec3-5324-4767-813d-a09d4efe0f31,4,philosophy,False,0.0,False,False,False
fe26e700-a0df-423e-9422-7cadcda7168d,7,philosophy,False,0.0,True,True,True
409d2da2-b5aa-4cbe-a551-7784cd063a41,14,philosophy,False,0.0,True,False,True
1ac0536c-d365-4f39-a310-c08ffdae376f,1,philosophy,True,0.0,True,False,True
e1cf04a1-4f0c-42ab-966a-9d93afb2c06a,4,philosophy,False,0.0,True,False,False
a37b4e52-c023-4430-b89e-df6098aebf2d,7,philosophy,True,0.5454545454545454,True,True,True
cbe3c9fc-e0fb-4918-a2d5-b4dff3be3319,14,philosophy,True,0.0,False,True,False
352332b4-5313-4626-8830-4517be112a22,0,philosophy,False,0.0,True,False,False
fdaa7c42-f67a-41f1-b8ec-4538fe430dd2,4,philosophy,False,0.0,True,False,False
f1027db0-1c7c-4021-898e-a6e564d77938,4,philosophy,False,0.0,True,True,True
08fd44ca-2b06-4693-a30e-6987f2cf1702,0,philosophy,False,0.0,True,False,False
511a4407-f54a-437e-9d5e-c7cca705f1e0,4,philosophy,False,0.0,False,False,False
de2aab5a-c8ef-411a-a067-c610f8230dc5,0,philosophy,False,0.0,True,False,True
901c9dce-e006-4a8c-b6d0-84855d81d2ea,4,philosophy,False,0.0,True,True,True
4bdf88a4-c134-48da-97cd-982d432eeb4b,0,philosophy,True,0.25,False,True,False
25bbe733-d53c-4421-82e7-036558371ec1,14,philosophy,True,0.0,False,False,False
6156c081-b678-4de7-b28c-b40d32841428,0,philosophy,False,0.0,True,False,False
0893d94e-b28d-4c95-a9b3-e3c06c8d7561,8,philosophy,False,0.0,True,False,False
25ad30b5-342b-4b66-80d3-b044af17dcaa,7,philosophy,False,0.0,True,True,True
53cf1fa1-804b-4572-bc77-e807f2254187,14,philosophy,False,0.0,False,False,False
36816122-2518-456b-8522-c506f9dd473b,4,philosophy,False,0.0,True,True,False
d4fbf728-03d8-40b1-b9ec-e139f869f7b6,0,philosophy,True,0.0,False,False,False
76048ee2-06fe-46ac-8be9-7083cf6afc4f,4,philosophy,False,0.0,False,False,False
281b4528-445d-4fa1-ad8e-33495ad3b787,0,philosophy,False,0.0,True,False,True
18d88d13-7fc7-4a07-9b6e-0641c6727230,0,philosophy,False,0.0,True,False,True
322e24cd-f10a-4da0-8b97-1ce31eac39fa,0,philosophy,False,0.0,True,True,True
66170b8c-d0b8-4cc7-81e7-ce65b30ed0e0,1,philosophy,False,0.0,True,False,True
b1c16dd2-bc61-4c95-9da4-3d681f251d44,3,philosophy,False,0.0,True,True,True
b02c9eb4-18c6-4a3e-9f23-11718d0b1aa5,0,philosophy,True,0.0,True,False,False
c51f3562-ba8c-4d9a-b5b9-926d75e5811c,4,philosophy,False,0.0,True,False,False
f01ff5c6-06e1-4fcf-8d8a-8a9188331a8c,4,philosophy,False,0.0,False,False,False
34af9b4a-e2f4-450e-931e-e3fd5fde930c,4,philosophy,False,0.0,False,False,False
c28fc4af-9359-4ec3-95cd-ab91000eeb52,0,philosophy,False,0.0,True,False,False
5bc42fa6-c7bb-4dd4-921c-7fea63e37bff,1,philosophy,False,0.0,True,True,True
6a6a4f28-d2d5-4d79-b8cc-6e17f5610b11,0,philosophy,False,0.0,True,False,True
3d9f902c-bf66-4659-ba93-28d743f1517b,4,philosophy,False,0.0,False,False,False
0df7f34f-94c1-4a2e-ad7c-7b2bee5808ab,4,philosophy,False,0.0,False,False,True
c0ddb101-b27e-4dca-a739-c99196e23fd8,1,philosophy,False,0.0,True,True,True
c6aa25f4-de21-4714-9866-a7631bfaa627,14,philosophy,False,0.0,False,False,True
9b789659-2716-431c-b7fe-67fcf2acc923,0,philosophy,True,0.14285714285714285,True,True,True
af816f41-898e-4352-8324-8361c57a4f6a,1,philosophy,False,0.0,True,True,True
d5a1534c-d162-4f34-a546-a55c7f949a35,4,philosophy,False,0.0,True,False,False
8705f3d5-231b-4e40-a362-d95996de2494,4,philosophy,False,0.0,True,True,True
f57d4f0a-bb71-40bb-ba17-054bb176acbd,14,philosophy,False,0.0,True,False,False
3f4dc053-2616-4519-901a-3d7151eb59ad,7,philosophy,False,0.0,True,False,False
936bcc28-53ad-4eae-82d8-a4e76f4b959e,14,philosophy,True,1.0,True,False,False
bf836b64-5e33-476f-8278-34726ae5e56d,4,philosophy,False,0.0,False,False,False
ab460f38-7efe-4021-8d77-4a015a8a10eb,0,philosophy,False,0.0,False,False,False
b754ca33-afb4-437e-b8fe-ffebef3940e3,0,philosophy,True,0.6,True,True,True
9ba8229e-73a5-40e8-9076-969d529e26ed,4,philosophy,False,0.0,True,False,False
9f6f1a3a-1454-4357-aca7-2bd4b84192e9,14,philosophy,False,0.0,True,False,False
c751654f-dd4c-4ef4-a936-3994775978f1,8,philosophy,False,0.0,True,True,True
f157d161-69b7-478b-a744-9e71ca74e4d2,14,philosophy,False,0.0,True,False,False
4dc3ae9c-b5c9-4916-bbe8-aa86abdba560,2,philosophy,False,0.0,False,True,True
e06c067f-f708-4291-8ba3-93b806144cfa,0,philosophy,False,0.0,True,False,False
8544d615-486b-43f2-86c4-0ed779b72968,7,philosophy,False,0.0,True,True,True
ebf2b0bb-4b32-4797-be62-e993cfefe88d,0,philosophy,False,0.0,True,True,True
1caa358c-e64a-4944-b68b-1f17f93ea980,6,philosophy,True,0.0,True,False,False
acb0d5e9-01ea-4246-8ecd-1277972dcb65,14,philosophy,False,0.0,False,False,False
ef7df721-b2ec-47a0-aa9a-0c252a69e508,0,philosophy,False,0.0,True,True,False
89ac74f2-befe-4b97-99a9-885c3cbf8643,4,philosophy,False,0.0,True,False,False
097a36d6-49c7-4361-a1a6-b8c884fa4f47,6,philosophy,False,0.0,False,False,False
7164b023-d8ef-4005-a2ea-4658f73fc952,0,philosophy,True,0.2857142857142857,True,True,True
5b3f7e29-53d5-49b2-95ee-0e193c6d0aa3,14,philosophy,False,0.0,True,False,False
b65a9409-6e2d-496d-a1be-f5ad3c57e776,0,philosophy,False,0.0,False,True,True
2bd723c3-a59d-4f1a-96ef-30b2a68d86e8,3,philosophy,False,0.0,False,False,True
c32d230c-ca95-42c7-8b73-d9a9f92d27c2,1,philosophy,False,0.0,False,False,False
bc3744a9-4561-497d-8833-7c022c23e7d8,1,philosophy,False,0.0,True,False,False
d38dfb94-6d16-4253-a0fb-274f2ed23c93,4,philosophy,True,0.0,False,False,False
fc3471d0-b5df-4800-a068-0ae4465b0c0d,11,philosophy,True,0.0,False,True,True
f50de0ae-346f-4835-9a7c-4b6e079d85ed,0,philosophy,False,0.0,True,False,True
d7e2c8b0-db23-439d-bd34-3e02e7da395b,7,philosophy,False,0.0,True,False,False
28606aad-b5fe-4f9c-bdc9-d47962587a51,1,philosophy,False,0.0,True,False,True
0765e706-99c3-409b-ad02-55de036d13cf,2,philosophy,True,0.0,False,False,False
6932700c-f2ff-4bc2-99fc-7d38c028017e,0,philosophy,False,0.0,True,False,False
9fb9cfa3-c090-49f1-b412-081a7ca38305,0,philosophy,True,0.4,True,False,False
b93ce554-5998-4cd2-a3b7-057f51f98f32,4,philosophy,False,0.0,True,True,True
fd4e09ef-08b1-43eb-8552-9abda1110cc5,14,philosophy,False,0.0,True,True,True
187e48fc-aa6d-4330-88b6-645b25dba2e8,0,philosophy,False,0.0,False,False,False
a73d3674-5b3b-4041-9d27-7874c330766b,0,philosophy,False,0.0,True,True,True
c98fe5bf-5581-44fe-b77b-846e1a6c9460,4,philosophy,False,0.0,True,False,False
4163178a-632b-486f-b643-5b96ed554a3b,1,philosophy,False,0.0,False,False,False
37abd950-5664-41a6-843f-440f41502b27,0,philosophy,False,0.0,True,False,True
e29ce97c-eb31-4dd0-aa62-48a7dfedfed4,4,philosophy,False,0.0,True,True,True
4c5e9f8d-9105-49a9-bf8b-4cdb59eb5a86,14,philosophy,False,0.0,True,True,True
b4dcc46f-f22c-4e9d-bee8-56a602a66f7e,7,philosophy,False,0.0,True,False,True
9c6cf5ed-ebb7-4449-bf5e-00235a957a23,7,philosophy,False,0.0,True,True,True
f7bf4ae8-528d-46c4-8179-bd4307cabb48,4,philosophy,False,0.0,True,False,True
3466613f-8053-45e8-89fd-092fa1644396,4,philosophy,False,0.0,True,False,False
c2e75160-9341-4769-a466-27bcc7486123,1,philosophy,False,0.0,False,False,False
70991f12-964c-4e17-bb47-9db43efaefe5,0,philosophy,False,0.0,True,False,False
0d7fc3ef-5e99-44d7-86c9-76a8935d789f,3,philosophy,True,0.16666666666666666,True,True,True
e7923b00-6caa-4b6f-9c8f-61e2ad186e3b,6,philosophy,True,0.18181818181818182,True,False,True
ecda63e2-307e-433d-ba85-aa296607cfc3,1,philosophy,True,0.5,True,True,True
d3ae3b30-f2bb-4300-aa3b-81bbfbee7ee2,0,philosophy,True,0.0,True,True,True
08d3b2e8-f304-4f22-8db6-d190982ddb86,8,philosophy,False,0.0,True,False,True
ff76bca6-ea47-48d9-8014-92887fe5870e,0,philosophy,False,0.0,False,False,True
0ddac9b7-43e9-459d-b281-ec4c6261c0b7,4,philosophy,False,0.0,True,False,False
eb2a20a1-92a8-4e39-8e54-a7a3f1553ec3,0,philosophy,True,0.9090909090909091,True,True,True
fff1e643-71d4-4d44-a87a-0c117e0a1d8c,1,philosophy,True,0.9090909090909091,True,True,True
636e78dc-f8b3-4c44-964c-10fe15c78ade,14,philosophy,False,0.0,True,False,False
e62b5474-5192-4d12-b04c-9dc92d96ca1b,1,philosophy,False,0.0,True,False,True
a8432bdd-52cb-465e-8a3f-9e14ec67da2d,1,philosophy,False,0.0,True,True,True
4a3b0de5-7c94-41ca-8bd4-12c0abe2e6bb,7,philosophy,True,0.2857142857142857,True,True,False
3e21e68c-0a18-4dcf-9dc0-7db3dc89a3bc,0,philosophy,False,0.0,True,True,True
6c93d7fd-edbd-4e20-afbd-0634ae47f837,0,philosophy,True,0.8,True,False,False
77b9bfed-a434-4486-80ea-6065d1115a20,14,philosophy,False,0.0,True,False,False
2e6d6ed3-f978-4479-9c16-b8cb51d7f29d,4,philosophy,False,0.0,False,True,True
b315690b-b91b-4b1d-9016-68365b4fbfe3,4,philosophy,False,0.0,True,False,False
1f307ee4-682b-4df8-be68-c9be6ae7f137,0,philosophy,True,0.0,True,False,True
f5a8784d-8cb1-4fcf-b202-474b1c1470d5,0,philosophy,False,0.0,True,True,True
70c16cda-f56e-4ad0-870e-df6c07e466ab,0,philosophy,False,0.0,True,True,True
c4f421f8-e7cc-4df9-9057-56aef6f076e8,0,philosophy,True,0.875,True,True,False
3119ea49-7cb2-441e-892d-10e09e89ad8a,8,philosophy,False,0.0,True,False,False
97b1f49c-e9ad-4fab-845e-d97014ece10b,4,philosophy,False,0.0,False,False,False
7df30b93-5168-4bec-9c76-e5757621cb43,4,philosophy,False,0.0,True,False,False
8ff00aa2-c8be-4903-b031-2741fc1793b1,3,philosophy,False,0.0,True,False,True
47660b02-0bc0-4cf8-b235-5f349fd05076,0,philosophy,False,0.0,False,False,False
bc816959-6592-4bb9-9abf-cff3c6968795,6,philosophy,False,0.0,True,True,False
bc5d36ac-f8a5-477b-882e-44d9faa30e56,1,philosophy,False,0.0,True,True,True
e743d0ae-9148-4407-93c9-46e20d9355dd,4,philosophy,True,0.3333333333333333,True,False,False
efe3c25e-9949-4219-bd35-1dbe69de9802,0,philosophy,False,0.0,True,True,True
8e047aaf-5415-40c8-bf83-511b72432c22,4,philosophy,False,0.0,True,False,True
f040952a-9b33-4add-b6c1-d75f7f9471a2,0,philosophy,False,0.0,True,True,True
a3af9b57-8451-4894-9c79-d3b8f655d7df,4,philosophy,True,0.0,False,False,True
c18139ec-77cf-4d63-a4fd-aead7cc78c25,2,philosophy,False,0.0,False,False,False
8ff7481b-288e-4042-a5d9-98060dec4dcf,14,philosophy,True,0.0,True,False,False
0ff029dd-a2e2-4476-9d97-f9deeacf1104,4,philosophy,False,0.0,False,False,False
207651d7-d6bf-4f56-b473-1ad4a4aaecc4,4,philosophy,True,0.0,True,True,True
fa006eae-b553-4a34-975c-91a8187c193f,14,philosophy,True,0.625,True,True,True
33e6e17d-b36d-4107-81e5-a6c18cfb405f,4,philosophy,False,0.0,True,True,True
13e67027-2897-40ae-9a8a-d34fa731e496,0,philosophy,False,0.0,False,False,False
bac0fcaf-c2f6-4b42-b5e8-e8ec0e4f2290,0,philosophy,False,0.0,True,False,True
3ae16c7d-c27e-44b7-9ca2-42c4ab71e0ef,7,philosophy,False,0.0,True,True,True
c535a529-62da-43a6-8747-c6316a27439e,4,philosophy,True,0.6,False,False,False
a4666fa1-5529-4f09-8801-e0100ce95010,4,philosophy,False,0.0,True,True,True
368a7b2b-4d4d-4cfe-a8cd-04eb636f3e57,4,philosophy,False,0.0,True,False,False
68ac7753-4c42-40cb-82c0-bfb68ba4f1fd,4,philosophy,False,0.0,False,True,True
5e2fbbb9-9f8e-4ed8-8b34-5725e6ba659e,4,philosophy,True,0.0,True,False,True
82ffbcb9-4cef-4de3-b584-0d7a7a3a5284,6,philosophy,False,0.0,True,False,False
6b2fdbdf-0c1b-4a32-af89-a9b6d2295ba2,8,philosophy,False,0.0,True,True,True
4f006c4d-2fd8-48c0-bb07-7de7ba0bcc8d,0,philosophy,True,0.0,True,True,True
82f39e1f-3eb7-47bd-bb2f-c71b89329a94,1,philosophy,False,0.0,True,False,False
b863c016-410b-4663-9ff6-e75ebc31f2ac,14,philosophy,False,0.0,True,False,False
5b2dfb68-c44a-44d4-b3f5-db3d6fda8a7d,1,philosophy,False,0.0,True,True,True
901905b8-5114-4091-b095-b57a761437dc,1,philosophy,False,0.0,True,True,True
5cdefc1c-e547-4b3f-8654-3277532700eb,2,philosophy,False,0.0,True,False,False
876d6299-6882-414e-82b2-1e0ed7040cff,14,philosophy,False,0.0,True,False,False
a9c054f3-bf74-41d3-8ec2-c2f7cb316ef4,1,philosophy,False,0.0,True,False,False
3c633ab8-f930-4336-8dcd-98386a44c2bc,7,philosophy,True,1.0,True,False,False
49bdabf0-c5ff-4e36-9994-f2ce5b96e0b7,0,philosophy,False,0.0,True,False,False
b8f9aa5b-68b2-41e9-9d9d-5295ecd40f7b,4,philosophy,True,0.0,True,True,True
89055b70-5c34-4755-832f-50b910854e28,14,philosophy,True,0.0,True,False,False
98550d14-56de-4ea1-b3c1-a3eec90fc603,4,philosophy,False,0.0,True,False,True
8cc399fb-caa5-44a0-a36e-20ed1328f5c5,4,philosophy,False,0.0,False,False,False
04d622a3-1ab8-49fc-a98c-363ad533e68d,0,philosophy,False,0.0,True,True,False
fc678339-5ecf-45da-a35b-d75de89b13da,7,philosophy,False,0.0,True,False,True
32c90a56-661f-4fca-b08a-372e63d2de95,1,philosophy,False,0.0,True,True,True
b38df309-01d3-42c2-9937-57bdb3059be9,0,philosophy,False,0.0,False,False,False
82272db2-4c01-402d-b25a-bc84fbc6cf28,4,philosophy,False,0.0,True,False,False
9b0db096-33e9-4f31-8591-23b23c74d216,6,philosophy,False,0.0,True,True,True
25d3a607-d021-4d65-a69c-ce9baeb001de,14,philosophy,False,0.0,True,False,True
af15c9c5-7236-4798-9f71-4f277e4a8673,4,philosophy,True,0.0,False,False,False
cdb3aebc-ffaa-4a86-8f33-38e3af43a7e9,1,philosophy,False,0.0,True,True,True
6fe84872-01a3-4a55-911f-88987c200a03,1,philosophy,False,0.0,False,False,False
20e94b1c-c42a-4b49-ab39-882f8e496323,6,philosophy,False,0.0,True,True,False
f720ab4a-d9cd-4e7f-a7f2-c2857eaaceaf,0,philosophy,False,0.0,True,False,False
04dc418f-9b90-4d39-b79e-43276d6b9e18,4,philosophy,False,0.0,True,False,False
88209a52-3ed3-45a4-8250-6d74cd481f8d,4,philosophy,False,0.0,False,False,False
2de96a30-f74d-4eb4-9c15-5719f4b94005,4,philosophy,False,0.0,True,False,True
ea6dcece-cb1e-4115-8e54-d52758e5e79f,2,philosophy,False,0.0,True,True,True
bc84dbdf-2823-465c-8256-30358830defd,4,philosophy,False,0.0,True,False,False
36353670-2c4e-455e-8d97-0c5fd1592959,4,philosophy,False,0.0,True,False,True
47270b06-a307-40a4-8263-ef9752f3b4d7,6,philosophy,False,0.0,True,True,True
536bd5c0-3321-4bc7-a037-a7d6d81bf0fa,6,philosophy,False,0.0,False,False,False
bbd17f5e-ead4-4dca-8c66-044ccf4dcec1,4,philosophy,False,0.0,False,False,True
bcbee338-c165-4487-bb37-6c4344ab2791,0,philosophy,False,0.0,True,False,True
a72061ed-1e93-4fee-a887-ed6b40ae1ab2,4,philosophy,False,0.0,True,False,True
2067163e-d96d-45e2-b464-171c8b5f03fe,4,philosophy,False,0.0,True,False,False
c8760263-c295-4099-8480-5cc3c067254e,4,philosophy,True,0.7142857142857143,True,False,False
78ef6191-c0da-40d6-885d-2fe7fb703bdd,4,philosophy,False,0.0,True,False,False
123f7268-be81-49ee-8994-06070a830f7d,1,philosophy,True,0.0,True,True,False
d764d975-15c4-401a-9418-0cd7fbcd49c0,1,philosophy,False,0.0,False,False,False
f12d8a5f-a389-4077-89ac-5fcf1fe48f04,4,philosophy,False,0.0,True,False,True
a3cb830b-394e-49d4-a314-ad79727fc6b9,4,philosophy,False,0.0,False,True,True
0f87fe03-0630-44b5-baa6-479c3fc39029,1,philosophy,False,0.0,True,False,False
a2cb1ecd-3a6e-4e2f-b8ac-2a957267b9d2,6,philosophy,False,0.0,True,False,False
2816b1dc-b069-424d-b4a1-c9143eb0c7b5,2,philosophy,False,0.0,False,True,True
24cbdc55-5512-4a93-b62e-1927139ed0fb,8,philosophy,False,0.0,True,False,True
04f748fd-eec4-4e1e-af75-99b698aeb947,4,philosophy,False,0.0,True,False,True
c03fea3a-0bc4-48df-9d30-1e9c346ce0bd,2,philosophy,False,0.0,True,True,True
f197beac-662f-4ed4-8143-ba4f08ce2f8e,8,philosophy,False,0.0,False,False,False
650c6cae-0e23-4307-8d58-c82f45c81ed9,1,philosophy,False,0.0,False,False,False
728a262f-1155-4d38-8a0a-e4df4e2efe0e,4,philosophy,False,0.0,True,False,True
c0ddf648-ff7c-4ef8-8ec4-56ad0830b32a,14,philosophy,False,0.0,True,False,True
e0101272-791d-40e0-9ca1-785ad8384a36,1,philosophy,False,0.0,False,False,False
153cbab7-39cd-44c1-bbe7-12157493f234,1,philosophy,False,0.0,True,False,False
f9c331af-876b-4c88-90bf-c65189c49baa,0,philosophy,False,0.0,False,True,True
ee32599a-dcce-4cc9-b546-e04ec7bcc9ec,0,philosophy,False,0.0,False,True,True
9a9d8fa8-4cb8-4f6c-8e75-159bfe9fbaa9,0,philosophy,False,0.0,True,True,False
b4a7fea1-a062-487d-9b04-b1bfe9de1335,4,philosophy,True,0.6666666666666666,False,True,False
8da272bb-603a-4fdc-beb1-1e9380b96990,14,philosophy,True,0.18181818181818182,True,True,True
5eacc92e-9a96-4275-b26a-a3ae4a42340c,1,philosophy,False,0.0,False,True,True
7eaf5169-58df-4da8-af02-ff515cb50a9a,1,philosophy,True,0.0,True,False,False
644fd57b-1bf2-49a5-8612-b020296ead27,6,philosophy,True,0.0,True,False,True
a1344f00-ec1b-4ad3-8dc4-56f8ba67ee7d,4,philosophy,True,0.0,True,True,False
3c9a4803-d669-4fbf-af58-242aff8f9e2f,1,philosophy,False,0.0,True,False,False
1a6b4e0f-3a40-4354-a821-812f227db88d,8,philosophy,False,0.0,True,False,False
b7572bf7-3c1c-4caa-8ca1-ef7e89e7e6c7,14,philosophy,False,0.0,True,True,True
43c906cd-b047-456d-9d75-3df76e924e60,0,philosophy,False,0.0,True,False,False
56516b04-f386-40c9-a926-f63d447b0c77,0,philosophy,False,0.0,True,True,True
c6e19e99-7f1a-4d4f-b0c5-2718bc0ebcb8,6,philosophy,False,0.0,True,True,False
6ff7b1dc-2bc7-4872-befe-e704127083bf,4,philosophy,True,0.5,True,False,False
3b765574-001d-4aa4-af7a-6c163daa220a,8,philosophy,False,0.0,True,True,True
cbac72b8-930f-46eb-a92d-71fd089b4566,0,philosophy,False,0.0,True,False,False
a6f71bd0-80d2-4149-a145-4d415d4c8303,8,philosophy,False,0.0,True,False,False
94913d1c-9c95-47ae-892b-3d7f1622407d,4,philosophy,False,0.0,True,True,False
e8963911-c70a-4199-a2a7-6783e5af4e6c,4,philosophy,False,0.0,True,True,False
c6f7ef73-f04d-43b1-bd59-8d1668410717,6,philosophy,False,0.0,True,False,True
440fbb66-ec63-4ba7-8e8a-5ffd7e471360,4,philosophy,False,0.0,True,False,False
460454f1-08ea-4ef1-908b-219502cced8f,7,philosophy,False,0.0,True,False,True
3929f61f-0a71-4e86-bf9f-43c3e0351fb0,0,philosophy,False,0.0,False,False,True
d33d4e4c-57a7-4305-a0b6-f0a55e4356fe,7,philosophy,False,0.0,True,True,True
434c4d43-ba4d-45a1-a060-46b79dd440c6,14,philosophy,False,0.0,True,False,False
2e251bfe-51bd-49a8-ab9c-a1c4acdb1829,7,philosophy,True,0.0,True,True,True
9d0484b1-89d5-4029-87e4-bbc3f6cc7076,8,philosophy,False,0.0,True,False,False
3ad29441-4566-4ec6-a7ad-4d246be9d68e,0,philosophy,False,0.0,True,True,True
51129fe0-d5e2-462e-8fe5-f32de569a8f2,4,philosophy,False,0.0,True,True,True
052c268f-5046-4087-8521-d9b13a49cb2e,4,philosophy,True,0.3333333333333333,True,False,True
8cdda0b8-9d31-4db6-83e6-e5950faa6668,14,philosophy,True,0.25,True,True,True
57815a11-d272-4e80-8363-8ba8fe8620ab,7,philosophy,True,0.0,True,True,True
c66c8f72-baa1-4d78-b00e-59c624e3bb03,4,philosophy,True,0.0,True,False,True
b1358d67-6385-497a-96d1-1a2874e9b437,4,philosophy,False,0.0,True,False,False
e64c5b26-de6e-4b1a-b0d8-1f13720e1211,4,philosophy,False,0.0,True,False,True
47a95573-60dc-4170-8874-4db33721d996,3,philosophy,True,0.0,False,False,False
6ecfa45c-9379-48f0-b012-b46f0c8000ab,7,philosophy,False,0.0,True,True,True
42b8dfab-1ebb-4acd-84dc-d483d98712c1,14,philosophy,False,0.0,True,True,True
894159a0-43b8-44c5-abc2-364247ceb408,0,philosophy,False,0.0,True,True,True
19d57acd-f396-49f9-8f6c-f8850464fa0e,4,philosophy,True,0.6666666666666666,True,False,False
a34c32c8-bfd1-435f-9c6f-5ec01a8d3e20,0,philosophy,False,0.0,True,True,True
a8d2e2da-8e83-4534-b9a9-3854c8218dd6,1,philosophy,False,0.0,False,False,False
4f794b29-0b07-4275-aee5-b5c71f180926,8,philosophy,False,0.0,True,False,False
d51cbadc-7db5-483c-b760-39fddf0a5cfd,4,philosophy,False,0.0,False,False,True
86c7961e-867a-4c8e-9346-54f38e2b21ac,8,philosophy,False,0.0,True,False,False
e80986ca-5ec3-46ad-8b31-f0a677db8ca4,8,philosophy,False,0.0,True,True,True
d166bc92-e81f-4638-88da-479efc4ce57b,4,philosophy,True,0.0,False,False,False
962f14f0-b3a7-4a64-96f1-ff69cb577300,7,philosophy,False,0.0,True,False,True
66eb434d-2529-4ea2-84f7-22d673bc4535,4,philosophy,False,0.0,False,False,True
d4c0e996-9466-4722-9b87-9c67ba07c36f,4,philosophy,False,0.0,False,False,False
8c449430-986e-49d3-903f-cb658256e7f5,1,philosophy,True,0.0,True,False,True
590c7f11-5451-470f-ac70-8616d65adb2f,4,philosophy,True,0.0,True,False,True
e3c164df-b897-4d0e-bddc-2413e7ed21a7,4,philosophy,False,0.0,True,False,True
26522a13-2545-46c2-aba8-603bd4314832,1,philosophy,False,0.0,False,False,True
39c7c878-2438-4987-bef6-1562864edade,8,philosophy,False,0.0,True,False,True
190fd735-b490-4738-92cc-cbd02e010c50,1,philosophy,True,0.0,True,True,True
da2a71c2-5a63-40c6-a80e-32bf05e03bdd,0,philosophy,False,0.0,True,True,True
e3edbeff-c5d9-4382-b2a7-ed275fa59486,3,philosophy,False,0.0,True,False,False
384e78d1-3d27-48e4-9d05-3a081cb0ac25,4,philosophy,True,0.8888888888888888,True,True,True
cde0c36c-1db2-4127-aed9-b1817b4e54f7,8,philosophy,False,0.0,False,True,True
aba6efbe-9cdd-4a55-91bc-c12cd31d49e9,0,philosophy,True,0.4,True,False,False
9b115d1d-d892-434f-bd05-039f9a895375,4,philosophy,False,0.0,True,False,False
d611d175-12ee-4c2a-aff0-716bbd8b8b5b,6,philosophy,False,0.0,True,True,True
7230f7d9-70b2-4300-a6f1-a430783f91ef,0,philosophy,False,0.0,True,True,True
b6ac05a5-52f6-42fe-a486-ac669dd787b4,4,philosophy,True,0.4,False,False,False
2847f790-3cc9-4d55-abac-be81804f6cdd,0,philosophy,False,0.0,False,False,False
e9a59d7e-5d08-4862-b4f6-e8066911b73a,14,philosophy,False,0.0,True,False,False
911684b2-5a95-4d5f-8a04-45e87498985a,4,philosophy,False,0.0,True,False,False
d16142ef-9252-449a-991c-f6077e12da0a,14,ponderings,False,0.13333333333333333,True,False,False
6ac1bf35-d129-4c59-9fbb-3198fcbb2aca,4,ponderings,False,0.0,True,False,False
7f3aa0a2-e513-4b7a-a0b4-aacb8c64148c,0,ponderings,False,0.0,True,True,True
b1e9e0f7-937f-4681-aaaf-98bf764d592c,4,ponderings,False,0.0,False,False,False
3294ad18-2fac-47bd-b44b-f7bf13e91714,4,ponderings,False,0.0,True,False,False
7c3e4602-e312-4163-b362-2901bfa5ad47,3,ponderings,True,0.46153846153846156,True,False,True
b554b0b6-83a1-4516-abc8-407122611119,0,ponderings,False,0.0,True,True,True
cc25dd97-e124-4a3e-9734-82868b176fde,4,ponderings,False,0.0,True,False,False
c9dfb035-e498-4f1a-9bfc-2d6ca64f1228,1,ponderings,False,0.0,True,False,True
2e0e07f1-8516-4080-9004-9383d19bca7c,0,ponderings,False,0.0,True,False,True
a32fdf22-53ac-4fd2-bd89-f7c3a5799252,0,ponderings,False,0.0,True,False,False
db6b36df-6d28-4ba1-a6b7-a7cb9a66e612,4,ponderings,False,0.0,True,True,True
86e89c26-f708-45cf-a589-a15a31e4743c,14,ponderings,False,0.0,True,True,True
08998cd9-afc0-4340-ad84-f6a58dd3450e,4,ponderings,False,0.0,True,True,True
8b3a3628-d062-47b7-9857-d9ca8c95c109,1,ponderings,False,0.0,False,False,False
81621847-8bd9-4e5e-ac00-11d5bb0b1a0a,0,ponderings,False,0.0,True,False,False
1150a2ff-875d-46a0-8ec3-8b514887aa18,4,ponderings,False,0.0,True,False,True
6a1fd516-a6f9-435b-881c-e0542c85bf74,1,ponderings,False,0.0,True,False,False
c36794cb-6193-4521-b216-0ed1b0fafc4e,1,ponderings,False,0.0,True,False,False
dd85d91c-932a-40dc-b460-d7f5c39efcf9,0,ponderings,False,0.0,True,False,False
cbb6a245-5b9b-4300-b9be-061364029244,4,ponderings,False,0.0,False,False,False
c6760195-4095-4219-ae23-b7a40a99321c,4,ponderings,False,0.0,True,False,False
77799e35-84c4-46d3-87b1-f60ae4db6bcc,6,ponderings,False,0.0,True,False,True
bde9410c-fa4b-45a4-9e45-9dd0e61e4a6c,0,ponderings,False,0.0,False,True,True
22a83a36-50ef-437c-9eb9-27edbeaedc73,4,ponderings,True,0.2857142857142857,True,True,True
3156ee34-c216-42eb-bdb1-0159b2567412,0,ponderings,False,0.0,True,True,True
eaa1ace7-8808-4927-a79b-6f08b10a0ae0,0,ponderings,False,0.0,False,False,False
6ce8d925-6395-45c2-aa21-de78718eebaf,0,ponderings,False,0.0,True,False,False
400b994b-9759-43ca-ad29-cd7e3045a436,0,ponderings,False,0.0,True,True,True
b578897d-f148-4644-8c6e-42f8666371fc,4,ponderings,True,0.4,False,True,True
12d2db64-3432-46cd-951b-bdf201e23823,14,ponderings,False,0.0,True,False,True
e1f3c1b8-3c5a-46e1-a67f-ee3041a93640,4,ponderings,False,0.0,False,True,False
a8a57ef9-60bb-4255-9eee-ca1d9970e3d6,0,ponderings,False,0.0,True,True,True
26c1482c-4b55-4aa8-8ee4-027d31b649f8,4,ponderings,False,0.0,False,False,True
c5e7ea26-6044-4ae4-bb30-51a59a29705d,0,ponderings,False,0.0,True,False,False
deb574f7-5beb-4b31-a8b8-183de6615c3b,14,ponderings,False,0.0,True,False,False
d9a11819-0d82-4290-b96c-3b40e1405927,0,ponderings,False,0.0,False,False,True
3c26e15b-98f4-4f5c-b8e6-d997d60f5167,4,ponderings,False,0.0,True,False,True
31597624-8b90-47b8-86ad-89f19d20518c,4,ponderings,False,0.0,True,False,False
47de7baf-d84a-44f7-ac31-07024741b1f1,0,ponderings,False,0.0,True,False,False
f1003a0c-ecf8-4c94-a791-4db51ca78fb9,7,ponderings,True,0.0,True,True,True
40a20262-c376-47d5-bdcd-11ac2733f32b,0,ponderings,False,0.0,True,True,True
1493f19a-cb26-453e-8519-13ca4d122500,0,ponderings,True,0.0,True,False,False
6e6bb2af-9bfc-4984-9983-e4bec4f848ff,7,ponderings,False,0.0,True,True,True
7d063b6d-3b9a-40a2-bcf3-d3c2ae6de03f,1,ponderings,False,0.0,True,False,False
883135dc-5609-44c1-a37a-497f20e09c6b,0,ponderings,True,0.42857142857142855,True,True,True
b843eb61-b74e-4f63-9d86-fcecea0a9e67,4,ponderings,False,0.0,False,False,False
b331b113-0ee7-4460-b8cf-f8c07a9f9563,4,ponderings,False,0.0,True,True,True
0e7ec85d-82e2-49d1-81b7-a35e4ebf52ae,4,ponderings,False,0.0,True,False,True
e854045b-1be4-4219-ba0b-32c45a286caa,0,ponderings,False,0.0,True,True,False
78857aaf-f07b-4f0a-a230-2e67713463cc,0,ponderings,False,0.0,True,True,True
404b8e1a-781b-4eef-9800-b1a6a8c0ea59,0,ponderings,False,0.0,False,False,False
eba11de6-f1f1-496c-9e1b-2b3d376e97ab,4,ponderings,False,0.0,True,True,True
62b73943-323c-4b48-99d3-cd1aa1c0bce1,1,ponderings,False,0.0,True,True,True
80b7be5f-c3bf-4b36-aff8-016fc0560c67,0,ponderings,False,0.0,True,False,False
f273a632-2cbd-4fd8-b32b-9cd8c14375df,1,ponderings,True,0.6666666666666666,True,True,True
67718f52-636e-4f85-a592-3240eb8eb6ce,4,ponderings,False,0.0,True,False,False
d4405809-16df-441e-acd2-0e1c4e7c88b0,0,ponderings,False,0.0,True,True,True
1eeceb04-9cb7-46fd-890c-82d664a37143,4,ponderings,False,0.0,False,False,False
9773af9c-c7c7-48ca-af52-8530df9f7ce3,0,ponderings,False,0.0,True,True,True
871bb581-75c9-4a99-ac20-c1a5d49ca5c4,0,ponderings,True,0.9230769230769231,True,True,True
081a0412-1cfe-497d-b75c-3d5203e0ae3c,4,ponderings,False,0.0,False,False,False
146f5e1a-511f-485e-84f5-f2598f6effee,4,ponderings,False,0.0,True,False,True
1ebaeceb-3c42-4dab-b059-812121d6efe8,0,ponderings,False,0.0,False,True,True
37f82704-402e-4960-8ee1-6da5f90f948f,0,ponderings,False,0.0,True,True,True
ef5a5fbd-e51b-4059-8a34-ecfc445653d3,0,ponderings,True,0.8571428571428571,True,True,True
aa6f519c-d58d-4bd5-bfb4-9fe273e378d6,4,ponderings,True,0.5714285714285714,False,False,False
d28b00a8-2868-4ef1-b6da-b02e85fcca11,0,ponderings,False,0.0,True,True,True
a6c187fa-5b2c-4746-85f5-813b6b884b66,0,ponderings,False,0.0,True,False,False
0c74cb8a-ad16-44fe-a8be-c47df23ba33d,0,ponderings,False,0.0,True,True,True
e848c6bf-c5c3-42c3-b520-4af8252f14b7,0,ponderings,False,0.0,True,True,True
43334839-bc9e-4237-a2e0-eadd0d162700,7,ponderings,True,0.0,True,False,True
8f92caf6-288d-4a38-9fb6-e7ef6567c929,3,ponderings,False,0.0,True,False,True
7ae09bc6-2d9b-48ef-9ae0-71bf5fc2af85,0,ponderings,False,0.0,True,True,True
708c852f-a881-443f-aab7-67c44230b0bc,4,ponderings,False,0.0,True,False,False
4a3bc78b-1720-4831-9c6b-47276709570d,4,ponderings,False,0.0,True,False,False
e65af5bc-840b-4e8d-9ccd-319ba2c1dddd,6,ponderings,False,0.0,True,False,False
4b36f6bf-543d-476b-a404-e78ef36c6e4d,0,ponderings,True,0.5,True,True,True
4fabba88-9746-480f-bde1-16f7869b851c,7,ponderings,False,0.0,False,True,True
efed5719-a214-41dc-9279-8f1fbb091357,4,ponderings,False,0.0,True,False,False
99c98d22-32b5-454b-b70f-881aff1e44f7,1,ponderings,False,0.0,True,True,True
43c9de48-471b-4897-b46f-ec0f5c04ad7b,0,ponderings,False,0.0,True,False,True
0d43b461-efa4-434e-978e-3da899a97dfc,1,ponderings,False,0.0,True,False,False
b9bec90d-4ff0-4c0e-97c5-b83e8f4ab21f,0,ponderings,False,0.0,True,False,True
b8a89abc-9111-4c9e-8ea7-99b3ca325235,0,ponderings,True,0.6666666666666666,False,True,True
70c8fc7c-35d5-4d42-9fcc-b655e89c00be,4,ponderings,False,0.0,True,False,False
a1a02214-59e9-4ea3-8d15-4cbaf650efd1,0,ponderings,False,0.0,True,True,True
04601826-ab25-49bc-8354-90600d96e1b4,7,ponderings,False,0.0,True,True,True
b0ff8055-02dc-4b66-9b93-4ced9854a948,0,ponderings,True,0.4,True,False,False
4ef29b6d-4c3b-4f45-8f5a-8b2b174840be,0,ponderings,False,0.0,True,True,True
0dd6a56e-c2f9-49ff-8b44-895d6d1a8f88,0,ponderings,True,0.3333333333333333,True,True,True
18e249fa-c63a-4d48-80bb-3fb6f0909b73,1,ponderings,False,0.0,True,False,True
ae8beed7-bf33-4d02-951a-58a771c0697e,0,ponderings,False,0.0,True,True,True
931c2a2a-8c29-4b24-832b-258607d35949,0,ponderings,False,0.0,False,False,False
c348da3b-7654-4048-b89b-53787c1e9e08,0,ponderings,True,0.0,False,True,True
6e33083b-bd50-4681-88c9-76d57b4fa551,4,ponderings,False,0.0,True,True,True
32fdc7a6-ba1e-4358-998b-ded7d830fcd0,0,ponderings,False,0.0,True,False,False
3a502e9c-d479-4d38-82fc-e5133c8bd0c4,4,ponderings,False,0.0,True,True,False
1b89e6fd-b3b1-46f4-94b7-949640fa0f14,0,ponderings,False,0.0,True,True,True
3a3acf39-987b-4183-8f65-6178562c98ea,4,ponderings,False,0.0,True,True,True
8e7e946c-3709-424a-9495-c516e0733c49,4,ponderings,False,0.0,False,False,False
b307f508-3dfa-40db-b979-c01cd392a470,0,ponderings,False,0.0,True,True,True
e611fa65-c4bc-46a3-924c-b615f4408700,0,ponderings,False,0.0,False,False,False
8b03f7fc-1434-48f3-9476-1d4359c0a82b,4,ponderings,False,0.0,False,False,False
fae40456-d202-4b4d-b83e-6db107406231,0,ponderings,True,0.4444444444444444,True,False,False
e638f38c-945f-4b65-83be-7a38d5b8edb1,0,ponderings,False,0.0,True,False,True
de5a9102-9795-43da-9fd5-4c7738eaaec2,0,ponderings,False,0.0,True,False,False
57c9e256-ed5e-47da-aaab-c8ab875eabb0,0,ponderings,False,0.0,True,False,False
45d3584c-b015-4e3d-8a03-c516004ce225,0,ponderings,True,0.0,True,True,True
cfa5c866-1fe4-4e05-8668-deaf05d5cf44,0,ponderings,True,0.0,False,True,True
775f53c9-f353-42f8-8281-137f176ff6a6,4,ponderings,False,0.0,True,True,True
da0c0445-cc4f-4f08-823c-c93262d43cf9,6,ponderings,False,0.0,True,True,True
d034144a-6686-4968-812f-b8a328abcabf,0,ponderings,False,0.0,True,True,True
36b899f5-3fc9-4082-bb03-02fd86f14504,0,ponderings,False,0.0,False,False,True
1a15be4a-8fc2-47e3-aa9f-144590a35c84,0,ponderings,False,0.0,True,True,True
742c5192-5310-469b-8f1c-33732825aac9,0,ponderings,False,0.0,True,True,True
3e95ef3b-4a23-491b-9e43-a1913bfbfbc9,0,ponderings,False,0.0,True,False,True
363c2285-9c6b-410f-a34d-b443cd3ea5ac,0,ponderings,False,0.0,True,True,False
95a8426c-69a5-49ac-9810-778d89dd464e,0,ponderings,True,0.5714285714285714,True,True,True
082dc1c5-0a1b-4723-bf03-dfe36cd45150,6,ponderings,True,0.0,False,False,False
c43173da-176a-4396-a123-e7e6f6ba335d,0,ponderings,False,0.0,False,False,False
4f63c4b8-dee9-482e-9421-4b4da94d7149,4,ponderings,True,0.36363636363636365,True,False,True
369ef1a7-02cf-4338-b34c-1d9915ce1bde,0,ponderings,False,0.0,True,False,False
de51e362-29ae-49d2-b4a9-5e814959cd8a,1,ponderings,False,0.0,True,True,True
a78d1319-fffe-4add-8042-54bd4a1ee531,7,ponderings,True,0.0,True,True,True
6140ac97-9540-43d5-904a-dec6f6a8162e,0,ponderings,False,0.0,False,False,False
7b34f48b-8457-4740-83f4-35c03b0d198d,4,ponderings,False,0.0,True,False,False
1b7a012f-1264-4a26-ac4b-f758967c9b4a,4,ponderings,False,0.0,True,True,True
8b0f6ac6-9cc9-47bc-b937-a5a00d5efefd,7,ponderings,True,0.6666666666666666,True,False,True
721194bd-b6d8-4e1b-9f63-f9fb629e68f7,4,ponderings,False,0.0,False,False,False
e98fce31-76a8-44c1-901d-4379f8755851,0,ponderings,False,0.0,True,True,True
3668a3e7-5d21-407f-8734-765785915553,6,ponderings,True,0.0,True,True,True
91460809-b490-4769-b9ee-50358ae37b64,7,ponderings,False,0.0,False,False,False
add02b7d-9ce8-4009-b31a-1a8ebd392f5d,0,ponderings,False,0.0,True,True,True
30d67102-a500-42c2-9f9b-7e202eb02603,0,ponderings,True,0.6666666666666666,False,True,False
4ca350fd-7ee4-46ba-960b-129a5d71eefe,0,ponderings,False,0.0,True,False,True
16b67e3e-b015-4a04-aa3c-8efd9b17229b,4,ponderings,False,0.0,False,False,False
461c4494-eea0-4943-b3c8-97301df7e49a,4,ponderings,False,0.0,True,True,True
94331a90-a268-4fa7-85eb-f2f671db9e30,0,ponderings,False,0.0,True,False,False
69f2466e-8cef-41a9-826f-dfe905b81920,0,ponderings,False,0.0,True,True,True
0aa378fe-924b-4a1a-a203-ff81109bc45b,1,ponderings,False,0.0,False,False,False
e9d6d9c9-a77b-4f9b-9032-4c2a355aa353,1,ponderings,False,0.0,True,False,False
e970fee7-91a0-447d-8e26-2342753191b5,4,ponderings,False,0.0,True,False,True
b85e6032-ecfc-46a4-8653-d616b020a0f8,7,ponderings,False,0.0,True,False,True
b168576c-0328-4af5-99aa-c207c50e1240,0,ponderings,False,0.0,False,False,False
17c9b5d4-2e98-4a3e-acf0-afc2dc09ace1,0,ponderings,True,0.6666666666666666,True,True,True
0d1b5ef7-0afd-44f3-bfca-28ebf295d61f,4,ponderings,False,0.0,True,False,False
afff4ba7-29bb-4f10-b378-2832f6586128,0,ponderings,False,0.0,True,False,False
72e65bd3-8e7d-4f30-a8ba-fc0388f7ef0b,0,ponderings,True,0.4,True,False,True
9d3340f8-cb81-4783-8929-00875af1bec1,4,ponderings,False,0.0,True,False,False
f3509e4a-3660-415c-8502-0b2fcced0879,4,ponderings,False,0.0,True,True,False
4219fd73-01b1-48ce-8b28-f500704d3972,4,ponderings,False,0.0,False,False,False
e00ac831-4a7b-4ed4-a9ba-64d7de77f8f8,0,ponderings,True,0.3333333333333333,False,True,True
bd45cb84-c22e-4ef7-a1f0-e18250d7158b,4,ponderings,False,0.0,False,True,False
06afb2a6-26fc-4bd4-aeea-f35fabe96e5c,7,ponderings,True,0.0,False,True,True
b55a1b4d-fd2d-44e1-a6f5-8448792e0731,0,ponderings,False,0.0,True,True,True
11d126a1-552a-434f-846d-51e1aeac219d,0,ponderings,False,0.0,True,False,False
0fb805f3-d09a-49af-9cae-f1b195143e14,0,ponderings,False,0.0,True,True,True
a9bc42c0-3695-4b86-967b-5ba92b4044a7,0,ponderings,False,0.0,True,False,False
e72d9de7-2bfd-4ce0-93b0-f7af8ab7fb53,0,ponderings,False,0.0,True,False,True
127f2f0e-0099-4a1f-9d41-db2738cdaae4,4,ponderings,False,0.0,True,False,True
c78c9805-2193-4a83-ad41-ca5d33ec88e8,0,ponderings,False,0.0,False,False,False
bdb6c819-82eb-4ce4-8ed6-c354d1f176bc,0,ponderings,False,0.0,True,True,True
37cb24d7-33c1-4051-b2b6-7dd25059920b,4,ponderings,False,0.0,True,True,True
68f8eb3f-b6f6-4370-90dc-6fc8d35d30e7,0,ponderings,False,0.0,False,False,True
5e000c79-5f7b-4266-b131-764a8b629f80,7,ponderings,False,0.0,True,False,False
84848d13-3f89-4948-ae6b-5b755d394ded,0,ponderings,False,0.0,False,False,False
710ce27c-4e1b-47b5-b905-58eaf7443030,4,ponderings,False,0.0,False,False,False
1c0357f3-93fb-473a-9970-1916b94f9ddd,0,ponderings,False,0.0,True,False,False
23ea429f-e85f-4891-a470-84d9276f2cd3,0,ponderings,False,0.0,True,False,False
e93a9b34-8dd5-4d1f-8f90-4cb6c29af131,0,ponderings,False,0.0,True,False,False
2acc6103-32dd-4664-9f61-0eed9a588a86,4,ponderings,False,0.0,False,False,False
ce82dd15-6376-41f2-b52f-22c854e48be7,0,ponderings,False,0.0,True,False,False
19029055-7e15-424d-a5bf-eddcf2c0ea6b,0,ponderings,False,0.0,True,False,True
74141088-92ca-45bb-8332-6a9cd710fe93,4,ponderings,False,0.0,False,False,True
05fb0f8c-450e-4259-bd28-dc95b61868d3,6,ponderings,True,0.5,True,False,False
f9b2b9be-0839-465e-a65b-474c2c1d7002,7,ponderings,False,0.0,True,True,True
828bcac7-f1a0-4826-9cbd-e02a913e3afe,4,ponderings,False,0.0,False,False,False
0d93e921-f248-477d-8b3b-edab12fe5a63,0,ponderings,False,0.0,True,True,True
81d57699-3c9e-447e-a0e0-d1136fa65bdc,0,ponderings,False,0.0,True,True,True
80a1083f-9f46-4594-a472-d6101a3e48e6,7,ponderings,False,0.0,False,False,False
0487dfc8-6c5b-48c0-b10a-54611c6e3576,0,ponderings,False,0.0,True,False,False
357a368b-389c-4647-a11c-10ff6b2606ae,0,ponderings,True,0.0,True,True,True
5fbf70d0-cb31-4579-bdd5-b6fd4a511001,2,ponderings,False,0.0,True,False,False
1080e12c-8053-4be8-be87-31fb08a79c42,1,ponderings,False,0.0,True,False,False
9cdae6ba-f99b-4e1d-812f-1ef882a0f891,1,ponderings,False,0.0,True,True,True
7563f74e-dd23-4875-8d35-75121c3f1247,0,ponderings,False,0.0,True,True,True
8c14352d-8a32-43ee-a7ce-5d2d463d5e4b,1,ponderings,False,0.0,False,False,False
69e6e300-aef5-471a-9229-6e733a7c808c,0,ponderings,False,0.0,False,False,False
40d0dcdf-0385-42d2-b04e-84a98e1f85cd,4,ponderings,False,0.0,True,True,True
05c235b1-3917-4371-8165-57db89a93a27,4,ponderings,True,0.3333333333333333,True,True,True
43eac04e-0881-4527-88c3-0455dc5490a3,0,ponderings,False,0.0,True,False,True
fc0fe11b-ce5e-4a70-8a2c-1677806b3bf0,4,ponderings,False,0.0,False,False,False
4f6b6414-ece8-4a55-ad38-c79b1471281f,0,ponderings,True,0.0,True,False,False
7b0cb7e0-77b1-4e70-ba22-4b68b63a3f8c,4,ponderings,False,0.0,False,False,False
4526370a-a535-4cd3-8a6d-71e874649b26,7,ponderings,True,0.9230769230769231,True,True,True
9366d074-6700-41e2-95ce-0c84cbd87190,0,ponderings,True,0.2,True,True,True
5ed502ef-0ecc-4e4c-96a6-41f0a5e3745e,0,ponderings,False,0.0,True,True,True
4aa0ed5b-3e01-44f8-917d-88545b8b8755,0,ponderings,True,0.0,True,False,True
29884071-1cf3-47a1-bff4-f785702cedd8,0,ponderings,False,0.0,True,True,True
48874b3b-4aa2-4275-844a-335699414134,4,ponderings,False,0.0,True,False,False
f5d34d0e-25a1-46da-a78c-af75f98a84d1,4,ponderings,False,0.0,True,True,True
ca50cac2-fb59-4740-9fa3-1411e9b0e7e6,0,ponderings,True,0.7272727272727273,True,True,True
fb1909ee-83d7-45f3-9417-84062bb83479,0,ponderings,False,0.0,True,True,False
103fc35b-3bbd-4cdd-a0f8-d19f6e608f35,0,ponderings,False,0.0,True,True,True
2c946050-dc1f-410a-9d85-535342ff3b0a,0,ponderings,False,0.0,True,True,False
54bba1d9-adf8-489f-8925-2d3a699858a7,0,ponderings,False,0.0,True,True,True
51e85c38-a495-4388-89d0-519b915e136d,0,ponderings,False,0.0,True,True,True
c7f35be5-0883-4c4e-b62f-299834f1bf88,7,ponderings,True,0.5714285714285714,True,False,True
289ed49f-cc2d-40a1-9cb6-e350e5c2dada,1,ponderings,False,0.0,True,False,False
89640f41-bbfb-47ad-b036-4ada36a31ae6,14,ponderings,False,0.0,True,True,False
ed560d20-e174-4ac8-8245-cd725868c055,4,ponderings,False,0.0,True,False,True
49502495-cda2-44f6-af4e-6b8f8bdf495a,4,ponderings,False,0.0,True,False,False
a0ce46be-8165-4ef9-bb72-4d2e246e0185,0,ponderings,True,0.8333333333333334,True,False,False
a8e37950-ccac-4e6a-ad4c-9189c01eebb8,4,ponderings,False,0.0,True,False,False
d24d514b-b905-4e68-9578-09e3aae4257d,0,ponderings,False,0.0,True,True,True
7b7e121f-e5d4-4470-ab2c-f97db05fa017,0,ponderings,False,0.0,True,True,True
92a54ab7-af38-45e6-ae3e-11e7e2f23eb9,1,ponderings,False,0.0,True,False,True
8e78b8cc-5aa5-4149-854a-f47e7c105119,4,ponderings,True,0.0,False,False,True
2170d40c-9729-4236-9946-afa0f1983347,0,ponderings,False,0.0,False,False,False
4808dc95-1f49-41c6-863d-5fe71fa88d22,0,ponderings,False,0.0,True,False,True
527f215c-6afe-46e1-88bd-730f18f870db,7,ponderings,False,0.0,False,True,True
1dfb3cfe-70a0-4aae-8dd3-6fb7439d61d5,0,ponderings,False,0.0,True,False,True
ab9f2739-2669-4dc0-8aa9-cff79d9f9348,0,ponderings,False,0.0,True,False,True
dbd50352-b71b-4a85-b163-044b1486226a,0,ponderings,False,0.0,True,True,True
bcacc9ee-85be-4dea-9a87-5e652dda14c5,0,ponderings,True,0.6,True,True,False
418a57ec-3d3b-46bd-b2e4-f8b94364e3f8,4,ponderings,False,0.0,True,True,False
f60a1d4a-bb2e-4054-a394-89fa2d061c47,0,ponderings,False,0.0,True,True,True
5cd16b9c-e79b-4f3b-93d4-5c436249005d,7,ponderings,True,0.0,True,False,True
20e5307d-b19a-4565-b32a-1102116bbbc4,7,ponderings,True,0.0,True,True,True
c646f6bc-40fa-4205-86f7-e3e87a0dadb0,4,ponderings,False,0.0,True,False,False
b4914cd0-1be2-43b2-81be-ea0f96e88188,0,ponderings,False,0.0,False,False,False
98e21b22-77e8-404e-b223-79da22cc5909,7,ponderings,False,0.0,False,False,False
b9739eae-369c-4de9-9fea-81c374504bbb,4,ponderings,False,0.0,True,False,True
fd19aeb6-b685-4e6c-b485-2a7e4c8fbff3,0,ponderings,False,0.0,True,False,True
23e7efbe-e839-4968-b99e-0a7bba1b7a95,4,ponderings,False,0.0,True,False,False
e20cc9f4-147e-4885-8aaf-93f7447b4642,4,ponderings,False,0.0,True,True,False
7e223b14-dc87-4da0-88ce-9249922c6ff0,0,ponderings,False,0.0,True,False,True
dbd28436-389c-47cd-8033-4b9481d31047,0,ponderings,False,0.0,True,False,False
f41df9d8-dbea-4661-b51a-e4d4d4f8f579,7,ponderings,True,0.0,True,False,True
519ec780-6b0f-4c14-93c4-91ed77194a1d,1,ponderings,False,0.0,True,False,False
eb0a4f79-ba44-4e2f-8ebc-9782b41a5960,7,ponderings,False,0.0,True,True,True
40681bc0-5d7d-4026-8997-0c86422b774b,7,ponderings,False,0.0,True,True,True
1355dfb5-0bb3-40a3-8e1c-42eb5282815e,1,ponderings,False,0.0,True,True,False
4a63ff5b-c9cd-4178-abb5-779d8a40d296,4,ponderings,False,0.0,True,False,False
91b45b86-d520-4df8-b81b-d32b49408b09,7,ponderings,False,0.0,True,True,True
c81b5e33-bd46-4aab-ab78-ee0aec1ee9ca,0,ponderings,False,0.0,True,False,True
201b75a8-ad51-4d1e-9e52-692a98596ffd,0,ponderings,True,0.0,True,False,False
ca780182-aa3f-495b-a253-c2998060fbcc,0,ponderings,False,0.0,True,True,True
4425573d-26d6-4eee-a358-f8b536ac4fff,0,ponderings,False,0.0,False,False,False
ff8bcc1f-38c0-4a27-acd7-75126f7dd2dc,0,ponderings,False,0.0,False,False,False
863f7392-a36a-4834-a290-e155b8870b9a,0,ponderings,True,0.0,True,False,True
be1b2127-04b5-4536-9f5f-71754897f512,0,ponderings,False,0.0,True,True,True
e48b17e2-caf8-457a-84a6-cb84c88ebbed,0,ponderings,False,0.0,False,False,True
e2a46cff-8bc8-401c-baf4-612bfb2cb6bf,7,ponderings,True,0.0,True,True,True
9bd85e3a-9b5f-4938-9ab5-43b74a7d56fa,0,ponderings,False,0.0,True,True,True
9a4d473d-f01f-495b-bb8c-340fb9d0fb55,0,ponderings,False,0.0,True,False,False
f2eb3f98-3508-4e89-9dbc-4618fc3b536f,4,ponderings,False,0.0,True,False,False
2d8729ec-cd3a-4867-8d49-93eb3763b7a4,0,ponderings,True,0.0,True,True,True
96fa44ea-381f-45a4-bd4d-ff7ae37474c3,0,ponderings,False,0.0,True,False,True
29153fa4-841e-4199-a844-a0a051a2fe68,6,ponderings,False,0.0,True,False,False
ca6b0efa-530d-41ef-aaf2-2f480c4f18b7,4,ponderings,False,0.0,True,False,False
5a6b322d-c2d1-432a-97f5-114a7c6363c0,14,ponderings,False,0.0,True,True,True
467404b4-3799-45b5-a089-c87bf2742d6b,0,ponderings,False,0.0,True,True,True
75e3505b-f7ed-42a3-9009-bb21cc8f6685,4,ponderings,False,0.0,True,False,True
a27dca60-1010-448b-8ecd-42d5b460b4f4,0,ponderings,False,0.0,True,True,True
521cf846-8997-4100-a894-6b2e1121d7b7,1,ponderings,False,0.0,True,True,False
b6ce2016-963e-4781-873e-d0e6c196798d,7,ponderings,False,0.0,True,True,True
45251505-748a-419c-a563-7a596bf54643,0,ponderings,False,0.0,True,True,True
e46c1d68-15d2-4ea5-b081-ef82244b503e,0,ponderings,False,0.0,True,True,True
bb8601ce-1fc6-4a1b-aacf-afa4aaf43329,6,ponderings,True,0.7272727272727273,True,True,True
4538e3ed-052d-4ba9-a61b-549b1dae7f36,4,ponderings,False,0.0,True,True,True
ad8c0eed-b369-4080-8240-1f430bcb46e8,0,ponderings,False,0.0,True,True,True
3fcd8d86-282d-42bb-b788-a3db87300700,4,ponderings,False,0.0,False,False,False
8354f44e-07b3-4c99-9ddd-d425f81272b8,4,ponderings,False,0.0,True,False,False
4cd5afa1-7bd3-4a53-9539-7c2aee3b1c73,0,ponderings,False,0.0,True,False,True
5a04c633-93f8-4c16-b15a-7bb9b5511907,4,ponderings,False,0.0,False,False,False
d366fb1e-78c2-4d72-a60e-ebd94858a5f9,0,ponderings,True,0.0,True,False,True
748a8cba-447f-4dc0-a366-57c0414766ba,4,ponderings,False,0.0,True,False,False
88fd8151-9fed-40b5-a907-37bce507d4f5,4,ponderings,False,0.0,False,True,True
76c0118d-17a8-49a4-99f8-f8c226f23ae3,1,ponderings,False,0.0,True,False,True
35e72421-5347-41b7-82b9-083297861fa4,4,ponderings,False,0.0,False,False,False
eb04b617-9743-4ff2-9666-2124205bf2ff,1,ponderings,False,0.0,True,True,True
de956fa4-2e6d-45ee-a24c-7092d6f0fa6d,0,ponderings,False,0.0,True,False,True
16ba1286-79fa-41e6-bec2-3a3604d4cada,0,ponderings,False,0.0,True,True,False
5a537873-c8ff-4b3a-828e-3c7b8ce749bb,1,ponderings,True,0.10526315789473684,True,False,True
ff794db6-91d5-43e3-86c7-de72e25f3d6e,0,ponderings,True,0.0,True,True,False
c4d959e1-8f3c-48c1-aedf-8a68f45469cf,0,ponderings,False,0.0,True,False,True
fed69117-7e1a-4058-8a10-f9a6c7049a9c,0,ponderings,True,0.4444444444444444,True,False,True
5f83e6d5-31a2-4300-b00f-ee6f0c343c45,1,ponderings,False,0.0,True,False,False
ce30f806-8a73-40c7-b344-d3fdd166958a,3,ponderings,False,0.0,True,False,False
517f2e16-693f-486d-80db-9c63fe403cc5,11,ponderings,False,0.0,False,False,False
d1826644-46bc-4494-82b3-4da6e36a4336,0,ponderings,False,0.0,False,False,False
ce311e47-2939-4ecc-ac1e-79a1543ddb6a,0,ponderings,False,0.0,True,True,True
96dbf1cc-3596-4056-9c6d-869202c48ef2,1,ponderings,False,0.0,True,False,True
269cc928-d085-4921-9412-4ffb10999a80,0,ponderings,False,0.0,True,True,True
5dbb945f-1f4e-4a9a-a012-5e44c30de724,0,ponderings,False,0.0,True,False,False
234d848a-117f-495b-8f03-b44e92a31b4f,0,ponderings,True,0.0,True,True,True
e87aa732-b64d-40bf-9fac-d990a5f029a9,14,ponderings,True,0.3333333333333333,True,False,False
6baac475-b536-40e9-a7f2-7f40c9ced7f5,0,ponderings,False,0.0,False,False,False
92548dfd-40a8-4807-b759-5e244f3e6162,6,security,True,1.0,True,True,True
6993e018-49a4-45d8-b055-5348b87bfe5e,15,security,True,0.0,False,False,True
4e380110-5e8e-4220-aca6-af42918fdf11,6,security,False,0.0,True,False,False
880ba9d2-1b60-4d1b-bab1-fd919aa87887,7,security,False,0.0,True,False,True
1bb93aab-3f54-4df6-b8a4-3d3656765440,6,security,False,0.0,True,False,False
a4b885fc-eed2-4818-bb87-e1981dbbe9fb,15,security,False,0.0,False,False,False
ba4ec939-f8a4-4b9d-948f-94ab84d286ba,6,security,False,0.0,True,False,False
83c6a18a-4874-47c6-80ca-826546109c04,4,security,False,0.0,True,False,False
c77864fc-38ae-4dfc-acc2-ea275513208c,6,security,False,0.0,False,False,False
c9c3c11b-2c26-4276-b1f4-8e1e66c54a79,6,security,False,0.0,False,False,False
2863d813-c511-4bd7-9af9-222f885d555f,6,security,False,0.0,False,False,False
963ebe40-c4e0-4a24-9547-149a38357f4a,6,security,False,0.0,False,False,False
187eb7c2-4ec9-4ea4-a60f-7a27c33baadc,7,security,True,0.0,True,False,True
eadec847-254c-4802-9fe8-6f059909b10a,4,security,False,0.0,False,False,False
d5aa42cc-aafd-4ef1-921e-62be1b289973,6,security,False,0.0,True,True,False
a88240fb-1885-481a-ba8e-5c40a335baf5,7,security,False,0.0,True,False,True
d30d05ca-2d16-4916-a09c-416a582610e6,6,security,False,0.0,True,False,True
287cc1f0-be8b-4786-abb6-5b47809f3f6b,6,security,False,0.0,True,False,False
e69e1805-53d1-4105-9414-8a6ce8eee33b,15,security,False,0.0,False,True,False
d981ed73-3ff9-4fdb-b01b-a35a1f27a62a,7,security,True,0.0,True,False,True
12829274-444d-411b-928a-df4262fdf20e,6,security,False,0.0,True,False,False
58f29fae-98dd-4487-ae20-7b798dd9b4a0,4,security,False,0.0,False,False,False
fad67609-55d4-4f9a-9593-a283162ce3d8,6,security,False,0.0,False,False,False
0daf4eee-0e2f-4c55-84ad-91bbd4f225a6,15,security,True,0.0,True,False,False
01ae2264-792e-4911-968c-9666c77d8b0e,6,security,False,0.0,True,False,False
d9bd7ebc-7ecb-4ab5-a7e8-88ab87301643,4,security,False,0.0,True,False,True
39e36d1d-ae43-46b4-bde6-db8f24dcb6c7,4,security,False,0.0,False,False,False
29228742-5de7-4c30-a710-c9e61b334c64,15,security,True,0.0,True,False,False
fa16fa14-e4a4-4d2b-984b-819546aae420,6,security,False,0.0,True,False,True
d7a629ac-12b0-4c9c-aa32-02f1358462c8,6,security,False,0.0,True,False,True
6616b024-2526-4900-b74d-bbb51abbf422,4,security,False,0.0,False,False,False
8f31be89-07ef-44bd-99b3-014e0614e802,12,security,False,0.0,False,False,False
1ee1939a-12d1-4203-993f-62395204914b,12,security,False,0.0,True,False,False
01df5e3c-9a73-4e81-8ea2-8701aae7f23a,6,security,False,0.0,True,False,False
d9009803-c756-4f12-8614-f95da9982850,15,security,True,0.0,False,False,False
c9ed7164-cc69-4067-bf47-ced8e637a6df,4,security,False,0.0,False,False,False
bcffea57-64dc-446d-bc55-9c9382b457a3,6,security,True,0.2857142857142857,True,False,True
d6190b74-f4eb-4e03-af90-5f348e0ddbce,6,security,True,0.2222222222222222,True,False,False
5a5bedff-3d9d-4aeb-861d-b24a96d8dd59,6,security,False,0.0,True,False,True
1590c626-d5cd-4084-b5b9-c04254e97098,6,security,False,0.0,True,False,True
626dd68d-e4b5-4281-9fd9-684d85216839,7,security,False,0.0,False,False,False
55a3e2d2-792b-452c-b64d-03585a87f07c,4,security,False,0.0,True,False,False
3b986b84-ab70-45e4-b892-bbd06e0688d7,4,security,False,0.0,True,False,True
e9924e5d-e4db-4133-9dae-4397118627ea,6,security,True,0.8,True,False,False
5760d83c-27b5-40da-8de7-9c25112c8288,15,security,False,0.0,True,True,True
28370911-723a-41d8-b21c-18e2fd267a4b,6,security,False,0.0,True,False,True
69ef094a-9fa8-4871-af8a-ea296c2e497d,6,security,True,0.9333333333333333,True,True,True
98141444-2dae-40f4-a499-56af8110a4f5,6,security,True,0.0,True,False,True
7addcc3c-f3b8-47c0-b231-54db9dbfee1f,14,security,False,0.0,True,True,True
912034b8-80ef-4cda-aa9f-99dedbb05eb2,4,security,True,0.0,True,False,False
b5992b64-97ea-437d-826a-908aec59fd93,4,security,False,0.0,True,False,False
4f0dedb9-dc56-4b42-9095-4be4556ef8ba,6,security,True,0.0,True,False,False
d23df3df-a5e0-4a52-b366-802372caf6b3,4,security,False,0.0,False,False,False
f8dded7e-4d32-40c5-97c9-5df762ae203a,4,security,False,0.0,True,False,False
a9c9d85c-a2d6-4053-848d-4528a05d73ae,6,security,False,0.0,True,False,True
54491024-e40a-40aa-82b3-7efda5353e95,15,security,False,0.0,True,False,True
1f86f10f-2790-4a46-b6c2-5bec57d4eb8a,6,security,False,0.0,True,True,False
105b5011-c061-4df2-a099-f659f48e1914,4,security,False,0.0,True,True,True
ed5da42a-6250-42ab-8afc-9cdb71d7ee56,6,security,False,0.0,True,False,False
5e0f6e13-ef0a-4e37-8686-16d0c154345a,6,security,False,0.0,True,False,True
cffa6565-d65e-49f8-884c-99ef13251a5a,15,security,True,0.0,True,False,False
952dbbc1-1a14-49ae-9cf9-e186bcaa7329,4,security,False,0.0,True,False,False
5db84141-8461-4b7c-8eaa-5d519ea9f5a9,6,security,False,0.0,True,False,True
031a6cff-c5ec-4d3a-812b-6a6d04c2f1eb,15,security,True,0.0,False,False,True
a2a4156c-062f-4d83-8272-3948d5703818,6,security,False,0.0,True,True,True
fc118fc4-8c76-4e34-8a71-1eda68bd322a,6,security,False,0.0,True,False,False
b0e50b28-47cb-46a6-a057-75684c67b478,6,security,False,0.0,False,False,False
202bb047-f514-4f9b-990a-01242a3d1357,6,security,True,0.0,True,False,False
7d3712a5-17e6-456d-a140-25866fd96082,6,security,False,0.0,False,False,False
e88847c6-a2cb-47f3-9f69-6fc6395bd574,6,security,False,0.0,True,False,False
5d6f3229-9513-4983-8d08-b7acdafe7b98,4,security,False,0.0,False,False,False
eebe5a1f-b071-46ac-9ea4-49a5b5293984,6,security,False,0.0,True,False,False
67594c02-df5e-4ba6-8076-8670bd0d7107,6,security,True,0.25,True,False,True
7ff9a4bf-cfda-461e-9772-155e198b8aca,6,security,False,0.0,False,False,False
d3c14cf7-8894-41e4-963e-0d5ecdc95c1d,6,security,True,1.0,True,False,True
6e81cffc-acb9-49c4-a4a8-6ffec6904345,15,security,False,0.0,False,False,False
817cfc37-506f-4ce1-915f-dae9a5f81d7f,6,security,False,0.0,True,False,True
8078a3ca-212b-4b04-b186-336b3352cc75,15,security,True,0.0,True,False,False
e1e0c5f7-ff09-40c9-9c0e-0b298c073cc0,7,security,False,0.0,True,False,False
2bb0f52d-2849-4c33-bf9e-63a275297323,6,security,True,0.0,True,True,True
f604401e-9dfb-4e5c-aeee-0f0b1334cb37,4,security,False,0.0,True,True,True
09a279d9-ad15-4f7e-a84b-928911c89fd4,6,security,True,0.0,False,True,True
85958844-36d2-43ba-988d-df1368a2dfe4,6,security,True,0.0,True,False,True
16667b15-b909-4097-b087-a59b3d64afb3,4,security,False,0.0,False,False,False
1461aaad-5633-4c0f-895d-ac81545618b2,6,security,False,0.0,False,False,False
fa1da1cd-8f69-44ea-9a4d-4730453b1726,6,security,False,0.0,True,True,True
8566461a-6a05-4c3f-ae30-b9b8f9fe8e7e,6,security,False,0.0,True,False,True
889b6f5c-fe05-4ca2-a2b2-355aadc3b57b,4,security,False,0.0,True,False,False
de23697f-30dc-4615-9134-5bd9c985e0b9,15,security,True,0.0,False,False,True
5dede44e-f919-449f-88e7-9c06ad85f18c,7,security,False,0.0,True,True,True
82dcf4f0-4ffd-4b18-bc98-a2a31652ee84,6,security,False,0.0,True,False,False
cf5dbf21-1542-4974-8b4e-c5a7d0933f72,12,security,False,0.0,True,False,True
ec3c8a0a-8d2a-41db-9161-c87fc7fa9772,6,security,False,0.0,True,False,False
5eaec711-5217-4d1d-95c8-152675e6895d,15,security,True,0.0,False,False,False
b3c006eb-fe64-4b1c-916d-6dd858b888c8,4,security,False,0.0,True,True,True
8ff18d35-4f6e-415a-b644-6ab541a87320,4,security,False,0.0,True,False,False
a5af094b-4267-4bab-996a-9b74501eb5d0,6,security,False,0.0,False,False,False
162117fb-c617-400d-9239-b3e67a27619b,6,security,True,0.0,True,False,True
64489cf7-0b26-46fe-bfb3-dcea8ab61458,4,security,True,0.0,True,False,True
f969b696-c4c4-498e-bc21-222279e4f38d,4,security,False,0.0,True,False,True
c780ba81-bb56-458e-b5e9-8aca886aca0b,6,security,False,0.0,False,False,False
3fe0c647-0aac-4a9c-8fe5-91269cff8082,4,security,False,0.0,True,False,False
74745353-3b0b-4ef9-b0bc-f55833d2a87a,6,security,False,0.0,True,False,False
21233eea-5e19-4aaf-92d1-ff6e3119e654,6,security,False,0.0,True,True,False
02146941-7e9d-4169-ab96-12c99c569c45,4,security,True,0.0,False,False,True
8f51d011-a2f7-444d-9253-af9fc3c89d9b,6,security,False,0.0,True,True,True
77908186-795a-48b5-a191-6ff4c7da1275,6,security,False,0.0,True,False,True
c60f2f2b-6f24-4a09-85a2-83dc56137896,12,security,False,0.0,False,False,False
43e653d1-ff8d-4355-9955-7116c25bf627,15,security,False,0.0,True,False,False
291ccc25-40e6-4494-a0cf-c90f04956cf4,15,security,False,0.0,False,False,True
3d75256b-8f4e-416c-b9fe-8dae8848fd30,2,security,False,0.0,True,True,True
04800727-9450-4582-81fc-d5a0244ebc5d,6,security,True,0.0,True,True,False
b73a10ce-3c52-49e4-86c4-8e3074b0fa0e,6,security,False,0.0,True,False,True
ad9bda41-3c57-4c3f-b3c8-faae0db61c27,0,security,False,0.0,True,False,True
f3cfda8f-9976-4b93-961d-eccd8a7cbb61,15,security,False,0.0,False,False,False
db239244-f434-4eb0-920b-46c270e1d08e,6,security,True,0.0,True,False,True
3e8730c8-ed9a-4bee-b209-d9675fe1aadd,4,security,True,0.0,True,False,True
b3ab42eb-78f8-4c6c-826f-5db0d478ac4a,6,security,False,0.0,True,True,True
d1f25140-4635-4881-8e89-846da97008d7,12,security,False,0.0,False,False,False
1cbc9002-6d24-4a2f-9056-741e73855b4a,6,security,False,0.0,True,False,True
db8641e9-6a13-43ea-8e31-1b36aa142a06,7,security,False,0.0,True,True,True
822121ad-766d-41f8-8b5d-41b0df21ad39,15,security,True,0.0,False,False,False
4acd49b1-72a4-494a-88e4-85679bd1c2d1,6,security,False,0.0,True,False,False
76f7f84f-0726-4997-8e19-3913b5e94668,4,security,False,0.0,False,False,False
f991b217-548a-4ff8-97f2-0eb9f70f9657,6,security,False,0.0,True,False,False
4041e049-abd1-4510-ae4b-110f7efcd01e,4,security,True,0.0,True,False,True
5adc776a-e0c3-408a-8eb2-0fc1983a530e,4,security,False,0.0,True,False,True
22962184-660a-4fc1-b287-d24cd66b9468,6,security,True,0.0,False,True,True
8a33f02d-dc87-424d-b286-d736fa3091c9,4,security,False,0.0,False,False,True
0b53abf6-72d1-40e8-b5c5-bb9fa7972256,6,security,True,0.0,True,False,False
dcd06cdd-7338-474a-9d4d-0b19b8bf4cf4,6,security,False,0.0,True,False,False
caffc142-6ff3-4fff-9d3c-c466aa6ac35b,4,security,False,0.0,True,False,True
e207a201-030c-417e-a9b8-17eb466bd90c,4,security,False,0.0,True,False,True
fffeffb7-4a6b-41fc-8eb1-d5ca257888bf,6,security,False,0.0,True,False,False
347dc0f0-c0b5-443c-b507-22babdf82809,15,security,False,0.0,False,False,False
1cfcada8-977d-49af-9eb3-07456574ba91,4,security,False,0.0,False,True,True
78ba9525-2625-4ea0-be94-ca4e0aac22c8,6,security,False,0.0,True,False,False
22cee75c-eeb2-42fe-95e0-d1252701ddf8,15,security,True,0.0,False,False,False
0e8e708c-44e1-4460-9bcd-39004c2c5cfd,15,security,False,0.0,False,False,True
dd3e9778-b868-438f-9886-8d8ed76de5d5,4,security,False,0.0,False,False,False
8fccac69-cd69-4699-a83f-3a70c2a0ae0b,6,security,True,0.4,True,True,False
24ecc6d8-5017-43a9-afe9-3189ca9251a9,6,security,True,0.0,False,False,False
eab5e514-eac1-40a1-83c2-6a4ebe026bfd,4,security,False,0.0,True,False,False
d81307fc-419e-4fea-9561-cac234f9a036,7,security,False,0.0,True,False,False
4b253453-6f73-4922-ba99-cac6d33d59d6,6,security,False,0.0,False,False,False
fb51db96-852b-4be0-940b-ef18dfeba3ac,12,security,False,0.0,False,False,False
7c5a67a3-3229-4b4c-907b-339944e73163,6,security,True,0.14285714285714285,True,False,False
86c9a960-6164-42a0-bb2e-2e5ec81c5562,6,security,False,0.0,True,False,False
7d44aec3-c904-4792-9975-0e6b14e990e2,6,security,True,0.0,True,False,True
23d538bb-e771-429c-8db3-ae61c1f88aed,6,security,False,0.0,True,True,False
8f4ae55e-fcf6-481e-ade3-33c30442da19,6,security,True,0.2857142857142857,True,False,False
55a4f5ee-24d6-44ae-8832-317d1a9678e6,6,security,True,0.8571428571428571,True,True,True
67d170fc-f615-43ec-bb6d-165746b8b7dc,6,security,True,0.0,True,False,True
7309e694-2d33-4f82-8545-4eabd38fba88,6,security,True,0.5,True,False,True
578f8551-5338-41d9-abde-29b2b164a666,6,security,False,0.0,True,False,True
7790b87b-d07a-4242-8194-e0c964e6f3bf,6,security,False,0.0,False,False,False
50e2b45d-21ac-47be-8ccb-d533a669283b,15,security,False,0.0,True,True,True
074531fb-1908-44e4-a0d2-d700bbbad3b1,4,security,False,0.0,False,False,False
4aa86fc9-8f37-4b42-87e9-997dce39f2bd,6,security,True,0.0,True,True,True
8f83cde7-6f5e-49ac-bb00-33a966e3e090,7,security,False,0.0,True,True,False
f6082533-0339-472d-a2c5-0a3e3f4228e3,15,security,False,0.0,False,False,False
634a0cf8-6c20-4288-ad04-478ffcced698,4,security,False,0.0,True,False,False
80d42994-b8c8-4262-ad37-6b1c1848d2dc,6,security,False,0.0,False,False,False
49e4a822-075b-4142-ac7f-211e34634d61,4,security,False,0.0,True,False,False
16d5be7b-df87-497c-a60b-7d248b473c1e,6,security,False,0.0,False,False,True
a4afafd1-3fc0-47d8-9b0d-7e98bbedd6d3,6,security,False,0.0,False,False,True
f4cdd8c2-d9fb-4f6b-bc4a-91321331e6ec,15,security,True,0.0,True,True,False
1cf2cbce-afb1-4467-ba38-04f77eb1415a,4,security,False,0.0,True,False,False
f38f84b1-66b0-41b7-adbe-47fa52c22461,4,security,False,0.0,False,False,False
18716aa0-8cdc-4785-a082-e7d0e41df0d2,6,security,True,0.0,True,True,True
96c893d9-66cc-4745-94c5-1f670d45d9b3,15,security,False,0.0,False,False,False
f7bd0e5f-439e-47c7-8ce9-b5f581381919,4,security,False,0.0,True,False,False
d3beb970-6aad-430a-b0d1-def299936bca,12,security,False,0.0,False,False,False
bf390f0a-a3f3-46e6-ad67-2effbac2b9a3,15,security,False,0.0,False,False,True
33d971de-cfe5-4b92-8365-bc4636c0d4c0,6,security,False,0.0,False,False,False
491c6c3b-1996-459b-a3c4-f0eb2949016e,6,security,True,0.42857142857142855,True,False,True
9d469b55-eba9-438f-b91f-fa9c55ac3621,6,security,True,0.3333333333333333,True,True,False
7ba746b7-1a92-4fae-bcee-5b6c74c99acf,6,security,False,0.0,True,False,False
23cca701-bb3a-4b50-9f59-33c53c559963,6,security,True,0.11764705882352941,True,False,False
c6883a92-a805-417f-a917-493b2465d198,4,security,True,0.25,False,True,False
7b73b860-fd00-4d42-8910-5a925ed6cee8,15,security,False,0.0,True,False,True
260e1a06-0117-4f27-8099-4f85b6475d5d,15,security,False,0.0,True,False,False
6eb677ff-77c9-48ae-8d97-8b968e0055e0,4,security,False,0.0,True,False,False
152f1678-8588-4bf4-956c-7f3aa5ddab0e,6,security,False,0.0,True,False,True
09112e2b-8156-4096-bbb8-038a22ba82d6,15,security,True,0.0,False,False,False
bfdab814-5f03-44e7-9a49-6f218a86f967,4,security,False,0.0,True,False,True
f6c83ca3-e4fe-4f6b-be2a-34ff73c4b705,6,security,True,0.0,True,False,True
3a6865e7-6e21-4432-b42d-f8b2e11bff94,6,security,False,0.0,False,False,False
641f8d87-3bb4-46b2-8133-e9a4357d666e,12,security,False,0.0,False,False,False
0f8e3f36-982b-40f3-bd89-d66a72570746,4,security,False,0.0,False,False,True
2b1fd76f-9ebd-4f8d-a439-d1d1e67554a8,15,security,False,0.0,False,False,False
55f11422-2fec-42bb-a9d5-a68e8f70ecd5,12,security,False,0.0,True,False,False
61c147c4-971b-4840-b713-3c9328c8d713,11,security,False,0.0,True,True,True
4f4bffb9-17ed-435c-b118-44be099e8040,6,security,False,0.0,True,False,True
d274fc4f-f8fe-46be-870a-f2cb77b1e104,4,security,False,0.0,False,False,False
fafa0a37-5354-44a3-8bea-2a4590b361e8,4,security,False,0.0,True,False,False
0cf2f3ac-adff-47b4-b03d-d5fe44a6c34b,4,security,False,0.0,True,False,False
7ea481d9-d83a-4790-9103-33aaeb47acf2,14,security,False,0.0,False,False,False
77ed430a-8d9e-47bc-9be7-83b7e34083cf,15,security,True,0.0,True,False,False
8e7a2eac-055b-4413-accf-03e5cb4fac5d,15,security,False,0.0,True,False,False
7f347fc1-be35-4b43-a25e-98e8ed52212c,6,security,True,0.4444444444444444,True,True,False
5bd06a7b-8576-4da9-9f26-3280d487e042,7,security,False,0.0,True,True,True
cd84f561-cd55-4994-8471-d419b9a4c8af,6,security,False,0.0,True,False,True
0e4608cd-c207-49b0-a4a7-075f0b752a5d,6,security,False,0.0,True,False,False
baff78d1-c5ad-4ff7-aec9-4a59b7396e39,4,security,False,0.0,False,False,True
59d16dff-fe6d-41f6-8c47-44ac22019cc9,4,security,False,0.0,True,False,True
76fbb17b-ee43-4970-96a8-bc0c0415b749,12,security,False,0.0,False,False,False
0f0f4437-d442-4a12-a782-294fbc0a6058,4,security,False,0.0,True,False,False
b1ec4058-e959-4934-b421-c0c37edd268b,15,security,True,0.0,True,False,True
ebafca46-8a48-41de-bcf8-2ada0f21a44b,6,security,False,0.0,False,False,False
d8ec82db-abc7-4f2d-972d-84bd11cc7d32,4,security,False,0.0,True,False,False
8e518803-031e-446b-b7f5-6ddcfb7541bb,6,security,False,0.0,True,False,False
b033aa3e-89fe-4f56-acbf-ec1f99ee0ea2,4,security,True,1.0,False,True,True
a433c747-fbc5-4f34-8436-af0c791113c7,4,security,True,0.0,True,True,True
d3e2cd1b-3562-4c11-bf43-28d63884b8b4,6,security,False,0.0,True,False,False
2b1742db-3b39-431f-9433-1c5f71bf149c,4,security,True,0.0,True,False,False
6b742a39-3817-4c45-86b6-92afbf8ee484,6,security,False,0.0,True,False,True
dad22a22-d6aa-4f59-b45c-06bfe7e034f6,6,security,False,0.0,True,False,True
3d842ac8-14b5-49c2-b9a8-ea8215bb1b34,2,security,False,0.0,False,False,False
907eac9f-be3c-4262-8868-2950e697061d,4,security,False,0.0,True,False,False
b9d87e17-5518-4284-bbc2-d083fa596810,4,security,False,0.0,True,True,True
a024f241-fa9c-4532-b06c-fdd4ce089ac7,6,security,False,0.0,False,False,False
78b7ddaa-711a-4880-811c-849dca154265,6,security,False,0.0,True,False,True
a5a736af-96ca-43e0-9579-ba9953a85a38,6,security,False,0.0,True,False,True
1e593119-f4a5-46fb-8678-aa235e6484e4,4,security,False,0.0,False,False,False
e30d8751-d0d9-4d73-a83b-d028364cc84a,4,security,False,0.0,False,False,False
9c007650-ec5c-4d19-a4c0-373df98d9047,6,security,False,0.0,True,False,False
1e0a9cd0-c62e-4d68-8259-f119d0a27ac9,7,security,False,0.0,True,True,True
87b8c8ce-66e3-4447-91aa-47f5169d83e0,12,security,False,0.0,False,False,True
3ab6c6fd-cf1f-4be3-aa75-0650e98e4528,4,security,False,0.0,False,False,False
b4f6ee9a-dd1d-471f-bca9-feb16b84bb22,6,security,False,0.0,True,False,False
7b0e8bd8-327e-4444-8dd0-46dc312ac098,6,security,True,0.0,False,False,False
677844a1-43db-43ed-bf07-0e5b8471f77d,6,security,False,0.0,True,False,True
03a5fdf5-9085-4b40-86a4-6b659ccd8c49,6,security,False,0.0,True,False,False
0545fc60-c06f-4cf4-bc6b-ca2e40cd505d,4,security,True,0.0,True,False,False
379d28fc-e0f4-48b5-930f-ab9d8c6850c6,6,security,True,0.5,True,False,True
c3eb5609-fd8e-40ec-9746-6550bd9f4b50,6,security,False,0.0,True,False,False
ef80aec5-d73a-48ec-98e9-8a6d2a75489b,6,security,False,0.0,False,True,False
f1d76e35-d5b2-4ba6-a110-2f2edc05d590,4,security,False,0.0,True,True,True
510cc703-b1ef-4977-be7e-f451c3853f3f,12,security,False,0.0,True,True,True
da5b0742-a94b-44f0-8ba0-c04a26056414,6,security,True,0.7058823529411765,True,False,False
3ec4086b-0740-487c-bfa5-5c44c87f3c3d,6,security,False,0.0,True,True,True
c75b6862-b879-475f-b903-f14739be29e7,4,security,False,0.0,False,False,False
678a6f7b-b36b-4a68-ab64-932c29b45414,6,security,False,0.0,True,False,False
631f8d41-9c3f-4ed0-8700-77d1d9dec325,6,security,False,0.0,True,False,False
b910943a-6307-4414-9e73-c0acd3363579,6,security,False,0.0,True,False,True
d79fbd13-5e8f-4344-980d-b21ef415c07d,4,security,False,0.0,True,False,True
cd1cce58-d9e5-4c1d-aa6d-9164318b410e,4,security,False,0.0,True,False,False
1dbc9130-dcc1-427f-8d9b-9990b93c92ed,12,security,False,0.0,False,False,True
740cfb7e-86f8-4e66-bd7c-4b9986d4d0e3,7,security,True,0.4,False,True,True
16e1c261-eee4-4920-8212-87a453a5cf49,6,security,True,1.0,True,False,False
d1755dc2-91ec-48e1-b145-ac3f99d2c49b,15,security,False,0.0,True,False,False
63665f62-90a6-4d92-a555-fa4455539973,6,security,True,0.0,True,False,False
766bbaa7-b79a-49a2-9c3d-ce921ebadc5b,7,security,True,0.0,True,True,True
48a803ff-92d4-480e-aee3-7565eccae503,6,security,True,0.0,True,True,True
c7e4ae0f-6406-4ead-aff7-6141151f6f4d,6,security,False,0.0,True,True,True
eefeaa60-8031-4a45-9735-d2f2caa070c6,15,security,False,0.0,True,False,False
21af3012-ee90-4e6b-ac7e-fdf87e441d50,15,security,False,0.0,True,False,False
65e05594-123b-493c-be16-496690c7273d,4,security,False,0.0,True,False,False
51a3a31f-b1e8-4084-a704-05d6924e62ff,6,security,True,0.4,True,False,True
a7ecd435-77e5-432c-9ff4-f0fbf0a0e57c,12,security,False,0.0,True,False,True
f06e8593-0214-46ed-aab7-009d6eb96eb0,4,security,False,0.0,True,False,False
74c2ce8c-456d-4603-ab24-c3c4c30776df,6,security,False,0.0,True,False,False
b5f8eee2-410c-4a98-8930-e66d22a1866a,6,security,True,0.0,False,True,True
a7699aa6-76fd-4d79-b342-52a8db129e89,6,security,False,0.0,True,False,True
f536b58f-a3ee-4b71-981a-5384539fab41,12,security,False,0.0,False,False,False
8c112896-8eeb-47bc-a68f-b394e887a460,6,security,True,0.0,True,False,True
8efaf66a-dd04-4cb1-adb4-c20995540573,12,security,False,0.0,False,False,False
b399415e-cc49-48a9-835f-393cf8587dde,4,security,False,0.0,True,False,False
a8d0af92-658d-4408-b08c-23d31ac7510c,4,security,False,0.0,True,False,True
088aeafe-1cfe-49be-9efa-6e1f4f192c33,6,security,False,0.0,True,False,True
26c2f6cb-57f1-4b56-9503-46e7a0bd9084,4,security,True,0.0,False,True,False
20ad9c46-5b9c-432c-9b10-d37c5402b6f8,14,security,True,0.6666666666666666,True,False,True
aea35742-9997-4b88-8d5a-6c3fea49d2dd,6,security,True,0.8,False,False,True
842ad155-939a-44bb-acea-13d25d0487b4,6,security,True,0.0,True,True,True
086cb99f-0d1a-4fa0-958f-5aa02a3a7f5b,12,security,False,0.0,True,True,False
11d2aa0f-a300-4bab-b72e-be3b31451711,12,security,False,0.0,False,False,False
da0a4b5b-2889-4026-b060-cadb32a5e237,6,security,True,0.2222222222222222,True,True,True
f54588c1-4200-4b23-9d8e-03abc7bbc96c,6,security,False,0.0,False,False,False
c63667ca-d6ca-4638-a517-4624d8d0f4b3,6,security,True,0.9333333333333333,True,False,True
1c20d8f5-4871-44d6-bad7-8d4557941410,15,security,False,0.0,False,False,False
b5c2ff33-2574-4906-905b-e9dce8756d43,4,security,False,0.0,True,False,False
f8b72d8a-928e-4c9c-a97b-bf41af425e1f,4,security,False,0.0,True,False,True
bad15acf-a9ba-4de6-a648-aa90fe6bfb22,6,security,False,0.0,False,False,False
3295ef35-7d17-4c24-b758-e6fb40bddb6a,12,security,False,0.0,False,False,False
0a025ebe-737d-4fb0-9f25-b9892278c024,4,security,False,0.0,True,False,False
7b8aad8a-c32c-4895-91ff-251a35938404,4,security,False,0.0,False,False,False
c7af4a75-43d0-428c-b237-1c9eb94d12d9,4,security,False,0.0,True,False,False
6e818808-a75e-4986-8e61-cda2e619a337,6,security,True,0.0,True,False,True
82d0287f-5d8a-4ad5-9ef7-081863a98c31,6,security,True,0.36363636363636365,True,True,True
1c864e51-0856-490b-860c-cea50193acc0,15,security,False,0.0,True,False,False
f064c5df-c18a-4eee-a67f-14cffbd08947,15,security,True,0.0,True,False,False
000a81de-2ecb-44ec-a513-8a3871fe8ded,6,security,False,0.0,True,False,True
2cde2470-ac78-4522-834e-30200aac4c5e,6,security,True,0.6,True,False,False
2eb4a4d8-38b3-4038-a899-3fce3c24250a,6,security,True,0.0,True,False,True
d6a643ab-7e5f-40c4-817d-4542ecd18bdf,6,security,False,0.0,True,False,False
6d7df63e-cecc-4a3d-a798-963e5d0d5b8c,4,security,False,0.0,False,False,False
dd453904-9bfe-4015-8c0d-bb09634457d6,6,security,True,0.0,True,True,True
acf83904-1d7e-4483-8b7c-55dcb5ccec82,15,security,False,0.0,True,True,False
4916a9d2-7f3c-4765-8c9c-ae4fda37edaa,4,security,False,0.0,True,False,False
a78c5c29-77e9-4ef5-8af9-2775d906c462,4,technology,True,0.0,False,False,False
91785f70-ca23-410a-96e6-3ba3fbf3d8f7,3,technology,False,0.0,False,False,True
87a89b11-0025-4207-b77b-d011fec0a6b8,0,technology,True,0.0,False,False,True
3f3e2b4c-8e8a-4f76-8105-ba1dcb731064,4,technology,False,0.0,True,False,True
3b3b5d79-4af3-4044-b976-7fc50b048f78,6,technology,False,0.0,True,False,False
eafc5f8e-9707-48b4-a210-19160ff7652e,14,technology,False,0.0,True,False,True
aa60cf0f-3bd1-42fd-a613-741e4a515ec2,4,technology,False,0.0,True,False,False
4b21d164-42ba-4f76-b98e-c20951af3ef2,14,technology,False,0.0,True,False,False
a59b407a-2a46-4b4a-a432-1cf1da03f296,4,technology,False,0.0,True,False,False
01773eee-9c8f-4e78-a23e-8070f55acbe2,4,technology,False,0.0,False,False,False
a5e8d324-3e15-4673-9e93-dff2a2c46adc,14,technology,False,0.0,True,False,False
501f9ad9-2341-4e82-a161-859a7a1908f5,4,technology,False,0.0,True,False,True
5f631ceb-33ff-4cd2-b326-820324427084,14,technology,False,0.0,False,False,False
b92d406b-da2c-4d40-be60-08606f342f9e,4,technology,False,0.0,True,True,True
ba9c4a70-5fb6-4a83-ae13-c576b82a66d2,6,technology,True,1.0,True,False,False
121b7226-e5a1-43a7-bb3c-bd93d32c6350,4,technology,False,0.0,True,True,True
e51abf17-b56d-4865-be5c-2a58d99eb9ab,6,technology,False,0.0,True,False,False
b1078661-3897-41c4-bebb-1cce1d0245f9,4,technology,True,1.0,True,False,True
aff2b72c-7b89-458f-99dd-a1aad4b72dc5,14,technology,False,0.0,True,False,True
19955584-6254-4f3c-b2a2-144ec7609d8b,6,technology,False,0.0,True,False,False
d27f3583-41bf-4daf-9283-2cd9b10ab12a,4,technology,False,0.0,False,True,True
9e1c7f06-6836-4966-a66f-12fcb8a4e07f,6,technology,False,0.0,False,False,True
534ef30f-1543-4dff-8bb6-ee910c20d1c2,14,technology,False,0.0,True,False,False
d6f62537-6751-4f16-bf18-f41031bd56d3,14,technology,False,0.0,False,False,False
584e8158-ece0-49b7-94e8-3c6680788f91,14,technology,False,0.0,True,False,True
0dd55ef5-9ed9-4f2d-8d97-3e8724d44a01,4,technology,False,0.0,True,False,True
1709ed5a-ff7f-48de-8056-4a1ef7f111a0,14,technology,False,0.0,True,True,True
624dafab-0454-4d53-96e5-ababea56951d,4,technology,False,0.0,True,False,False
5362d964-332d-4a73-9a09-4536ea4c4648,4,technology,True,0.4444444444444444,True,True,True
000ae2d2-432a-4d4a-ab46-9ae5b6856c9b,4,technology,False,0.0,True,True,True
6a2c8734-cd29-4d4e-8a1d-e1d0a1b3a5be,14,technology,True,0.0,True,False,True
fbeb49c9-9e2a-41d6-962c-cfe30e38668c,14,technology,False,0.0,False,False,False
29337162-ce5c-4e25-8c18-68b06282cb57,4,technology,False,0.0,True,True,True
4908369b-9a96-4952-9d9f-1a79a9fe5dd2,4,technology,False,0.0,False,False,False
017bdf50-b091-4e82-8681-ed8542ea8f24,14,technology,False,0.0,True,True,True
4789e093-dc17-4828-b67b-d2a824ddb9b8,4,technology,False,0.0,False,False,False
04c980bc-eed0-4818-a2c2-56570d9c5a9b,4,technology,False,0.0,True,False,False
5a154931-bc2f-4493-8b59-78e03ce16c5d,3,technology,False,0.0,False,False,False
c25ff979-c8a5-46bc-b334-050ec735e771,4,technology,False,0.0,False,False,False
66041489-aa13-4b29-8162-8d48220cf5c9,14,technology,False,0.0,True,False,True
55412032-6cd0-4256-9d07-95baf384581c,4,technology,False,0.0,False,False,False
a718b8d9-c8dc-40ca-8010-6348b5c1f5cd,4,technology,False,0.0,True,False,True
8d7d9f04-92b9-48b2-9d1d-89f237077b1b,7,technology,False,0.0,True,False,True
4a220983-ac3d-4055-9948-13311c17367d,4,technology,False,0.0,True,False,False
391f7ae2-0756-47f7-966c-d8745eb7d69d,6,technology,False,0.0,True,False,False
e0b3787a-6cd9-42fe-bbb8-eb48fd76747b,4,technology,False,0.0,True,False,False
7875556f-84d1-450f-8239-7d9572d6a81e,4,technology,False,0.0,False,False,False
5d66ab1c-9a82-400a-82c4-a69a393d37d2,4,technology,False,0.0,True,False,True
963c0c9f-a679-40cd-a4a0-fd70ca5dccff,14,technology,True,0.0,True,True,False
9f2dfdbd-96e8-4017-8753-8e21e50c5433,4,technology,False,0.0,True,False,True
6b2ea063-0059-41ca-a605-5262ab9fa5ea,4,technology,False,0.0,True,False,False
214820ce-6f6f-4b0a-bddb-62c6b63059ad,14,technology,False,0.0,False,True,False
86d72d9b-ab93-4019-8be2-5372f7287e8d,14,technology,True,1.0,True,True,True
2d3722bf-d6fa-4c56-8a68-b54f62f7216a,14,technology,True,1.0,True,False,False
b1789aac-e07e-4894-8ba6-9a6f66c87683,4,technology,False,0.0,True,False,False
09b76f85-b603-42e4-a3b5-abb95c6f3f7e,6,technology,True,0.0,True,False,False
86079f02-e762-41cc-9206-55b19167b3ca,4,technology,False,0.0,True,False,False
163d90b5-64c9-42e5-9af0-facc1aaf89e7,4,technology,False,0.0,True,False,False
45f626ed-3749-4f8e-8fa9-2ea662a8a9cf,7,technology,True,1.0,True,True,True
be1cdafc-ced8-4c1a-a349-356909a7c626,4,technology,False,0.0,True,False,True
82f21492-4b40-4b60-acf1-fc632b273000,4,technology,False,0.0,True,False,True
94c3da23-a9db-43b7-bbb0-6817cb0f09c7,6,technology,False,0.0,True,False,True
e9c364ba-af3b-40c5-9afa-1ea6ac98f391,4,technology,False,0.0,True,False,False
2b1fb215-a5bc-44dd-9c05-174263504f11,14,technology,False,0.0,False,False,True
6c9ea400-6e90-42a6-a5d1-5d9724fbb21f,4,technology,False,0.0,True,True,True
e1322905-e30c-4f54-8484-4c9ae2383411,14,technology,False,0.0,True,False,False
0a87e222-94f3-44f4-a83b-9ce5842d9075,14,technology,False,0.0,False,False,False
64ba0ef3-af43-4590-b012-ffb010141bcc,6,technology,False,0.0,True,False,True
7d56d668-49b2-4944-9cdd-1631f0fba64f,0,technology,False,0.0,True,False,False
3fb6708e-9267-40fe-a14f-da9316c3699c,3,technology,False,0.0,False,False,False
c0627a11-7d13-4d3a-9306-610c2014dec4,4,technology,False,0.0,False,False,False
2b00ccb8-e8fe-4866-87a5-824edaf1d22b,6,technology,False,0.0,False,False,False
e1a6b1f5-d810-4f2a-b2c0-f1f1a2faefcd,14,technology,False,0.0,True,False,False
4595b236-1212-4d37-8285-2d13b1ba5254,14,technology,False,0.0,True,False,False
8588f2a5-2184-42df-a1c5-c321400850b1,4,technology,True,0.0,True,False,True
2065314e-bc64-45d0-8c76-b75a02d9b9dd,4,technology,False,0.0,False,True,False
f1a037b6-2eac-4df8-a16b-1894b95b025d,4,technology,False,0.0,True,False,False
86089120-1d85-4f83-8268-b86b43c6b3dd,4,technology,False,0.0,False,False,False
1e4f2288-338f-4d5b-a0a7-b883c73b2d4f,14,technology,False,0.0,True,False,True
891582db-c753-431d-92ac-c8f44c6c8933,4,technology,False,0.0,True,False,False
3f27fb49-c846-4d9b-ba49-c5e5f87f0ada,4,technology,True,0.16666666666666666,True,False,False
5453643e-ce4d-4728-9850-293fb67464bb,4,technology,False,0.0,False,False,False
c67d6100-60b5-45f6-9011-6f5ca033fe71,6,technology,False,0.0,True,False,False
51533c9e-9a03-4595-98eb-791be6ddadaa,4,technology,False,0.0,True,False,False
f0bb0b11-f2af-47a1-abd3-515bd3033006,6,technology,False,0.0,True,False,False
a65d0803-a04d-444d-bdc7-e625e7eba423,4,technology,False,0.0,False,False,False
6a572908-9bfd-4d9c-8bf4-01fecbf35a18,4,technology,False,0.0,False,False,False
23f82b86-8660-415c-abb5-4bfe47e58f4f,4,technology,True,0.0,False,False,True
7d34e751-f963-40d1-813b-93d317615c00,14,technology,True,0.0,False,False,True
1f410a50-48bb-4e1d-ba10-e7e3222c6260,4,technology,False,0.0,False,False,True
abd22f66-aca7-40c4-b6b4-ca46584f95cf,14,technology,True,0.0,True,False,False
5ccab35d-ae20-48dd-bcad-3896af9ab8e4,4,technology,False,0.0,True,True,True
305fa3ce-0d3e-424e-8517-4cb08576c371,4,technology,False,0.0,True,False,True
002f098f-ca28-4ba6-ba29-605340dc08b6,14,technology,False,0.0,True,True,True
f281d540-30fb-4cf2-8872-5e7498e08310,4,technology,False,0.0,True,False,False
4466b9c8-9709-4a0b-9cca-6b1d470849eb,6,technology,False,0.0,True,False,True
5cdb7fd2-3aab-438c-b535-b3e6459b70c8,4,technology,False,0.0,True,False,False
72eb4e54-1533-4701-90ae-577e386700d4,4,technology,False,0.0,False,False,False
ad4917ae-3327-4f84-b2ec-64285ed0270d,4,technology,False,0.0,True,False,False
fd2cb735-c35d-4207-83de-5e54c0657434,14,technology,False,0.0,True,True,True
2d3434f6-dc22-4640-bd0d-2699c8f2f567,4,technology,True,0.0,False,False,False
ef9a22b6-5236-4378-baf1-af8e5ad6fe5a,2,technology,False,0.0,False,False,False
4e1b4a16-54b6-4470-ac71-8117e683ec48,14,technology,False,0.0,True,True,True
d3c386ea-5e63-496b-8606-9b36346d4eb1,4,technology,False,0.0,True,True,False
86afea98-6d14-45dd-b844-26898cfe436a,14,technology,False,0.0,True,False,False
6de081a3-4da7-4a55-9dfa-141f69d35fad,7,technology,True,1.0,True,False,False
35336bd2-05d3-4834-8282-1c812d9f00ad,4,technology,True,0.8,True,False,False
da824f60-09db-46be-bbe5-bcaba28aafdf,7,technology,True,1.0,True,True,True
3520de08-36d5-4b6f-8a96-8e47ed19f537,4,technology,False,0.0,True,False,False
e1e6ee8d-b60d-4e01-9df7-ad8ab1d63d1e,6,technology,True,1.0,True,True,False
9cab8165-6591-4356-badb-4a7986279df9,6,technology,False,0.0,True,False,False
3fe7f9ec-fdba-4c88-aab1-fc933db834af,7,technology,True,1.0,True,False,True
1038935a-683a-4b51-bef6-b426a9494df0,4,technology,False,0.0,False,False,False
370ce194-9f1b-4e9c-bec0-4827b0769609,7,technology,False,0.0,True,True,True
4e477082-c296-4589-8909-3109c646e8c4,4,technology,False,0.0,False,False,False
03a51e27-1987-4b46-8813-20e7cf7f8fa3,4,technology,False,0.0,True,False,False
86432ba1-491e-4421-93fb-da15d6fa69f6,2,technology,False,0.0,True,True,True
12fe08bc-ea03-4d34-9928-24a1fcb56572,4,technology,False,0.0,True,False,True
8b46435a-8624-4e9d-8c57-c6d79ed7933b,7,technology,False,0.0,True,True,True
fe2d6ac4-9a18-4973-b102-1f4f24ee8ddc,4,technology,False,0.0,True,True,True
046c5ef9-f389-4433-9e69-6b6859f191d0,14,technology,False,0.0,True,False,False
4c09a885-0cc8-413c-99e3-f34b40ef8c41,14,technology,False,0.0,True,False,False
12162772-397e-4d1d-b09c-01afc2564e8b,4,technology,False,0.0,False,False,False
efd1a1b2-97c2-4670-aa05-cdb994dd267a,4,technology,False,0.0,False,True,False
565a82e9-29cd-4847-9e47-8699a2b445ff,14,technology,False,0.0,True,True,False
249aada9-9b41-4609-923a-701aa335189f,14,technology,True,1.0,True,False,True
b7b281a5-6af8-4bb3-8ef1-d1ca1d8b156b,6,technology,True,0.6,True,True,False
bfb4ec9d-c721-422f-aa99-a1a1f9b92f1c,4,technology,True,1.0,True,True,True
906f91fc-f539-47f1-954c-90e95503de13,4,technology,False,0.0,True,False,False
f247c71d-195d-40e4-b8bd-40434107f5a8,14,technology,False,0.0,False,False,False
664d9115-1f0a-4f22-b703-851905af89e4,4,technology,True,0.0,False,False,False
4467d4ab-edda-4f55-ae96-c4fb213f135b,14,technology,True,0.0,True,True,False
3e2c586f-43cb-4930-b340-32e3a8680f35,2,technology,True,0.4,True,True,True
cbe6521b-6254-48ec-8bdb-eeab3feef9ab,14,technology,False,0.0,True,False,True
b29149ea-fe16-4868-bb14-509714117fd5,14,technology,True,1.0,True,True,True
e8ac1fab-d955-4d52-b8e9-98622fd3c626,14,technology,True,1.0,True,False,False
b698d65c-ab68-4d3e-a64f-f4dd88eb5cf5,4,technology,False,0.0,True,True,True
9c2a7688-ee71-4e1a-8677-59a3a85b8e84,14,technology,False,0.0,True,False,True
d1c235a9-5a0f-497b-8897-b95736da62fa,6,technology,False,0.0,True,False,False
96e71657-fe6a-4900-abb7-981ec05a4323,14,technology,False,0.0,True,False,False
ab1c5a03-4bcb-40b9-b6b3-cc3e19a2fbcb,4,technology,True,0.0,True,True,True
a7a2aca9-5cff-42a5-90e4-3ae0c353290f,14,technology,False,0.0,True,False,False
7435a534-c3d3-4c8b-8a82-561741703a61,14,technology,False,0.0,True,True,True
637a9d68-40b5-4401-93f2-6d9af706716c,14,technology,False,0.0,False,False,False
fb289247-14bb-4544-9683-9970e142763c,14,technology,True,0.9411764705882353,True,False,True
b2b77405-e6d3-43fc-ad01-e6ac2f7c8e18,6,technology,False,0.0,True,False,True
625381de-16dd-4809-ab78-f608cbdf9138,14,technology,False,0.0,True,True,True
d08a491c-b845-4f7c-9892-3b46db439b40,14,technology,False,0.0,False,False,True
5777464c-54ed-48d6-9350-586c387e7d81,3,technology,False,0.0,True,True,True
43f59045-1076-4187-aac8-bdf259aec1fc,6,technology,False,0.10526315789473684,True,True,False
8a622249-87b5-409c-8237-bcd41210d06a,6,technology,False,0.0,True,False,True
2c9762cf-1f15-4539-a1cd-0db8acacdb48,4,technology,False,0.0,True,False,False
f9ce64c9-79f5-4861-a45c-131dba4c0aa7,4,technology,False,0.0,True,True,False
adff2882-b698-48b9-912f-f2790867090b,4,technology,True,1.0,True,True,True
28d1a048-51db-42c1-88e7-0a0cf6dc5b35,14,technology,True,0.0,False,True,True
22e85634-1283-4b37-8d44-b48c35670d37,4,technology,True,0.0,True,True,True
8a59bc37-30c0-48e1-9a88-5843ee46260d,4,technology,False,0.0,True,False,True
5990b4f3-ac21-4b68-9061-1283c2765e4e,14,technology,False,0.0,False,False,False
43571a5b-1cc0-4b1e-96fb-32eb3f2e2b34,6,technology,False,0.0,True,False,False
8805a775-2c36-4c9d-9c90-d86f0aee6445,14,technology,True,0.0,False,False,False
bd8397e3-d3c3-4749-9c65-6b6f4f5fd81a,14,technology,False,0.0,True,False,True
831bd27a-2efd-4de5-a8a4-c9f3c9255198,4,technology,True,0.0,False,False,False
8abc32b1-e2d3-476c-954e-d72eb3350a2b,6,technology,False,0.0,True,False,False
4615f90d-77e3-4d48-929e-a7badcdb2790,6,technology,False,0.0,True,False,False
c0e9e70d-9c22-4c0f-85e8-9600305b7418,14,technology,False,0.0,False,False,False
39154cd2-940b-4042-b19c-c6867a85b6f0,6,technology,False,0.0,True,True,True
c0cad714-ac8e-4f2a-a91e-68462f7a50c8,4,technology,False,0.0,True,False,False
ea20763e-dc2d-4154-af5c-5a478eaf08f0,4,technology,False,0.0,True,True,False
706a5593-d79b-4d6b-a2ea-0eb4955805aa,4,technology,False,0.0,False,False,False
f6058ff2-acdb-41f4-ab04-b217b29ddcda,6,technology,False,0.0,True,False,True
1ebb5007-b8f1-40fe-bb30-553753ecf575,6,technology,False,0.0,True,True,True
86f8e874-4600-4f34-8218-8894f4ca706d,6,technology,False,0.0,True,False,False
6038462e-460d-4023-8e9a-b3e53dccf8e2,14,technology,False,0.0,True,False,False
13c0e01b-ee5e-46db-9dc9-24a90e11203d,14,technology,False,0.0,True,False,False
e84e173c-2b90-43a3-a3f3-58a59d63bd8a,0,technology,False,0.0,True,False,False
66e330a6-2995-4154-a621-9140123eb387,4,technology,True,0.0,True,False,False
a2334d8e-8891-403c-9fe8-fbd9a29dbef7,14,technology,True,0.0,True,True,True
2b6c3562-29fd-4889-b3ff-dfcca3a5386d,14,technology,False,0.0,True,False,False
e63f6cbc-8b3d-47b0-a878-feb73205da51,6,technology,False,0.0,False,False,False
cb048313-8a3a-4b55-a648-f471322b18a3,4,technology,True,1.0,False,False,False
2331f15e-4a88-4b16-915d-97017d509d2b,4,technology,False,0.0,True,False,True
5b3d075d-5731-46f5-b8a2-d79c45101a95,4,technology,False,0.0,True,False,False
11617cef-11e2-4ad9-a4c7-0a8494abd588,4,technology,False,0.0,True,False,False
1377adfa-5142-43a0-984b-f9379004ed2f,7,technology,False,0.0,True,False,False
f39579b0-bc1b-4e6c-a5ac-cb8a67a1a02c,4,technology,False,0.0,True,False,False
4931582d-dbaa-4055-b1da-131915172824,4,technology,False,0.0,True,False,False
61a13eb1-34a5-49ae-bb11-be23504b72e0,14,technology,True,0.6666666666666666,True,False,True
94f07e43-b59c-4c5a-9655-44db331d2303,14,technology,False,0.0,False,False,False
852105d9-cfbf-47b7-ba50-0dc57f7a1224,7,technology,True,1.0,True,False,True
7f77c95e-0a60-43c9-baaf-588ebb3f64d0,4,technology,False,0.0,True,False,False
b1c77047-49f9-4080-913e-5d4afa1a3950,0,technology,True,0.0,True,False,False
91f9f9af-f62b-4f45-94d4-0b13c121400c,4,technology,False,0.0,True,False,False
7e807126-c3da-4383-859a-22f3837ba75c,6,technology,False,0.0,True,True,True
c09668b5-6c61-4125-b778-ea7f6f4dc821,4,technology,True,0.0,True,True,True
5d27a1ab-c0b7-426c-95b7-eb2d03fe00d2,14,technology,False,0.0,True,True,True
23a595e0-6f6c-4328-9a4b-5555b7f98268,4,technology,False,0.0,True,False,False
cc77463a-2dfd-41cd-9459-89ec4a54ace7,3,technology,False,0.0,False,False,False
93d8fb1e-025c-42b2-b696-4d1651fc31bf,14,technology,True,0.8666666666666667,True,False,True
ff49261c-1a19-498d-9728-21166a83a57a,4,technology,True,0.6666666666666666,True,False,False
afb87f5a-3a4b-4375-b92b-151bd7169564,4,technology,False,0.0,True,False,True
c4f43d2f-80f1-4444-ab22-3123ade79b6d,6,technology,False,0.0,True,False,False
bffe3260-622d-4a3f-b6a5-c94f268b15dc,14,technology,False,0.0,True,False,False
7e8b1d5d-c13d-4302-9d29-5fcaeb9755c3,4,technology,False,0.0,False,False,False
d8284366-eb36-418d-bd99-0658766c6593,3,technology,False,0.0,True,False,False
30320d7e-7ebc-4c27-bef9-5120555abc74,14,technology,True,0.6666666666666666,False,True,True
434b3577-bc21-49b1-bd18-012c90273066,14,technology,False,0.0,True,False,False
4f65bb8b-7216-47cc-a8b5-57ab4e544915,6,technology,False,0.0,True,False,False
28114cbc-a421-437f-9a15-08ece2d043ff,14,technology,False,0.0,True,False,True
dd624663-3621-4e4a-bfd0-4d46d7b08b46,4,technology,False,0.0,True,True,True
cbe7cfa1-5c9a-46c3-8a7d-248fb65f40f4,6,technology,False,0.0,True,False,True
71c92d37-7f3d-4378-b4ce-36cfe9d245bc,0,technology,False,0.0,False,False,False
4a2577eb-93c6-46c2-b95e-ec185cad0ec6,14,technology,False,0.0,False,False,False
10675262-f6dd-400c-9a21-70ce4417e93d,0,technology,False,0.0,True,True,True
0a728c92-9a91-4b29-9668-6e3bd62bc821,14,technology,True,0.0,False,False,True
f5f202cd-18ea-44f7-b876-ca67696e0f9b,4,technology,True,1.0,True,True,True
45c21ee8-5395-4b76-83ca-ebbf3da9ec62,6,technology,False,0.0,True,False,True
7dc323ff-3ad4-46d3-a7b0-9f81dbb71859,4,technology,False,0.0,False,False,False
3448b3e1-3d60-40b4-a450-84e9cbf1dbba,4,technology,False,0.0,False,False,False
967dcdd1-8827-4228-8904-c0bafe7cb62c,4,technology,False,0.0,False,False,True
0ba14f64-80ca-4659-b075-724ee6b17901,6,technology,False,0.0,False,False,False
585ccfc0-2b81-4ae1-a2b0-9863524f227c,4,technology,True,0.9230769230769231,True,True,True
23191aad-6617-48c1-89b9-062843731cd3,4,technology,False,0.0,True,False,False
27288dd8-7ce2-45a1-a04f-6793c03e251d,4,technology,False,0.0,False,False,False
37cf8227-7816-47ad-8d45-7a549c7aa0aa,4,technology,True,0.0,True,False,True
38b02593-4f64-4c7e-a089-55e2883349f9,4,technology,False,0.0,True,True,True
b8c6df0b-be4a-4aa9-bd70-3192fb2357f9,7,technology,False,0.0,True,True,True
8977fcc4-983f-4200-9260-955d8c944380,4,technology,False,0.0,True,False,False
d4838d19-3cca-4613-b156-eaab0d627328,4,technology,False,0.0,True,False,False
2ec18681-a57f-4fd9-8cc6-45da08315063,6,technology,False,0.0,False,False,False
dd99ef5d-1ccc-4f2d-b1d1-321c57afb90e,4,technology,False,0.0,False,False,True
ff5e0d09-c3ca-4791-a1ca-1ab84e371da8,4,technology,True,0.5714285714285714,True,False,True
9f9ddcd3-e04d-46a4-be07-e42cb85899ea,4,technology,False,0.0,True,False,False
55b63676-b7e4-46b9-bdd1-9006493f6787,14,technology,True,0.0,False,False,False
ac961cdd-e62d-4f41-a980-54c72a3c0bb7,14,technology,False,0.0,False,False,False
5ab96aff-aede-4e83-83a0-4f2208181a29,4,technology,True,0.0,True,False,True
c67c747c-ea22-439f-b78e-6d59652d9790,14,technology,False,0.0,False,True,False
a469425f-990b-4d77-8171-c7c4570f431c,14,technology,False,0.0,False,False,False
80d1dcec-5611-43f1-99bf-cdfb8733342d,6,technology,False,0.0,True,False,False
a9a8a43f-fa69-46fd-86fe-480228d2e182,7,technology,True,1.0,False,True,True
c0f05e3e-0900-4317-8626-5fa67be64193,4,technology,False,0.0,True,False,False
86569936-cb25-46e6-8bff-e64953abb82d,4,technology,False,0.0,True,False,False
aeff8292-8f31-472c-ade5-2fe1a7818be3,3,technology,False,0.0,False,False,False
0296811e-c5dd-4377-9a6d-900605dcec20,14,technology,True,1.0,True,True,True
58cfbcbd-0cdf-4abb-a3ac-0e00a1380af2,14,technology,False,0.0,True,False,False
622bbe65-109a-441e-b604-3dcb1f3355e6,4,technology,False,0.0,True,False,False
9dbd6cd3-9e93-4135-8210-064fbcf1e833,4,technology,True,0.19047619047619047,True,False,True
fcf270cf-ad6a-4448-b07c-a0f444430dd9,14,technology,False,0.0,False,False,False
76c0c607-52d5-4606-84b6-00a893d03767,14,technology,True,0.6,True,True,True
57179942-89da-41e8-b407-117c21e089aa,4,technology,False,0.0,True,False,False
84e9e376-d720-48a4-b385-ae7df4719531,4,technology,False,0.0,True,False,False
381d81ed-bead-4e00-8290-052cbd83d319,4,technology,False,0.0,True,False,True
f88fd796-2899-4848-9367-483600e5206d,4,technology,False,0.0,True,False,False
ad2c4912-f2e6-477f-8d36-0d3c35670498,14,technology,False,0.0,True,True,True
09bd87ee-2ab0-4c27-8e9a-b54065b8eb08,4,technology,True,0.25,True,True,True
ddaeaee0-35c6-4ca7-b114-e32dc2ae97ba,4,technology,True,0.8571428571428571,False,False,True
795e5ff7-6a89-456d-b1b4-a286f9019a9b,14,technology,False,0.0,False,False,False
38019df6-8afe-456f-b71a-97ffaa5ff44f,6,technology,True,0.0,True,False,False
f79735d2-b389-4570-bc9a-b47a1e6cf253,0,technology,False,0.0,True,False,False
8b66cd7d-b46c-41da-812d-082745f342e8,4,technology,False,0.0,True,False,False
fdb3e55c-51ab-4097-9a2a-866c32e62b43,6,technology,False,0.0,True,False,False
7d491389-b4b5-463c-a988-c73a9c7e1bea,6,technology,False,0.0,True,False,True
4865a558-5a49-45ab-a044-87a8fc24a6ab,4,technology,False,0.0,True,False,False
fc3ebc30-3cc3-4f19-840b-491d222d9b74,7,technology,False,0.0,True,False,True
32e30e27-50fb-4b4a-908c-a8604692c08c,6,technology,False,0.0,False,False,True
60f0d202-720c-44a0-b40d-d466aaf04984,6,technology,False,0.0,True,False,True
8ba811a1-18d9-4fcf-8be8-4322c608dc5f,4,technology,False,0.0,True,False,False
ea941b60-3ffc-4a70-882b-7f1e19c9d338,14,technology,False,0.0,True,False,True
8767faa3-2cc8-4516-853d-d23ba60f0dfe,6,technology,True,1.0,True,False,False
742ee9c1-b5f3-4fa8-a5fc-9e55d5410717,14,technology,False,0.0,False,False,False
3d648a63-444d-4561-811d-be1ae5815320,6,technology,False,0.0,False,False,False
a3e64919-b185-431e-a2e4-fb142cb11ad4,4,technology,False,0.0,True,True,True
0a364d23-cded-4cfa-85fb-34707560c04c,6,technology,False,0.0,True,False,False
c12f4e60-464b-4e08-ba1f-f154240bcf7c,7,technology,False,0.0,True,False,True
c17dac0d-fef4-454e-bfcc-6361f77606ed,6,technology,False,0.0,False,False,False
8e2a32e4-85b9-44d6-948f-3076afdc172c,6,technology,False,0.0,False,False,False
ebdad216-d287-48fe-ba19-e639ad4ebd07,7,technology,False,0.0,True,True,True
aa38ee16-c97b-4d2e-b004-32142eed7101,6,technology,False,0.0,True,False,True
82b81ffa-2b3d-4904-9b6f-2d68d248f512,4,technology,False,0.0,True,False,True
bf431514-524a-4b32-9434-17846eed6466,4,technology,False,0.0,True,True,True
321596ab-1d51-401e-9e74-ae264ead5099,4,technology,False,0.0,False,False,False
25bfed12-8f80-47b5-ae11-ba95736d8c3c,14,technology,True,1.0,False,True,True
1c564343-d606-4cde-9702-f45e1b9d51d9,6,technology,False,0.0,True,False,False
b945aa67-49d0-4edf-a8de-5fdc39f9b123,0,technology,False,0.0,False,False,False
53e3fb4d-a98e-4e82-8745-28ea23bd5340,6,technology,False,0.0,True,False,True
87925d5d-f348-4699-974c-fae0b0d72fcf,0,technology,False,0.0,True,False,True
6016e902-32c2-473e-ae64-595ae26fce68,4,technology,False,0.0,True,True,True
b558bebb-4888-4e05-86af-e5ee0a569b51,4,technology,False,0.0,True,True,True
499d35c9-d2e7-4d85-84f1-89ce8a5f803b,14,technology,False,0.0,True,False,True
5edc2b4a-2917-4d3e-b8fa-85647a048b3e,4,technology,False,0.0,False,False,True
4f9d3deb-9eaf-435d-b50e-4ae7e429a64c,14,technology,False,0.0,False,False,False
e9cd156f-eee9-4bda-aa67-641903ba77c6,4,technology,False,0.0,True,True,True
34d8cda9-52d8-40cc-891f-647e1e2f2646,14,technology,False,0.0,False,False,True
0ea193c8-4468-420d-868a-5cae0ccc4e53,6,technology,False,0.0,True,False,False
5fea7df9-deb6-4094-a27c-f4180bc79fe8,7,technology,False,0.0,True,False,True
5eac5cf7-a93f-4186-bd06-c3bd69fbdee6,6,technology,True,0.0,True,False,True
74b2e228-071a-4bdc-bf2d-14f3b1047a17,4,technology,False,0.0,False,False,False
d31c1c26-96b0-4251-8d9e-3d068ce8f030,7,technology,False,0.0,True,False,True
2737e6cd-3198-4f6a-bbf4-58fde16d0f03,14,technology,False,0.0,True,False,False
10a4c8ac-45a0-4312-8d59-bbcb8632df47,4,technology,False,0.0,True,False,True
af7e42c5-52d1-47e5-bed0-0721c6b8d708,14,technology,False,0.0,True,False,True
8c4cd19b-fccd-4154-855f-b2cc9f943c78,4,todayilearned,False,0.0,False,False,False
73c85305-b854-43a4-998b-05680d21855d,7,todayilearned,False,0.0,True,False,False
59bb9785-f92e-4854-90a3-68ca2a31dc6f,2,todayilearned,False,0.0,True,False,True
3fdd52e1-626c-44d5-a1b6-cb091398830e,6,todayilearned,False,0.0,True,False,True
3437e66e-a077-4b5b-9ed1-71995be36b0d,4,todayilearned,True,0.14285714285714285,True,True,True
7bcb25b7-918e-43b2-93cb-5a39b77e8163,7,todayilearned,False,0.0,True,True,True
74d0b511-ed57-4c0b-a40c-cbaec94200c1,4,todayilearned,False,0.0,True,True,True
44856277-9b4d-41fc-bc3c-623b03acd991,0,todayilearned,False,0.0,True,False,False
a674fc35-9241-4f5f-9d9f-7639c5b09816,6,todayilearned,True,0.5333333333333333,True,False,False
405bfbba-b830-4588-a620-4649c2680d7b,4,todayilearned,False,0.0,True,True,False
7721384e-faeb-4069-bbce-4b1b035f600f,4,todayilearned,False,0.0,False,False,True
b7c3bdcb-1fe5-47a5-99e1-59a5c9b71820,0,todayilearned,False,0.0,False,True,True
e05f6b90-9990-4f84-9db7-4b92c6106473,14,todayilearned,False,0.0,True,False,False
41eba54d-4f2c-4904-8b2f-1da302aac7ae,4,todayilearned,False,0.0,False,True,False
7933d2ff-ecef-46b3-af0f-6e02b6e3e5c7,4,todayilearned,False,0.0,False,False,False
84de4daa-2c77-41c1-873e-e77a7cc08d5e,4,todayilearned,False,0.0,False,True,False
b93e4f08-cd61-4b17-950c-a27b848fe43d,4,todayilearned,True,0.75,False,True,True
1d9b7070-7374-439e-9c0c-a885814aaf16,10,todayilearned,True,0.0,True,False,True
62d036d2-a976-4448-abbd-3b28fbf6daed,4,todayilearned,False,0.0,True,False,True
817a02d4-2020-4ce2-ad4a-7e9d0aa69ed6,14,todayilearned,False,0.0,True,True,True
e9011460-66d6-4152-a0e4-da711f67c913,6,todayilearned,True,0.6666666666666666,True,True,True
8b59fa98-5a41-4d6b-a721-55f13827fe1f,4,todayilearned,True,0.75,True,False,True
6093b987-9e7d-4ca1-b66b-0f175f4cc9f6,14,todayilearned,True,0.25,True,True,True
830e7c34-408e-466a-b28c-5421760b37f1,10,todayilearned,True,0.0,True,True,True
86218db2-a9d3-4a28-8d9d-49f95b21560a,4,todayilearned,True,0.0,True,False,False
3936fede-e5ee-4e98-929d-eb44f0850944,0,todayilearned,False,0.0,True,True,True
34972cf3-dd5f-4dbf-9457-28ace86c052b,6,todayilearned,False,0.0,False,False,False
b4a37593-f888-452a-a059-2eeb082be598,14,todayilearned,False,0.0,True,False,True
3e656b34-86ae-4197-963a-43c969ee094e,6,todayilearned,False,0.0,True,True,False
fbf4b09e-3baf-4a83-a5ca-800d88db52bb,7,todayilearned,False,0.0,True,False,True
951ff080-2398-4ed2-ab77-c043097f6695,4,todayilearned,False,0.0,True,False,False
9e92fa30-6aae-471e-b86a-baca7dc1fa4d,4,todayilearned,True,0.5714285714285714,True,True,True
a8829fdf-7fd6-4a58-8948-787c4f97037e,4,todayilearned,False,0.0,False,False,False
fca684e8-1e4d-47dd-9f32-5469361b98d7,10,todayilearned,True,0.0,False,False,False
cf48582f-82f9-4762-b3a0-75d1fc20341b,4,todayilearned,True,1.0,True,True,True
be2dbbef-eec9-45ba-920d-f56ed84c59df,7,todayilearned,True,0.0,True,True,True
5d6e741d-2cc1-47f8-a756-fab04f76565e,14,todayilearned,False,0.0,True,False,False
1bd9f771-115b-49fb-abbd-41ceb1494c34,7,todayilearned,False,0.0,True,True,True
a356eca9-0b78-42f2-bbdf-b91678f4fa14,4,todayilearned,False,0.0,True,False,False
9c58b171-e33b-4619-950c-6e9133b042cf,4,todayilearned,False,0.0,False,False,True
7cf6ecaf-a7ce-4679-b6e7-a675b6a26233,6,todayilearned,False,0.0,True,True,True
5d1e94f2-2949-42be-9388-7a7ae55b5739,4,todayilearned,False,0.0,False,False,False
4c165189-379f-48ef-a4d7-059f79c13b7c,4,todayilearned,True,1.0,True,True,True
b4ca0881-7c42-4603-907e-d8b9ed89096e,0,todayilearned,False,0.0,True,True,False
f788f9a1-78f9-4acd-899c-21882e220792,4,todayilearned,False,0.0,True,False,False
573b57ea-3883-4537-a096-b3237dbe40cb,4,todayilearned,False,0.0,True,False,False
6da63b49-9fad-4efa-9331-ac3502f45c1f,0,todayilearned,False,0.0,True,True,True
8a8a31ff-a5a6-4446-9403-5d249c42a97e,4,todayilearned,False,0.0,True,True,True
44642aba-9ce3-4fc9-b421-cb563d65ae26,4,todayilearned,False,0.0,False,False,False
fac53ac6-aca7-4bab-8b8a-e494c27e9ead,4,todayilearned,False,0.0,True,True,True
7ccfa658-6aaf-4dc2-9988-ea4aa74db210,4,todayilearned,False,0.0,True,True,True
e9edbe6d-cfb9-45f6-9769-7daf666af727,10,todayilearned,False,0.0,False,False,True
98d922d5-3798-417a-88d1-da30d39a3c80,6,todayilearned,True,0.88,True,True,False
d5e77735-a6b8-4aa6-a4d4-d8a67b92f4d2,0,todayilearned,False,0.0,False,False,False
bce71651-ab33-49fb-ac20-e08f5be3b6ef,4,todayilearned,False,0.0,True,False,True
7dd01197-be24-4b0b-97ab-37a9bb66df8d,7,todayilearned,True,0.0,False,False,False
b0ee3ad6-01cf-47a2-bab9-dc6aafb9a833,10,todayilearned,True,0.0,False,False,True
e5fb463a-cb77-49b5-8ed9-791477fa0eed,4,todayilearned,False,0.0,True,True,True
7ada747f-7a5b-4323-a847-f9f7a9658b31,14,todayilearned,False,0.0,True,True,True
bbc4d7df-d295-4e21-9119-0e6818a694c7,0,todayilearned,False,0.0,True,False,False
ea2a1bbc-0ffe-4abc-bc12-c7c1ee424d13,4,todayilearned,True,0.0,True,False,False
3e2433a4-733c-468a-ba72-5dec772c3196,4,todayilearned,False,0.0,True,True,False
17a5bc43-37ea-4834-9f22-1f2fb0d90640,0,todayilearned,False,0.0,True,True,False
06624196-eff2-44d3-bf6c-ea12a6652b9d,0,todayilearned,False,0.0,True,True,True
1512b0ab-c6c1-4a55-9061-9d7a22f21571,4,todayilearned,False,0.0,False,True,True
70978e82-d3c3-4ba1-9235-0cafb20af30a,4,todayilearned,True,0.0,False,True,True
41d6afbf-f662-4ee0-830a-12a2b1f19810,4,todayilearned,False,0.0,True,True,False
51a8a953-9694-469b-8e1c-0751a0da7a74,4,todayilearned,False,0.0,True,False,True
8abe2c64-002a-40a0-9be8-458672581fb2,7,todayilearned,False,0.0,True,True,True
24c86822-5aaf-4c9e-a8c5-1206c87edc8d,6,todayilearned,False,0.0,True,False,True
a8d22d0d-ffba-4ec5-b05c-74ea7f5ba381,6,todayilearned,True,1.0,True,True,True
3b2e0d10-8bcc-4a3b-995d-e149e0994979,14,todayilearned,False,0.0,True,False,False
9a32b423-e686-4d15-ad11-cbd4de146181,14,todayilearned,False,0.0,True,False,False
4a055616-8556-4b74-a340-dd7f0cb87b56,10,todayilearned,True,0.0,False,False,True
dcc50eff-65d8-409d-8047-0bc703be766d,4,todayilearned,False,0.0,True,False,False
9b907189-c6c5-43b0-89b9-50a4e213e732,4,todayilearned,True,1.0,True,True,True
49318cf4-4fe9-4313-a972-9b2bd9015caa,4,todayilearned,False,0.0,True,False,True
e708eb12-9789-43fa-aab0-0d69e40138d5,4,todayilearned,False,0.0,True,False,True
e88b8d16-758d-453c-af0e-265069d53d23,4,todayilearned,False,0.0,True,False,True
7770cfa6-f4bb-4982-878f-604355e2095e,14,todayilearned,True,1.0,True,True,True
f9f721a8-6352-4c33-b61b-2877435d95f5,0,todayilearned,False,0.0,True,True,True
5b7036bc-7b90-4eb8-b8a3-71f7081b45b2,4,todayilearned,False,0.0,True,False,True
33a8c0a4-ef76-47ad-9201-8c3e2d808406,0,todayilearned,False,0.0,True,True,True
2f52f6cb-7e53-43eb-8881-767180958078,4,todayilearned,False,0.0,True,True,True
45229ae0-10fc-4d4f-a1e4-779e602c4265,4,todayilearned,False,0.0,False,False,False
d7ac0e0c-24d0-46bd-be45-9b3b529acde3,4,todayilearned,False,0.0,False,False,True
2884a390-29be-4c7b-a0ce-71cd6197f900,4,todayilearned,False,0.0,False,False,False
349ded1d-a2af-41c5-a8b4-2166f3c8d435,4,todayilearned,False,0.0,True,False,True
094fabf4-4772-454d-b23a-64fe3dcd62bf,4,todayilearned,False,0.0,True,False,True
1993078d-126c-43d3-a132-372e73efcc51,6,todayilearned,False,0.0,True,False,False
8bf2ee7b-7a2a-428a-b34b-42c0fb7e50bf,4,todayilearned,False,0.0,False,False,False
5531e137-5dd1-4c03-8ae7-6527b3f97a84,10,todayilearned,True,0.0,True,False,False
01329275-febc-4407-b64d-2c12df5a1e7a,14,todayilearned,False,0.0,False,False,True
7341658a-87ee-4f24-a786-87466233293d,4,todayilearned,False,0.0,True,False,False
f19175d3-1284-48f6-bd64-e8a610c019af,4,todayilearned,False,0.0,True,False,False
2dc0d102-a392-4fb4-86f0-8a4215b4d42a,4,todayilearned,False,0.0,False,False,False
f3d7b0ad-0486-4f6e-adc7-72f4f067b711,10,todayilearned,False,0.0,True,False,False
f5376a71-0dee-4eb5-94cc-ca8c546550a7,4,todayilearned,False,0.0,True,False,True
20014468-f419-462b-a87b-cc1a93725f12,4,todayilearned,False,0.0,True,False,True
7989e9a4-bfc8-42de-bd01-9caf87d97660,0,todayilearned,False,0.0,True,True,True
6b0052cf-a51e-4ffe-8614-328ccb0704ac,4,todayilearned,False,0.0,True,False,False
e4760122-215a-4a96-b95d-693efc592e1a,0,todayilearned,False,0.0,True,False,True
947aa3f5-2beb-4e29-86b3-7d2a01150477,4,todayilearned,False,0.0,True,False,True
c472a3a5-42ff-43be-94b7-b08d40d7ee64,10,todayilearned,True,0.0,True,True,True
4805aadd-5d1c-4906-a337-cdc5426a714c,4,todayilearned,False,0.0,True,False,False
d502ce36-f8b9-497f-8388-2a56133e6478,0,todayilearned,False,0.0,True,False,True
01c4e995-f3f9-4d63-a175-c3897083a5e5,4,todayilearned,True,0.0,False,False,False
3e8a3ba1-e0a9-4872-b39b-2849e88e3307,4,todayilearned,False,0.0,False,False,True
2c11da86-f4d1-49d7-953c-59fe72f11298,1,todayilearned,False,0.0,True,False,True
87b67b07-9d96-4d93-bb31-b6ef4a3ce97c,4,todayilearned,False,0.0,True,False,False
0a44005a-5b5d-4c03-8af7-b3511c9ef001,4,todayilearned,False,0.0,False,True,True
996c5784-2ce2-4a6f-ace6-2c79670f129a,14,todayilearned,False,0.0,True,False,True
912781ba-8ac8-43db-b296-53e5c4a79455,0,todayilearned,False,0.0,True,False,True
de2a608e-12a5-49d8-a076-edca2478e6b1,4,todayilearned,False,0.0,True,True,True
5ea119df-28fa-49fb-88f6-a24f500d81c0,6,todayilearned,False,0.0,False,False,True
7dd137e6-9cd3-491f-9d8f-c7043908c678,4,todayilearned,False,0.0,True,True,True
a81fd4b9-83a6-4e52-97b3-4e29991b1fcc,14,todayilearned,False,0.0,False,True,True
b8ed1143-e228-4eea-9d36-0e89e1cfe28a,14,todayilearned,False,0.0,True,True,False
68c3e0d6-996f-4ee6-8a1f-c5676d072e6e,4,todayilearned,False,0.0,False,True,True
b6654248-6566-42dc-8eda-439c68b18b9b,4,todayilearned,False,0.0,True,True,False
440ea27d-f4ff-459a-acfc-55040f28bfa5,6,todayilearned,False,0.0,True,False,False
ffb4a058-092a-4e14-9859-755e26f8dc34,4,todayilearned,False,0.0,True,False,False
862381e0-c2b3-4d85-abd5-b8e6d409e8ae,6,todayilearned,False,0.0,True,False,False
02e01401-a348-4212-ba37-7bc47ff62e98,14,todayilearned,False,0.0,True,True,False
4cd550d6-e6b7-4be9-b015-ce8ae9362536,4,todayilearned,True,0.8,True,True,True
31785da4-4289-449e-b676-b2f0c8479531,4,todayilearned,False,0.0,True,True,True
0de0a4d7-474a-4847-8c11-45718b0420bf,4,todayilearned,False,0.0,False,False,False
85741e20-39d0-4f58-a34a-2e9195c2ea3f,10,todayilearned,True,0.0,True,True,True
0d6d4b1e-d3af-4c9b-a193-295838d69e0a,4,todayilearned,False,0.0,True,True,True
c6317348-1bfe-4ee6-989c-32324e03b1da,4,todayilearned,False,0.0,False,False,False
938dc810-3b1d-4225-b79d-1b91d9cdf8c4,4,todayilearned,False,0.0,True,True,True
a21a31df-c099-4135-93e3-be35ac7b0560,10,todayilearned,False,0.0,False,False,True
cc93e4de-b255-425c-8655-06b2889b4eb5,7,todayilearned,False,0.0,True,False,True
0862577f-b24b-419d-9209-ca3e0a58550c,4,todayilearned,False,0.0,True,True,True
035b1ca4-e057-44a8-8aa6-ddc1baddea3e,4,todayilearned,False,0.0,True,False,False
2cd6981f-0a8f-4542-a52a-ac5e1f5d864a,4,todayilearned,False,0.0,False,False,True
092f7c06-639c-4b12-b2f8-6519af3ee398,14,todayilearned,False,0.0,False,False,False
60ef6585-4e60-4ff7-8797-85c92eaf14a6,4,todayilearned,True,0.3333333333333333,True,False,True
9a33e69a-e85f-4fe6-914a-26300224abc4,10,todayilearned,True,0.0,False,False,False
00d61730-1dd9-4385-a29d-83922118f07c,0,todayilearned,True,0.4444444444444444,True,True,True
9444f099-f729-4bf5-a42d-043f7beeb33a,0,todayilearned,False,0.0,True,False,True
801a55b2-0ff3-4f1f-93ed-510ce324d73e,1,todayilearned,False,0.0,True,False,True
56af0369-aaaa-46f9-9bc4-68b3722afb3d,4,todayilearned,False,0.0,True,False,False
cb622d84-74d9-4748-a8d1-015f7ed80f99,10,todayilearned,True,0.0,True,False,False
2b14f240-6640-4182-9a29-6fa1e6b2de3e,4,todayilearned,False,0.0,False,False,False
11630785-8a05-420e-9276-c3d8ed713447,3,todayilearned,False,0.0,True,True,True
29444973-88ac-4b7b-9340-d93adc99d34f,10,todayilearned,True,0.0,True,False,False
0a343407-68bd-4422-9d5f-75623054439b,4,todayilearned,False,0.0,True,True,True
95b391bb-8826-4e83-8a27-b1a30c4872e7,10,todayilearned,True,0.0,True,True,True
df205ed1-c0d2-4a0c-bbb4-de0307d1591e,0,todayilearned,True,0.0,False,True,True
0d246272-c107-4069-b594-5941ae1a7b9f,14,todayilearned,False,0.0,True,False,False
61f7643f-7194-4b44-af9b-d55183e93302,4,todayilearned,False,0.0,True,True,False
dac5fc6c-7fed-452f-969a-2b88aa690501,4,todayilearned,False,0.0,True,False,False
ee230314-50e2-46bb-8683-4451e4d9c899,4,todayilearned,False,0.0,True,False,False
83da487a-6775-4289-8c9d-8033496ad184,14,todayilearned,False,0.0,True,False,False
2fec2ff7-714e-454c-ba96-5618807b4613,4,todayilearned,False,0.0,True,False,True
291a811c-520d-49d4-beb8-f962fc2093f2,4,todayilearned,False,0.0,True,False,False
a84dcea7-9f0e-4cdb-8ba9-48c4e6f8749f,7,todayilearned,False,0.0,True,False,True
48fa3192-4477-4b74-9a21-ccc00601b197,4,todayilearned,False,0.0,True,True,True
f58e84dc-8e9c-4480-bdd2-3699d9f97bb3,4,todayilearned,False,0.0,True,False,True
fe1e5026-50c5-48ec-a02f-5bac92fd16c1,4,todayilearned,False,0.0,False,False,True
f4042483-d80c-437a-a5b2-927803e14083,4,todayilearned,True,0.2857142857142857,True,False,False
41042806-5a8d-41c0-917d-b921c52ed873,10,todayilearned,True,0.0,False,False,False
a12f2fc5-3974-46ee-91bf-6914a937f3c9,14,todayilearned,False,0.0,True,False,False
d5716029-4f60-44d1-bf9b-54f115e2a986,10,todayilearned,False,0.0,False,False,False
4352c883-7f09-4092-883f-333d93bf473f,14,todayilearned,False,0.0,True,False,False
fece0032-6499-4e5b-b4a0-1dec0562f46f,0,todayilearned,False,0.0,True,False,False
64d1e7e8-7d15-4413-b2a1-873d5d465c20,4,todayilearned,False,0.0,True,False,False
a2d35aa4-719c-4859-9602-95090b3b0bfd,0,todayilearned,False,0.0,True,False,True
bcd846e6-552a-4d05-8501-b11ce76465a1,0,todayilearned,True,0.0,True,True,True
dbcd656d-2d1d-4d4c-9291-81a674ed0b22,0,todayilearned,True,0.5,True,False,True
0deb3872-424a-401d-8e32-83865772791b,4,todayilearned,True,0.9090909090909091,True,True,True
fe27dbb6-0c36-4b27-8e85-91e6ab639d42,7,todayilearned,False,0.0,True,True,True
40dee9bf-54f7-415a-95d4-6366b5142062,4,todayilearned,True,0.8235294117647058,False,False,False
c512f0eb-268f-4c5e-ad41-15eeb24b51fe,4,todayilearned,False,0.0,True,True,True
9acc35d8-ba72-4e99-ab08-21ef17837432,4,todayilearned,False,0.0,True,False,False
e2247eb8-4c44-47b1-b394-b85ff18317d0,14,todayilearned,False,0.0,True,False,False
b2fed064-11cb-4fdd-bce7-19fc2d0c2135,10,todayilearned,True,0.0,True,False,False
b5f5833c-cdef-45a9-8b96-473c9d8cb118,4,todayilearned,False,0.0,True,True,False
a81366d5-c2a7-4b94-81bc-ecb3545e0baa,0,todayilearned,False,0.0,True,True,True
eb088360-11fb-45cc-909e-30950499e4e6,4,todayilearned,False,0.0,True,False,False
d774c02d-fbce-4297-b350-2faf5aa3228e,4,todayilearned,False,0.0,False,False,False
34b72ce1-c746-4776-9081-efd658b25d8b,0,todayilearned,False,0.0,True,False,False
2e2121fa-3f21-4f0c-a9ff-fc8e315e5dee,4,todayilearned,False,0.0,True,False,True
30bae8ef-29bf-4b77-b793-fdf66addcc49,4,todayilearned,True,0.0,True,False,True
6836cf43-bed3-403d-ac20-134c7ca37cc8,4,todayilearned,False,0.0,True,False,True
7abb26c8-c28c-4f7d-b5f3-396127a903bf,4,todayilearned,False,0.0,True,True,False
11df81e2-d3de-42d1-a4a7-08751a382fb0,2,todayilearned,False,0.0,False,False,False
2fc2a703-af80-4ae5-a285-d34461d11286,7,todayilearned,False,0.0,True,True,True
539d2eda-9fe4-4980-bd1c-34451b97700c,4,todayilearned,False,0.0,True,False,True
9f6e7b28-bbcc-4fc1-9dea-f0dbb0705f30,11,todayilearned,False,0.0,False,False,False
08dc4ed8-f17d-4045-824f-fc6f1d0293f6,7,todayilearned,True,0.0,True,False,False
fbf73b8a-9ab2-4b4e-9794-a199af916c7c,4,todayilearned,False,0.0,True,False,True
6820f77e-e28f-4f89-83a4-4969951ad56b,4,todayilearned,False,0.0,True,True,True
7a7f8299-5113-4be5-b5c9-0122a94244b0,6,todayilearned,True,0.0,True,False,True
63b86e81-8957-4096-bbff-23c5192fb508,4,todayilearned,False,0.0,True,True,True
c0c7d896-de1c-4afe-8667-36f1631d81a3,4,todayilearned,False,0.0,False,False,False
f0325501-7ab5-4f64-b4b2-10a57328de38,4,todayilearned,True,0.9333333333333333,True,True,True
38163928-ddf8-4445-b0d8-555423fa6ae5,4,todayilearned,False,0.0,True,True,True
307d932b-b0db-4b7c-9680-af1e17fc6d2b,0,todayilearned,False,0.0,True,True,True
e6fc3b3b-1790-44a1-a483-fde6d23160ff,14,todayilearned,False,0.0,True,False,False
a924e13b-05e9-43b8-b7d1-7ec6db469102,4,todayilearned,True,1.0,True,True,True
baee42b3-d667-4eaf-b3da-b99ae42b6430,4,todayilearned,False,0.0,True,False,False
71e2d76a-34c1-4682-a2a2-8c317be13e90,10,todayilearned,True,0.0,True,True,True
62ad6f2e-6575-4df2-9abd-946f67d6385a,7,todayilearned,False,0.0,True,True,True
4db2f199-0ae8-4664-aa9c-164133292f65,4,todayilearned,False,0.0,True,True,True
a074bf01-bc93-461f-ab22-341fa5306430,14,todayilearned,False,0.0,True,False,False
a465f478-1283-438c-a76f-3d81d556a228,14,todayilearned,False,0.0,True,True,True
dd3b6e3d-53ec-48d3-b0be-8bd21b5d4fdd,0,todayilearned,False,0.0,True,False,False
c730d228-ae1c-4a9a-8446-8705e510f4fb,14,todayilearned,False,0.0,False,False,False
50ed2c3e-3af8-4102-9eac-d36a8c653c49,0,todayilearned,False,0.0,True,True,False
dc34eed6-bd70-496c-bd55-aedf6de64c5c,4,todayilearned,False,0.0,True,True,False
3cc0a5cf-9f9e-480e-97bb-85fb0e18775d,4,todayilearned,False,0.0,False,False,False
6696c812-b7ef-4121-ab7f-9b82bac5e00d,0,todayilearned,False,0.0,True,True,True
560c2a6d-cd58-4409-8344-f707603d89c2,0,todayilearned,False,0.0,True,True,True
e4b6e753-59cc-43ce-93a5-149510bdd6f1,7,todayilearned,False,0.0,True,False,False
44cded82-a9c2-4cdf-a023-77963ffb75f1,6,todayilearned,False,0.0,True,True,True
bcff9441-3bd4-4911-b5a0-15e2cbd558ad,4,todayilearned,False,0.0,True,True,True
71f70bb5-7706-40e3-99b0-297081d1380b,0,todayilearned,False,0.0,True,False,False
151c4bbe-7b66-4ed6-83c6-86c9b4b9c6a0,10,todayilearned,True,0.0,False,True,True
03008a03-6b5a-4736-9f4d-76742948ff1b,4,todayilearned,False,0.0,True,False,False
97c918c4-e8f2-4949-9473-f381b12b610f,4,todayilearned,False,0.0,True,False,True
b7d77a4f-21e6-4968-aec6-839250539403,7,todayilearned,True,0.0,True,True,False
31a1a0e8-39a5-4baf-81b7-66a24e23ac0b,14,todayilearned,False,0.0,False,False,True
f4dcbf3c-a948-4e5b-89bf-b6a4e1f52cf8,4,todayilearned,False,0.0,True,True,False
d161cb70-773a-4e9f-988b-1f12758f545a,14,todayilearned,True,0.4,True,True,True
25cdc843-1401-42c2-8dff-a41a8a538f6a,4,todayilearned,True,0.6666666666666666,True,False,True
a2c6e400-f943-48ef-a566-12e06bf60e98,4,todayilearned,False,0.0,False,False,False
02261fb1-ed7a-41d9-b8e5-6f58d9b3cb52,7,todayilearned,False,0.0,True,True,True
5fc3edf2-baa5-4cce-afc3-dc02a028e3e9,0,todayilearned,False,0.0,False,False,False
89654fae-d2d4-42fd-bf8e-7fc78d44bd19,4,todayilearned,False,0.0,True,True,True
3fa1ec78-068a-4e4a-b473-879f267ca682,10,todayilearned,True,0.0,True,True,True
ded7315f-dfa6-48ba-bf6c-e7d29cfc090a,4,todayilearned,False,0.0,True,False,False
93cd49fb-ded1-41c7-b215-b8249038380c,14,todayilearned,False,0.0,True,False,False
b149b4d8-9b67-4dc9-905d-33ab755055eb,4,todayilearned,False,0.0,True,False,False
fd17ff5c-5f6d-4373-9b9d-69da3a2e4a60,14,todayilearned,False,0.0,True,False,False
51f33e94-047a-4c03-8251-4f3b744d005f,4,todayilearned,True,0.3333333333333333,True,False,True
c89dd0f9-2dac-4f4e-806c-7625983e0684,0,todayilearned,False,0.0,False,True,True
bbff76e4-7b96-45e9-85c1-60b8af129ab0,14,todayilearned,False,0.0,True,False,True
2335e30f-514c-4b29-be6c-d679a0f123be,4,todayilearned,True,0.3333333333333333,True,True,False
f813d79b-3f59-452a-a1be-25fef4d17949,0,todayilearned,True,0.0,True,True,True
bdd8d5d1-12c1-46fb-9693-627872a54731,14,todayilearned,False,0.0,True,False,False
72f07b6d-37b6-4201-b0f1-897bd6538e7f,14,todayilearned,False,0.0,True,True,True
c30b4a75-eba8-4451-91a5-d37c50f09740,14,todayilearned,False,0.0,False,True,True
4cce2c2b-7b8c-4e52-87d2-1c7d4930056a,4,todayilearned,False,0.0,True,False,True
22626945-85ea-47a4-ba37-ccc8c45a7ef8,7,todayilearned,False,0.0,True,True,True
71004719-7ba4-464d-9e6c-46abd5e7ee4f,4,todayilearned,False,0.0,True,False,False
84bd4d5d-ecce-4508-8f89-6da17e72ef20,0,todayilearned,False,0.0,True,False,False
030836fc-66aa-4306-817b-31df00353207,0,todayilearned,False,0.0,True,False,True
2ba0433d-0d8a-40ba-ae1d-7531de5addd9,4,todayilearned,False,0.0,False,True,False
51d69524-3804-4bc1-b152-de407434d70f,4,todayilearned,False,0.0,True,False,False
46505b2b-68ea-44af-ae08-42b1b5302473,0,todayilearned,True,0.4444444444444444,True,True,True
086d13b7-ba02-45eb-bfae-d889bba5671c,14,todayilearned,False,0.0,False,False,False
cef00c1a-f8d4-4274-8ba8-96d507d1fe9a,4,todayilearned,False,0.0,True,False,False
759f9d5e-7eba-4236-85dc-5b1458759322,10,todayilearned,True,0.0,True,True,True
0371449c-caa6-445e-a03a-87d2198f0b8c,0,todayilearned,False,0.0,True,True,True
43cce008-7847-421c-890c-808cc38f164f,4,todayilearned,False,0.0,True,False,True
43f712b3-10b7-4535-9e90-b8692899ae4f,4,todayilearned,False,0.0,False,False,False
c02afc03-7b28-4eb6-9b1c-16c15e34f2a1,4,todayilearned,True,0.5,False,True,True
98f98f2c-a60d-4260-9188-91b46944fc07,4,todayilearned,False,0.0,False,False,False
a521c9b3-03bf-47f5-8f50-885a25515093,6,todayilearned,False,0.0,True,False,False
d33ec298-5cba-4b44-bacf-490ec96d50f7,0,todayilearned,False,0.0,True,True,True
149082c8-cc71-4eef-a7d7-e8706c50facf,0,todayilearned,False,0.0,True,True,False
47349379-89dd-463e-bcb6-6dd4d84bdd1c,14,todayilearned,True,0.4,False,False,True
de85dac3-a1e2-4c3a-b208-69e72eff7731,0,todayilearned,True,1.0,True,False,False
a8514d62-a635-4478-831a-9241f481aea2,4,todayilearned,False,0.0,True,False,True
ff34b70f-9226-4fbf-bb52-8afccb40a6e3,7,todayilearned,True,0.2857142857142857,True,True,True
868377b4-c85d-4756-9bb5-b937032de093,4,todayilearned,False,0.0,True,False,False
b6c0ea0f-c059-45e1-b7b5-1d42b0d01ad6,7,todayilearned,False,0.0,True,True,True
626938d0-0581-4fc7-b644-b9aa1bf9180d,4,todayilearned,False,0.0,True,False,False
1175e216-1161-44d7-91d7-03017d3a6575,14,todayilearned,False,0.0,True,False,False
6f86e367-5b7e-468f-8de0-f381803f3644,4,todayilearned,False,0.0,False,False,True
340d960f-d587-472a-9436-654e5c8beb9f,0,todayilearned,False,0.0,False,False,True
0eec58bb-19d0-4ad6-9ca3-6947c74fb231,4,todayilearned,False,0.0,True,False,False
38ade3d2-5bed-4cba-8e94-17e71f967e29,4,todayilearned,False,0.0,True,False,False
2bba342f-2e88-404e-a38a-942a9d65c4c2,14,todayilearned,True,0.0,True,True,True
3b6088e2-7cbd-44a1-b542-90383fcf564c,4,todayilearned,True,0.10526315789473684,True,False,True
d86810aa-7124-48b9-8cba-8e95e1daa779,6,todayilearned,False,0.0,True,True,True
84a721d4-66c9-4091-908d-cb962d253a52,0,todayilearned,False,0.0,False,False,True
aa625dfc-d55c-477c-ba79-f719cca2b6d6,4,todayilearned,False,0.0,True,True,False
c91f5ede-c913-4eda-b310-b84dbd5bbaf7,0,todayilearned,False,0.0,True,False,True
93eedd67-c1f0-4334-badd-16dd40a0210e,4,todayilearned,False,0.0,True,True,True
338278b7-0986-42c1-ad87-f999bf286dc6,6,todayilearned,False,0.0,True,True,True
6e9b2760-a06e-4088-99a7-01d5c79976cb,4,todayilearned,False,0.0,True,True,True
401142ee-4dea-45a0-b4d0-5187bad6d1da,4,todayilearned,False,0.0,True,False,False
55d67985-e0d6-4ff2-8211-ccd7ae1672c9,10,todayilearned,False,0.0,False,False,False
c2f1d71d-9011-43e0-87f9-4586a6c8a791,6,todayilearned,False,0.0,True,False,False
6290072b-5bfa-4874-abd4-1b0473937505,14,todayilearned,False,0.0,True,False,False
34fee02d-35b7-402a-854e-666f308ccf45,4,todayilearned,False,0.0,True,True,False
e0330b6f-9435-49a3-9f84-b0654ce6f455,4,todayilearned,False,0.0,True,True,False
53aaa064-9d14-4811-8891-48f6958518af,10,todayilearned,True,0.0,True,False,True
c2ecec1b-07dd-4267-bf5c-07bf1a838fe7,4,todayilearned,False,0.0,True,False,False
0f883577-50da-4e11-8fa8-7ba98511a710,6,todayilearned,False,0.0,True,True,False
bae48ac9-d5e8-4623-99f0-a0bdf03f9595,0,todayilearned,False,0.0,True,False,True
811cdca9-e71f-4328-9e0c-5832b5070db9,6,todayilearned,False,0.0,True,False,False
bf52cbfd-3ba7-413c-ae1a-8d304dc3c813,4,todayilearned,False,0.0,False,False,False
506e79e1-e16a-4669-8fb0-0378560d85cf,4,todayilearned,False,0.0,True,True,True
f3b17bfc-8786-42a2-a068-8be00a226da9,4,todayilearned,False,0.0,True,True,True
d3451743-479e-45da-894e-8e7f304cb1bc,4,todayilearned,False,0.0,True,False,False
27bcd35f-6d47-4a53-bf27-2e22a3ed27dc,4,todayilearned,False,0.0,True,False,False
